hotel,is_canceled,lead_time,arrival_date_year,arrival_date_month,arrival_date_week_number,arrival_date_day_of_month,stays_in_weekend_nights,stays_in_week_nights,total_stay_nights,adults,children,babies,total_guests,meal,country,market_segment,distribution_channel,is_repeated_guest,previous_cancellations,previous_bookings_not_canceled,reserved_room_type,assigned_room_type,booking_changes,deposit_type,agent,company,days_in_waiting_list,customer_type,adr,required_car_parking_spaces,total_of_special_requests,reservation_status,reservation_status_date
City Hotel,0,69,2017,February,13,17,1,3,4,2,0,0,2,HB,NLD,Online TA,TA/TO,0,0,0,A,A,0,No Deposit,37,22,0,Transient,65.69,0,1,Check-Out,2016-06-15
City Hotel,0,137,2015,February,27,11,1,6,7,2,0,0,2,HB,NLD,Online TA,TA/TO,0,0,0,A,A,0,Non Refund,457,0,0,Transient,102.94,0,3,Check-Out,2016-06-15
City Hotel,1,82,2016,July,38,14,2,1,3,2,2,0,4,BB,BEL,Online TA,TA/TO,1,0,0,A,A,0,No Deposit,424,0,0,Transient,46.21,0,0,Canceled,2016-06-15
City Hotel,0,8,2016,December,33,9,2,2,4,2,0,0,2,BB,PRT,Online TA,TA/TO,0,0,0,D,D,0,No Deposit,321,0,10,Transient-Party,113.89,0,0,Check-Out,2016-06-15
Resort Hotel,0,20,2016,July,6,10,0,2,2,2,0,0,2,BB,FRA,Online TA,TA/TO,0,0,0,G,G,0,Refundable,483,0,0,Transient,115.13,0,0,Check-Out,2016-06-15
Resort Hotel,1,24,2017,January,13,4,1,1,2,1,0,0,1,HB,NLD,Groups,TA/TO,0,0,0,D,D,1,Non Refund,271,0,0,Transient,144.95,0,1,Canceled,2016-06-15
Resort Hotel,0,29,2017,April,13,2,2,3,5,2,2,0,4,BB,FRA,Online TA,Corporate,0,0,0,A,A,2,No Deposit,483,0,0,Transient,126.25,0,0,Check-Out,2016-06-15
City Hotel,1,83,2015,April,13,25,0,3,3,4,1,0,5,HB,NLD,Offline TA/TO,TA/TO,0,0,0,A,A,1,No Deposit,90,0,0,Transient-Party,80.44,0,0,Canceled,2016-06-15
City Hotel,0,70,2017,May,20,6,0,1,1,1,0,0,1,BB,NLD,Direct,TA/TO,0,0,0,B,B,0,No Deposit,307,22,0,Transient,179.67,0,0,Check-Out,2016-06-15
City Hotel,0,22,2016,January,36,27,0,3,3,1,0,0,1,BB,PRT,Online TA,TA/TO,0,0,0,A,A,0,No Deposit,371,22,0,Transient,95.75,0,0,Check-Out,2016-06-15
Resort Hotel,1,6,2016,October,37,26,1,2,3,2,0,0,2,BB,PRT,Corporate,TA/TO,0,0,0,A,A,0,No Deposit,364,0,0,Transient-Party,12.35,0,0,Canceled,2016-06-15
City Hotel,1,18,2015,July,45,3,2,1,3,2,0,0,2,BB,NLD,Online TA,TA/TO,0,0,0,D,D,0,No Deposit,3,0,0,Transient,89.59,0,0,Canceled,2016-06-15
City Hotel,0,415,2015,August,9,13,0,4,4,2,0,0,2,SC,PRT,Online TA,TA/TO,0,0,0,D,D,0,No Deposit,304,0,0,Transient,116.68,0,0,Check-Out,2016-06-15
Resort Hotel,0,63,2016,February,17,12,1,1,2,2,0,1,3,BB,GBR,Offline TA/TO,TA/TO,0,0,0,B,D,1,No Deposit,28,0,0,Transient,116.71,0,0,Check-Out,2016-06-15
Resort Hotel,0,202,2016,January,35,18,2,2,4,2,0,0,2,SC,PRT,Online TA,TA/TO,0,0,0,C,C,1,No Deposit,63,0,0,Transient,144.73,0,0,Check-Out,2016-06-15
Resort Hotel,0,188,2017,July,52,6,0,2,2,2,0,0,2,HB,PRT,Online TA,TA/TO,0,0,0,A,A,0,Non Refund,306,22,0,Transient,66.69,0,1,Check-Out,2016-06-15
Resort Hotel,0,71,2017,October,18,10,0,3,3,4,0,0,4,BB,PRT,Groups,TA/TO,0,0,0,A,E,0,No Deposit,79,0,0,Transient,127.95,0,1,Check-Out,2016-06-15
City Hotel,0,122,2017,July,25,6,2,1,3,2,0,0,2,BB,ESP,Online TA,TA/TO,0,1,0,A,A,0,No Deposit,371,0,0,Transient,91.05,0,1,Check-Out,2016-06-15
City Hotel,0,21,2016,October,15,28,2,5,7,2,0,0,2,HB,NLD,Direct,TA/TO,1,0,1,A,A,0,No Deposit,5,22,0,Transient,22.85,1,1,Check-Out,2016-06-15
Resort Hotel,0,116,2016,September,23,28,0,6,6,2,0,0,2,BB,GBR,Corporate,Direct,0,0,0,A,A,0,No Deposit,122,0,0,Transient,119.59,0,1,Check-Out,2016-06-15
City Hotel,1,31,2016,February,1,25,2,2,4,2,0,0,2,BB,NLD,Online TA,TA/TO,0,0,0,A,A,0,No Deposit,119,22,0,Transient-Party,70.25,0,0,Canceled,2016-06-15
Resort Hotel,0,178,2016,March,41,5,1,2,3,2,0,0,2,HB,IRL,Groups,TA/TO,0,0,0,A,A,0,No Deposit,68,22,0,Transient,98.32,0,1,Check-Out,2016-06-15
Resort Hotel,1,8,2016,August,38,27,0,5,5,2,0,0,2,BB,NLD,Corporate,TA/TO,0,0,0,A,A,0,No Deposit,109,22,0,Transient,111.07,0,1,Canceled,2016-06-15
City Hotel,1,148,2016,June,18,15,2,7,9,1,0,0,1,BB,NLD,Corporate,TA/TO,0,0,0,A,A,1,No Deposit,218,22,0,Group,18.55,0,1,Canceled,2016-06-15
City Hotel,1,10,2016,April,1,15,1,3,4,2,0,0,2,BB,PRT,Offline TA/TO,TA/TO,0,0,0,D,D,0,No Deposit,385,22,0,Transient,141.76,0,0,Canceled,2016-06-15
City Hotel,0,213,2016,June,39,12,2,2,4,1,0,0,1,BB,PRT,Online TA,TA/TO,0,0,0,D,D,0,No Deposit,343,22,0,Transient,76.92,0,0,Check-Out,2016-06-15
Resort Hotel,1,36,2015,June,10,9,0,1,1,2,0,0,2,BB,NLD,Online TA,TA/TO,0,0,0,A,A,0,No Deposit,449,0,0,Transient,82.53,1,0,Canceled,2016-06-15
City Hotel,0,106,2015,November,31,13,2,1,3,2,1,0,3,BB,BEL,Direct,GDS,0,0,0,A,A,0,Non Refund,314,22,0,Transient,113.69,0,0,Check-Out,2016-06-15
City Hotel,1,66,2016,February,38,16,0,1,1,2,0,0,2,BB,GBR,Online TA,TA/TO,0,0,0,A,A,0,No Deposit,455,0,0,Transient,0.0,1,1,Canceled,2016-06-15
Resort Hotel,0,45,2015,April,7,21,0,1,1,3,0,0,3,BB,ESP,Offline TA/TO,TA/TO,0,0,0,A,A,0,No Deposit,434,22,0,Transient-Party,137.14,0,0,Check-Out,2016-06-15
City Hotel,0,103,2017,July,38,2,0,6,6,2,0,0,2,SC,NLD,Online TA,TA/TO,0,0,0,A,A,1,No Deposit,267,0,0,Transient,98.73,0,0,Check-Out,2016-06-15
Resort Hotel,1,294,2015,August,8,17,0,3,3,2,0,0,2,BB,PRT,Online TA,Corporate,0,0,0,B,B,0,No Deposit,307,0,0,Transient-Party,159.47,0,1,Canceled,2016-06-15
Resort Hotel,1,4,2017,August,34,9,2,1,3,1,0,0,1,HB,PRT,Online TA,TA/TO,0,0,0,A,C,0,No Deposit,23,0,0,Transient-Party,90.16,0,0,Canceled,2016-06-15
City Hotel,1,251,2016,November,9,26,0,2,2,2,0,0,2,BB,PRT,Online TA,TA/TO,0,0,0,A,A,0,No Deposit,386,0,0,Transient,32.99,0,0,Canceled,2016-06-15
City Hotel,0,93,2015,September,25,23,1,1,2,2,1,0,3,HB,PRT,Online TA,TA/TO,0,0,0,A,E,0,No Deposit,469,22,0,Contract,55.05,0,0,Check-Out,2016-06-15
City Hotel,0,164,2017,July,27,19,2,3,5,2,1,0,3,HB,PRT,Direct,TA/TO,0,0,0,A,F,0,No Deposit,332,0,0,Transient,98.21,0,0,Check-Out,2016-06-15
Resort Hotel,1,48,2016,April,41,28,1,2,3,2,1,0,3,BB,FRA,Offline TA/TO,Direct,0,0,0,A,A,0,No Deposit,48,22,0,Transient,63.86,0,0,Canceled,2016-06-15
Resort Hotel,0,63,2016,June,7,6,0,1,1,2,0,0,2,BB,PRT,Offline TA/TO,TA/TO,1,0,0,A,A,1,No Deposit,98,22,0,Transient,39.0,0,0,Check-Out,2016-06-15
City Hotel,1,203,2017,August,32,26,2,1,3,1,0,0,1,SC,PRT,Offline TA/TO,TA/TO,0,0,0,D,D,0,No Deposit,49,0,0,Transient,107.24,0,1,Canceled,2016-06-15
City Hotel,1,53,2015,October,9,4,1,3,4,2,0,0,2,BB,FRA,Offline TA/TO,Direct,0,0,0,A,A,0,No Deposit,363,22,0,Transient,83.25,1,0,Canceled,2016-06-15
Resort Hotel,1,76,2016,November,17,25,0,2,2,2,0,0,2,BB,ESP,Online TA,TA/TO,0,0,0,A,B,0,Non Refund,267,22,0,Transient,79.96,0,2,Canceled,2016-06-15
City Hotel,1,2,2017,July,35,15,0,2,2,2,0,0,2,BB,GBR,Direct,TA/TO,0,0,0,A,A,0,No Deposit,71,0,0,Contract,62.46,0,1,Canceled,2016-06-15
Resort Hotel,0,17,2017,July,48,18,1,4,5,3,0,0,3,BB,PRT,Offline TA/TO,Direct,0,0,0,A,A,2,No Deposit,424,0,0,Transient,121.57,0,0,Check-Out,2016-06-15
City Hotel,1,102,2016,January,16,27,1,3,4,1,0,0,1,Undefined,GBR,Groups,TA/TO,0,0,0,D,D,0,No Deposit,353,0,0,Transient,75.8,0,1,Canceled,2016-06-15
Resort Hotel,1,126,2015,February,2,12,1,2,3,2,0,0,2,BB,FRA,Direct,TA/TO,0,0,0,F,B,0,No Deposit,413,0,0,Transient-Party,53.55,0,1,Canceled,2016-06-15
City Hotel,1,87,2017,March,43,12,0,6,6,2,0,0,2,BB,GBR,Online TA,TA/TO,0,0,0,D,D,1,Non Refund,410,22,0,Transient,110.3,0,2,Canceled,2016-06-15
Resort Hotel,0,15,2016,January,31,20,1,1,2,2,0,0,2,BB,PRT,Offline TA/TO,TA/TO,0,0,0,D,D,0,No Deposit,167,0,0,Transient,80.64,0,0,Check-Out,2016-06-15
City Hotel,0,58,2015,June,16,17,0,2,2,1,0,0,1,BB,FRA,Offline TA/TO,TA/TO,0,0,0,D,D,1,No Deposit,493,0,0,Transient,78.3,0,2,Check-Out,2016-06-15
City Hotel,0,43,2016,May,47,7,0,5,5,2,0,0,2,HB,BEL,Offline TA/TO,TA/TO,0,0,0,A,A,1,No Deposit,245,0,0,Transient,100.69,0,1,Check-Out,2016-06-15
Resort Hotel,1,68,2017,August,33,20,2,5,7,1,0,0,1,BB,NLD,Direct,Direct,0,1,0,D,D,0,No Deposit,482,22,0,Transient,122.18,0,0,Canceled,2016-06-15
City Hotel,0,204,2015,July,21,5,0,1,1,2,0,0,2,SC,GBR,Direct,TA/TO,0,0,0,A,A,1,No Deposit,389,0,5,Transient,71.61,0,0,Check-Out,2016-06-15
City Hotel,1,149,2017,July,17,12,0,5,5,2,0,0,2,BB,NLD,Online TA,TA/TO,0,0,0,D,D,0,Non Refund,104,0,5,Transient,102.55,0,0,Canceled,2016-06-15
City Hotel,0,8,2016,June,35,17,2,1,3,2,0,0,2,BB,NLD,Online TA,TA/TO,0,0,0,A,A,1,No Deposit,433,22,0,Transient-Party,116.92,0,1,Check-Out,2016-06-15
City Hotel,0,221,2016,April,51,2,0,4,4,2,0,0,2,BB,PRT,Online TA,Direct,0,0,0,A,A,0,No Deposit,22,22,0,Transient,144.32,0,0,Check-Out,2016-06-15
City Hotel,0,63,2017,November,52,28,1,2,3,2,0,0,2,BB,FRA,Offline TA/TO,TA/TO,0,2,0,A,B,0,No Deposit,111,0,0,Contract,101.13,0,0,Check-Out,2016-06-15
City Hotel,1,136,2017,February,7,4,2,1,3,2,0,0,2,BB,PRT,Online TA,TA/TO,0,0,0,A,A,0,No Deposit,474,22,0,Transient,73.94,0,0,Canceled,2016-06-15
Resort Hotel,0,15,2016,November,29,2,0,2,2,2,0,0,2,BB,ESP,Online TA,TA/TO,0,0,0,A,A,0,No Deposit,471,0,0,Transient,78.02,0,1,Check-Out,2016-06-15
Resort Hotel,1,111,2015,May,11,14,2,5,7,3,0,0,3,BB,PRT,Offline TA/TO,TA/TO,0,0,0,A,A,1,No Deposit,323,0,0,Transient,170.1,0,1,Canceled,2016-06-15
Resort Hotel,0,26,2017,July,30,14,2,4,6,1,0,0,1,BB,PRT,Offline TA/TO,TA/TO,0,0,0,A,A,1,No Deposit,194,22,0,Transient-Party,126.09,0,0,Check-Out,2016-06-15
Resort Hotel,0,57,2016,February,18,13,1,6,7,2,0,0,2,BB,NLD,Online TA,Corporate,0,0,0,C,C,0,No Deposit,310,0,0,Transient,106.11,0,0,Check-Out,2016-06-15
City Hotel,1,1,2016,February,46,17,0,2,2,2,0,0,2,HB,FRA,Online TA,TA/TO,0,0,0,B,B,1,No Deposit,91,22,0,Transient,100.08,0,1,Canceled,2016-06-15
Resort Hotel,0,16,2016,June,16,26,3,2,5,2,0,0,2,SC,NLD,Offline TA/TO,TA/TO,0,0,0,A,A,0,No Deposit,484,0,0,Transient-Party,61.69,0,0,Check-Out,2016-06-15
City Hotel,0,9,2017,September,6,17,1,1,2,2,0,0,2,BB,PRT,Online TA,TA/TO,0,0,0,A,A,3,No Deposit,384,0,0,Transient,101.0,1,0,Check-Out,2016-06-15
City Hotel,0,27,2017,April,2,22,1,1,2,2,0,0,2,BB,PRT,Offline TA/TO,TA/TO,0,0,0,G,G,0,No Deposit,154,22,0,Transient,95.33,0,2,Check-Out,2016-06-15
Resort Hotel,0,10,2017,July,43,18,2,2,4,2,0,0,2,BB,PRT,Offline TA/TO,TA/TO,0,0,0,D,D,0,No Deposit,75,22,0,Transient,79.34,0,3,Check-Out,2016-06-15
City Hotel,0,117,2016,April,43,3,1,4,5,2,0,0,2,HB,FRA,Online TA,Direct,0,0,0,A,F,0,No Deposit,485,0,0,Transient,77.69,0,0,Check-Out,2016-06-15
Resort Hotel,0,2,2016,May,10,21,1,4,5,1,0,0,1,BB,NLD,Online TA,TA/TO,0,0,0,A,A,0,No Deposit,276,22,0,Transient,128.06,0,0,Check-Out,2016-06-15
City Hotel,0,96,2016,October,4,16,2,2,4,2,0,0,2,HB,DEU,Groups,TA/TO,0,0,0,A,A,0,No Deposit,498,0,0,Transient-Party,74.64,0,0,Check-Out,2016-06-15
Resort Hotel,0,15,2016,October,49,19,0,3,3,2,0,0,2,BB,PRT,Groups,TA/TO,0,0,0,A,A,1,No Deposit,355,22,0,Transient,18.36,0,1,Check-Out,2016-06-15
City Hotel,0,290,2016,July,10,6,2,4,6,2,0,0,2,BB,GBR,Direct,Direct,0,0,0,A,A,0,No Deposit,207,0,0,Transient,107.45,0,0,Check-Out,2016-06-15
City Hotel,0,270,2016,April,9,23,0,2,2,2,0,0,2,BB,BEL,Online TA,TA/TO,0,0,0,A,A,0,No Deposit,229,0,0,Transient,80.74,0,0,Check-Out,2016-06-15
Resort Hotel,1,25,2015,March,45,26,2,3,5,2,0,0,2,BB,PRT,Online TA,TA/TO,0,0,0,E,E,0,No Deposit,3,0,0,Transient-Party,114.48,0,2,Canceled,2016-06-15
Resort Hotel,0,95,2016,November,43,6,1,2,3,1,0,0,1,BB,FRA,Online TA,TA/TO,0,0,0,A,E,0,No Deposit,239,22,0,Transient-Party,76.61,0,2,Check-Out,2016-06-15
City Hotel,0,2,2016,March,42,18,0,7,7,1,0,0,1,BB,IRL,Online TA,TA/TO,0,0,0,A,A,0,No Deposit,354,22,0,Transient,74.92,0,2,Check-Out,2016-06-15
City Hotel,1,268,2017,September,24,9,0,1,1,1,0,1,2,BB,NLD,Online TA,TA/TO,1,2,0,E,E,0,No Deposit,393,0,0,Transient,103.55,0,0,Canceled,2016-06-15
City Hotel,0,74,2016,May,5,18,1,2,3,2,0,0,2,BB,PRT,Online TA,Direct,0,0,0,A,A,1,No Deposit,423,0,0,Transient,113.48,0,0,Check-Out,2016-06-15
City Hotel,1,4,2015,December,35,6,2,2,4,2,0,0,2,BB,BRA,Direct,Direct,0,0,0,B,B,0,No Deposit,176,0,0,Transient-Party,118.99,0,1,Canceled,2016-06-15
Resort Hotel,0,41,2016,May,4,9,1,4,5,2,0,0,2,BB,BRA,Online TA,TA/TO,0,0,0,A,A,0,No Deposit,248,0,0,Transient,85.4,0,0,Check-Out,2016-06-15
City Hotel,0,7,2017,May,35,25,2,2,4,1,0,0,1,BB,ESP,Offline TA/TO,TA/TO,0,0,0,A,G,0,Refundable,200,0,0,Transient,95.17,0,2,Check-Out,2016-06-15
Resort Hotel,1,49,2016,August,42,18,0,2,2,1,0,0,1,HB,NLD,Online TA,Corporate,0,0,0,A,A,1,No Deposit,281,22,0,Transient,172.37,0,0,Canceled,2016-06-15
City Hotel,0,110,2016,December,13,25,2,3,5,1,0,0,1,BB,ESP,Online TA,TA/TO,0,0,0,A,A,0,No Deposit,282,22,0,Transient,97.82,0,1,Check-Out,2016-06-15
City Hotel,0,63,2016,December,37,16,0,2,2,2,0,0,2,HB,DEU,Online TA,TA/TO,0,0,0,E,E,1,No Deposit,437,0,0,Transient,149.75,0,0,Check-Out,2016-06-15
Resort Hotel,0,48,2016,August,32,24,0,2,2,2,0,0,2,BB,NLD,Direct,TA/TO,0,0,0,F,F,0,No Deposit,236,0,0,Transient,82.77,0,0,Check-Out,2016-06-15
Resort Hotel,0,12,2017,September,45,23,0,1,1,2,0,0,2,BB,FRA,Online TA,TA/TO,0,0,0,G,G,1,No Deposit,51,22,0,Contract,123.27,0,1,Check-Out,2016-06-15
Resort Hotel,0,28,2015,July,1,13,2,1,3,1,0,0,1,BB,FRA,Groups,TA/TO,0,0,1,D,D,1,No Deposit,40,22,0,Transient,149.52,0,0,Check-Out,2016-06-15
Resort Hotel,0,10,2016,September,11,11,1,6,7,2,0,0,2,BB,ESP,Online TA,TA/TO,0,0,0,A,A,0,No Deposit,479,22,0,Transient-Party,150.93,0,1,Check-Out,2016-06-15
City Hotel,1,164,2016,October,26,8,0,3,3,2,0,0,2,BB,NLD,Online TA,TA/TO,0,0,0,A,A,0,No Deposit,237,0,0,Transient,36.83,0,0,Canceled,2016-06-15
City Hotel,0,14,2015,June,3,26,1,4,5,2,0,0,2,HB,PRT,Online TA,TA/TO,0,0,0,A,A,0,No Deposit,443,22,0,Transient,164.92,0,0,Check-Out,2016-06-15
City Hotel,0,90,2016,July,49,24,1,2,3,2,0,0,2,SC,NLD,Online TA,Direct,0,0,0,A,A,0,No Deposit,113,22,0,Transient,85.24,0,1,Check-Out,2016-06-15
City Hotel,0,41,2016,July,51,17,2,2,4,3,0,0,3,SC,PRT,Online TA,TA/TO,0,0,0,D,D,0,Refundable,388,22,0,Transient-Party,84.49,0,0,Check-Out,2016-06-15
Resort Hotel,0,25,2017,July,13,9,1,2,3,2,0,0,2,BB,PRT,Online TA,Corporate,0,0,0,A,A,1,No Deposit,306,0,0,Transient-Party,85.93,0,0,Check-Out,2016-06-15
City Hotel,0,102,2017,October,32,6,1,1,2,1,1,0,2,BB,NLD,Online TA,TA/TO,0,0,0,A,A,0,No Deposit,114,0,0,Transient,175.7,0,1,Check-Out,2016-06-15
City Hotel,1,61,2017,May,48,1,3,4,7,1,0,0,1,BB,PRT,Online TA,Direct,1,0,0,F,F,0,No Deposit,193,22,0,Transient,94.28,0,1,Canceled,2016-06-15
City Hotel,0,51,2016,March,50,1,3,3,6,2,0,0,2,SC,PRT,Online TA,TA/TO,0,0,1,D,D,1,No Deposit,218,0,0,Transient,96.75,0,0,Check-Out,2016-06-15
City Hotel,0,89,2016,June,23,13,0,2,2,2,0,0,2,BB,IRL,Online TA,TA/TO,0,0,0,D,D,0,No Deposit,336,22,0,Transient-Party,104.11,0,1,Check-Out,2016-06-15
City Hotel,0,67,2016,March,52,7,2,5,7,1,0,0,1,BB,ESP,Online TA,TA/TO,0,0,0,A,A,0,Refundable,244,22,0,Transient,107.39,0,0,Check-Out,2016-06-15
City Hotel,1,36,2016,June,23,10,0,2,2,2,1,0,3,HB,NLD,Online TA,TA/TO,1,0,0,A,A,0,No Deposit,320,22,0,Transient,122.9,0,1,Canceled,2016-06-15
City Hotel,0,81,2016,October,51,18,1,6,7,2,0,0,2,BB,NLD,Online TA,TA/TO,0,0,0,A,A,0,No Deposit,143,22,0,Transient,75.73,0,0,Check-Out,2016-06-15
Resort Hotel,0,110,2017,July,30,6,1,1,2,1,0,0,1,HB,PRT,Direct,TA/TO,0,1,0,A,A,0,No Deposit,388,22,0,Transient,113.03,1,0,Check-Out,2016-06-15
Resort Hotel,0,2,2015,October,6,13,0,7,7,1,0,0,1,BB,PRT,Offline TA/TO,TA/TO,0,0,0,A,A,1,No Deposit,287,0,0,Transient,60.28,0,0,Check-Out,2016-06-15
Resort Hotel,1,62,2017,March,7,5,4,4,8,1,0,0,1,HB,PRT,Direct,TA/TO,1,0,0,A,A,0,No Deposit,98,0,0,Transient,68.77,0,3,Canceled,2016-06-15
City Hotel,0,5,2015,October,47,21,0,2,2,1,0,0,1,BB,FRA,Online TA,TA/TO,0,0,0,A,A,0,No Deposit,429,22,0,Contract,107.5,0,0,Check-Out,2016-06-15
Resort Hotel,1,20,2016,July,30,26,1,3,4,2,0,0,2,BB,GBR,Online TA,TA/TO,0,0,0,A,A,0,No Deposit,34,22,0,Transient-Party,125.59,0,1,Canceled,2016-06-15
City Hotel,0,82,2016,January,37,15,2,5,7,2,0,0,2,BB,PRT,Groups,TA/TO,0,0,0,A,A,0,No Deposit,188,0,0,Transient,169.79,0,0,Check-Out,2016-06-15
City Hotel,0,201,2016,August,48,12,0,2,2,2,1,0,3,BB,GBR,Online TA,Direct,0,0,0,E,E,0,No Deposit,265,0,0,Transient,65.79,0,0,Check-Out,2016-06-15
Resort Hotel,0,214,2015,November,32,22,0,1,1,2,0,0,2,BB,PRT,Online TA,TA/TO,0,1,0,A,A,1,No Deposit,150,0,0,Transient,139.83,0,3,Check-Out,2016-06-15
City Hotel,0,7,2017,February,6,11,0,5,5,2,0,0,2,BB,NLD,Online TA,TA/TO,0,0,3,A,A,0,No Deposit,442,0,0,Transient,59.56,1,0,Check-Out,2016-06-15
City Hotel,0,54,2017,July,35,8,2,2,4,2,1,0,3,SC,NLD,Online TA,TA/TO,0,0,0,A,A,0,No Deposit,13,0,0,Transient,63.02,0,0,Check-Out,2016-06-15
Resort Hotel,0,87,2016,November,32,5,2,2,4,2,0,0,2,BB,PRT,Groups,TA/TO,0,0,0,A,A,0,Non Refund,282,0,0,Transient,100.01,0,0,Check-Out,2016-06-15
Resort Hotel,0,15,2016,January,12,8,0,1,1,2,0,0,2,BB,DEU,Online TA,TA/TO,0,0,0,A,A,0,No Deposit,123,22,0,Transient,141.23,0,0,Check-Out,2016-06-15
Resort Hotel,0,145,2017,August,4,5,0,1,1,2,0,0,2,SC,PRT,Offline TA/TO,TA/TO,0,0,0,A,A,0,No Deposit,151,22,0,Transient,105.87,0,0,Check-Out,2016-06-15
Resort Hotel,0,136,2017,June,32,10,1,4,5,2,0,0,2,HB,GBR,Online TA,Direct,0,0,0,D,D,0,No Deposit,407,0,0,Transient,113.77,0,0,Check-Out,2016-06-15
City Hotel,1,233,2016,May,35,15,1,2,3,2,0,0,2,BB,ESP,Online TA,TA/TO,0,0,0,D,D,0,No Deposit,240,22,0,Transient,131.66,0,0,Canceled,2016-06-15
City Hotel,1,0,2017,August,48,6,1,7,8,1,0,0,1,SC,PRT,Groups,TA/TO,0,0,0,A,A,0,No Deposit,48,22,0,Transient,109.53,1,0,Canceled,2016-06-15
City Hotel,0,24,2016,January,16,24,1,3,4,1,0,0,1,BB,GBR,Direct,Direct,0,0,0,D,D,0,No Deposit,166,22,30,Transient,144.51,0,0,Check-Out,2016-06-15
City Hotel,1,175,2016,September,51,18,0,6,6,2,0,0,2,BB,NLD,Online TA,TA/TO,0,0,0,A,A,2,No Deposit,346,22,0,Transient,113.68,0,0,Canceled,2016-06-15
City Hotel,0,111,2016,January,15,23,1,2,3,2,0,0,2,FB,PRT,Online TA,TA/TO,0,0,0,A,A,0,No Deposit,468,22,0,Transient,191.0,0,1,Check-Out,2016-06-15
Resort Hotel,0,224,2016,May,41,3,0,1,1,2,0,0,2,Undefined,DEU,Online TA,TA/TO,0,0,0,D,D,0,No Deposit,326,0,0,Transient,100.76,0,1,Check-Out,2016-06-15
City Hotel,1,5,2015,July,52,9,0,2,2,1,0,0,1,BB,NLD,Online TA,TA/TO,0,0,0,G,G,2,No Deposit,154,0,0,Transient-Party,121.61,0,1,Canceled,2016-06-15
City Hotel,0,90,2016,May,2,10,0,2,2,2,0,0,2,BB,NLD,Online TA,TA/TO,0,0,0,B,B,0,No Deposit,10,22,0,Transient,89.17,0,1,Check-Out,2016-06-15
City Hotel,0,84,2016,May,6,7,1,3,4,2,0,0,2,BB,NLD,Offline TA/TO,Direct,0,0,0,A,A,0,No Deposit,89,0,0,Transient,61.95,0,3,Check-Out,2016-06-15
City Hotel,1,3,2017,October,14,19,0,3,3,2,0,0,2,SC,PRT,Corporate,GDS,0,0,0,A,A,3,No Deposit,411,22,0,Transient,31.41,0,0,Canceled,2016-06-15
Resort Hotel,1,72,2017,November,41,24,1,2,3,2,0,0,2,HB,NLD,Online TA,TA/TO,0,2,0,A,A,0,No Deposit,137,22,0,Transient,17.62,0,0,Canceled,2016-06-15
Resort Hotel,0,94,2016,October,29,26,1,1,2,2,0,0,2,BB,BEL,Direct,TA/TO,0,0,0,A,A,0,No Deposit,168,0,0,Transient-Party,96.03,0,0,Check-Out,2016-06-15
Resort Hotel,0,21,2016,July,42,2,2,1,3,2,0,0,2,SC,NLD,Direct,TA/TO,0,0,0,A,A,0,No Deposit,468,22,0,Transient,167.25,0,0,Check-Out,2016-06-15
City Hotel,1,31,2015,October,26,26,1,1,2,1,0,0,1,BB,NLD,Online TA,TA/TO,0,0,0,A,A,0,No Deposit,175,22,0,Transient,134.58,0,0,Canceled,2016-06-15
City Hotel,0,102,2016,November,18,28,0,3,3,2,0,0,2,BB,GBR,Groups,TA/TO,0,0,0,A,A,1,Non Refund,157,22,0,Transient,115.11,0,0,Check-Out,2016-06-15
City Hotel,0,63,2015,June,47,8,3,1,4,2,0,0,2,BB,ESP,Online TA,TA/TO,0,0,0,A,A,0,No Deposit,337,0,0,Transient,88.66,0,0,Check-Out,2016-06-15
Resort Hotel,0,195,2016,April,4,7,0,5,5,2,0,0,2,BB,BEL,Online TA,TA/TO,0,0,0,A,A,0,No Deposit,383,22,0,Transient,144.62,0,0,Check-Out,2016-06-15
City Hotel,1,41,2016,February,37,28,0,3,3,2,0,0,2,FB,NLD,Online TA,TA/TO,0,0,0,A,A,0,No Deposit,472,0,0,Transient,130.08,0,0,Canceled,2016-06-15
City Hotel,0,31,2016,June,38,5,2,5,7,1,0,0,1,BB,NLD,Online TA,Direct,0,0,0,E,E,0,No Deposit,464,22,0,Group,48.63,0,1,Check-Out,2016-06-15
Resort Hotel,0,419,2015,November,25,4,1,2,3,2,1,0,3,BB,NLD,Offline TA/TO,TA/TO,0,2,0,A,A,1,No Deposit,102,0,0,Transient,133.52,0,0,Check-Out,2016-06-15
Resort Hotel,0,242,2017,July,47,11,1,7,8,2,0,0,2,BB,PRT,Direct,TA/TO,0,0,0,D,D,0,No Deposit,408,0,0,Transient,79.83,0,2,Check-Out,2016-06-15
City Hotel,0,2,2016,August,52,26,0,3,3,2,0,0,2,HB,ITA,Corporate,Direct,0,0,0,A,A,1,No Deposit,351,0,0,Transient,106.67,0,0,Check-Out,2016-06-15
City Hotel,1,147,2015,February,29,28,0,2,2,1,0,0,1,BB,PRT,Offline TA/TO,TA/TO,0,0,0,D,D,1,No Deposit,28,0,0,Transient,62.96,0,3,Canceled,2016-06-15
Resort Hotel,0,11,2015,March,34,10,0,1,1,1,0,0,1,BB,NLD,Online TA,TA/TO,0,0,0,B,B,0,No Deposit,339,0,0,Contract,170.93,0,0,Check-Out,2016-06-15
City Hotel,1,2,2016,June,16,1,1,5,6,2,0,0,2,BB,PRT,Online TA,TA/TO,0,0,0,G,G,0,No Deposit,178,0,0,Transient-Party,63.44,0,0,Canceled,2016-06-15
City Hotel,0,31,2015,November,37,4,0,2,2,2,0,0,2,BB,NLD,Corporate,TA/TO,0,0,0,A,A,1,No Deposit,161,0,0,Transient,136.04,0,1,Check-Out,2016-06-15
City Hotel,1,31,2017,May,30,22,0,1,1,2,0,0,2,BB,NLD,Groups,TA/TO,0,0,0,A,A,1,No Deposit,194,0,0,Transient,145.21,0,1,Canceled,2016-06-15
City Hotel,1,171,2016,October,23,6,0,2,2,2,0,0,2,BB,PRT,Offline TA/TO,Direct,0,0,0,A,A,0,No Deposit,483,22,0,Transient-Party,119.24,0,0,Canceled,2016-06-15
City Hotel,0,124,2017,February,36,18,1,1,2,1,2,0,3,BB,FRA,Online TA,TA/TO,0,0,0,A,A,0,No Deposit,125,0,0,Transient,112.57,0,0,Check-Out,2016-06-15
Resort Hotel,0,399,2015,July,28,25,2,2,4,2,0,0,2,BB,PRT,Offline TA/TO,Direct,0,0,0,A,A,0,No Deposit,370,22,0,Transient,77.87,0,0,Check-Out,2016-06-15
City Hotel,0,124,2016,July,1,13,2,3,5,1,0,0,1,BB,FRA,Groups,TA/TO,0,0,0,E,E,0,No Deposit,429,0,0,Transient,95.91,0,0,Check-Out,2016-06-15
Resort Hotel,0,54,2016,October,8,13,2,2,4,2,0,0,2,BB,PRT,Offline TA/TO,TA/TO,0,0,0,A,A,0,No Deposit,227,22,0,Transient,62.06,0,1,Check-Out,2016-06-15
Resort Hotel,0,120,2016,January,42,1,0,3,3,2,0,0,2,BB,PRT,Corporate,TA/TO,0,1,0,A,G,0,Non Refund,275,22,0,Transient,120.64,0,2,Check-Out,2016-06-15
Resort Hotel,1,700,2016,March,15,4,0,2,2,2,0,0,2,BB,GBR,Online TA,TA/TO,0,0,0,A,E,0,No Deposit,269,22,0,Transient,118.33,0,1,Canceled,2016-06-15
City Hotel,1,123,2017,April,34,4,0,1,1,1,0,0,1,SC,PRT,Corporate,TA/TO,0,0,0,A,A,0,No Deposit,465,22,0,Transient,77.9,0,0,Canceled,2016-06-15
City Hotel,1,143,2016,November,19,18,1,1,2,2,0,0,2,BB,ESP,Offline TA/TO,TA/TO,0,0,0,A,A,0,No Deposit,347,0,0,Transient,110.93,0,1,Canceled,2016-06-15
Resort Hotel,1,278,2016,March,44,24,1,4,5,1,0,0,1,BB,ITA,Offline TA/TO,TA/TO,0,0,0,A,A,0,No Deposit,267,22,0,Transient-Party,105.66,1,3,Canceled,2016-06-15
Resort Hotel,0,12,2017,January,30,27,2,1,3,1,0,0,1,BB,GBR,Online TA,TA/TO,0,0,0,A,A,0,No Deposit,157,0,0,Transient,74.26,0,1,Check-Out,2016-06-15
City Hotel,0,122,2015,July,10,18,2,4,6,2,1,0,3,BB,PRT,Online TA,TA/TO,0,0,0,A,A,0,No Deposit,106,22,0,Transient,101.47,0,0,Check-Out,2016-06-15
Resort Hotel,0,190,2015,July,44,18,0,1,1,2,2,0,4,HB,PRT,Groups,TA/TO,0,0,0,A,A,0,No Deposit,56,22,0,Transient,182.76,0,0,Check-Out,2016-06-15
Resort Hotel,0,308,2016,October,27,15,2,3,5,2,0,0,2,BB,PRT,Online TA,TA/TO,0,0,0,A,A,0,Non Refund,261,0,0,Transient,84.07,0,0,Check-Out,2016-06-15
City Hotel,1,23,2016,November,20,18,1,3,4,1,0,0,1,HB,IRL,Online TA,TA/TO,1,0,0,A,A,0,Non Refund,68,22,0,Transient-Party,47.29,0,1,Canceled,2016-06-15
City Hotel,1,70,2016,July,25,15,0,1,1,2,0,0,2,BB,PRT,Offline TA/TO,TA/TO,0,0,0,A,A,0,No Deposit,370,22,0,Transient,60.85,0,0,Canceled,2016-06-15
Resort Hotel,0,114,2015,November,9,17,1,3,4,1,0,0,1,BB,NLD,Online TA,TA/TO,0,0,1,A,A,0,No Deposit,130,22,0,Transient,96.29,0,0,Check-Out,2016-06-15
City Hotel,0,28,2016,August,40,5,1,2,3,2,0,0,2,BB,BRA,Online TA,Direct,0,0,0,A,A,2,No Deposit,291,0,0,Transient,119.95,0,1,Check-Out,2016-06-15
City Hotel,1,91,2016,April,34,11,2,3,5,2,2,0,4,BB,PRT,Online TA,TA/TO,0,0,0,D,B,1,No Deposit,391,22,0,Transient,67.42,0,0,Canceled,2016-06-15
Resort Hotel,1,29,2016,November,21,16,0,4,4,2,0,0,2,BB,PRT,Groups,TA/TO,0,0,0,B,B,0,No Deposit,26,22,0,Transient,112.92,0,0,Canceled,2016-06-15
City Hotel,0,40,2016,August,24,20,0,1,1,2,0,0,2,HB,DEU,Online TA,TA/TO,0,0,0,D,D,0,No Deposit,72,22,0,Transient,87.09,0,0,Check-Out,2016-06-15
City Hotel,1,58,2016,June,7,2,0,3,3,2,0,0,2,BB,NLD,Offline TA/TO,Direct,0,0,0,A,A,2,No Deposit,313,0,0,Transient-Party,95.08,0,0,Canceled,2016-06-15
City Hotel,0,75,2017,August,4,17,0,1,1,2,0,0,2,FB,ESP,Online TA,TA/TO,0,0,0,A,A,0,No Deposit,305,22,0,Contract,40.94,0,2,Check-Out,2016-06-15
City Hotel,0,59,2016,June,51,1,3,2,5,2,0,0,2,BB,PRT,Online TA,TA/TO,0,0,0,D,D,0,No Deposit,225,22,0,Transient,91.87,0,1,Check-Out,2016-06-15
City Hotel,0,67,2017,February,8,18,3,1,4,2,1,0,3,HB,NLD,Online TA,TA/TO,0,0,0,D,D,0,No Deposit,444,0,0,Transient,61.57,0,0,Check-Out,2016-06-15
Resort Hotel,1,35,2016,August,13,17,3,2,5,2,0,0,2,HB,NLD,Online TA,TA/TO,0,0,0,A,A,0,No Deposit,11,0,0,Transient-Party,107.86,0,0,Canceled,2016-06-15
City Hotel,1,17,2016,September,21,25,0,1,1,1,0,0,1,HB,PRT,Online TA,Direct,0,0,0,A,A,0,No Deposit,470,22,5,Transient,100.78,0,0,Canceled,2016-06-15
Resort Hotel,0,4,2016,August,35,18,0,3,3,2,0,0,2,BB,NLD,Offline TA/TO,TA/TO,0,0,0,D,D,0,No Deposit,462,22,0,Transient,174.93,0,0,Check-Out,2016-06-15
Resort Hotel,0,21,2017,April,5,19,4,2,6,3,0,0,3,BB,IRL,Groups,TA/TO,0,0,0,A,A,0,Non Refund,376,0,0,Transient,79.45,0,1,Check-Out,2016-06-15
Resort Hotel,0,87,2016,November,52,25,4,4,8,2,0,0,2,BB,GBR,Direct,TA/TO,0,0,0,A,A,0,No Deposit,212,22,0,Transient,135.22,0,0,Check-Out,2016-06-15
City Hotel,1,154,2017,January,8,5,0,3,3,2,1,0,3,BB,DEU,Direct,TA/TO,0,0,0,A,A,1,No Deposit,412,22,0,Transient,105.01,0,0,Canceled,2016-06-15
City Hotel,0,18,2017,May,2,13,2,3,5,2,0,0,2,BB,PRT,Online TA,TA/TO,0,0,0,A,E,0,No Deposit,9,0,0,Transient,141.87,0,1,Check-Out,2016-06-15
Resort Hotel,0,11,2015,April,24,24,0,1,1,2,0,0,2,HB,BEL,Offline TA/TO,TA/TO,0,0,1,F,F,0,No Deposit,34,0,0,Transient,173.61,0,2,Check-Out,2016-06-15
City Hotel,0,138,2015,January,42,23,2,1,3,2,0,0,2,BB,ESP,Online TA,TA/TO,0,0,0,D,D,0,No Deposit,253,0,0,Contract,95.68,0,0,Check-Out,2016-06-15
Resort Hotel,0,36,2015,June,16,6,0,6,6,1,1,0,2,BB,PRT,Online TA,Corporate,0,0,0,A,A,2,No Deposit,179,22,0,Transient-Party,87.82,0,0,Check-Out,2016-06-15
City Hotel,0,302,2016,August,4,13,2,2,4,2,1,0,3,BB,NLD,Online TA,TA/TO,0,0,0,E,F,0,No Deposit,450,0,0,Contract,104.02,0,1,Check-Out,2016-06-15
Resort Hotel,0,125,2015,October,30,18,0,2,2,2,0,0,2,HB,PRT,Online TA,TA/TO,0,0,0,A,A,0,No Deposit,407,0,0,Transient-Party,22.95,0,0,Check-Out,2016-06-15
City Hotel,1,39,2017,December,46,4,1,1,2,2,0,0,2,BB,GBR,Direct,TA/TO,0,0,0,A,A,0,No Deposit,208,22,0,Transient,105.34,0,2,Canceled,2016-06-15
City Hotel,0,34,2015,September,30,9,0,1,1,2,0,0,2,BB,PRT,Groups,TA/TO,0,0,0,A,A,0,No Deposit,375,0,0,Transient,65.1,0,3,Check-Out,2016-06-15
City Hotel,0,74,2016,June,35,23,1,6,7,2,0,0,2,FB,DEU,Offline TA/TO,TA/TO,0,0,0,G,G,0,No Deposit,271,0,0,Transient-Party,83.01,0,0,Check-Out,2016-06-15
Resort Hotel,1,8,2015,August,42,3,1,3,4,2,0,0,2,HB,BEL,Online TA,TA/TO,0,0,0,E,E,1,No Deposit,442,0,0,Transient-Party,84.88,1,0,Canceled,2016-06-15
City Hotel,0,12,2017,October,13,22,1,2,3,2,0,0,2,BB,NLD,Online TA,TA/TO,0,1,0,A,A,1,No Deposit,140,22,0,Transient,129.86,0,0,Check-Out,2016-06-15
Resort Hotel,0,19,2016,June,37,24,0,5,5,2,0,0,2,HB,PRT,Online TA,TA/TO,0,0,0,E,E,0,No Deposit,196,0,0,Transient,102.78,0,1,Check-Out,2016-06-15
City Hotel,0,149,2017,September,49,24,1,3,4,2,0,0,2,Undefined,GBR,Corporate,TA/TO,1,0,0,A,A,0,No Deposit,199,0,0,Transient,85.68,0,0,Check-Out,2016-06-15
City Hotel,1,72,2017,June,49,8,0,3,3,2,0,0,2,BB,GBR,Online TA,TA/TO,0,0,0,A,A,0,Non Refund,107,22,0,Transient,81.37,0,1,Canceled,2016-06-15
Resort Hotel,0,1,2016,May,11,13,0,2,2,1,0,0,1,BB,PRT,Online TA,Direct,0,0,0,D,D,1,No Deposit,176,0,0,Transient,85.68,0,1,Check-Out,2016-06-15
City Hotel,1,111,2016,July,19,24,1,2,3,1,0,0,1,HB,NLD,Offline TA/TO,TA/TO,0,0,0,D,D,0,No Deposit,435,0,0,Transient,155.71,0,0,Canceled,2016-06-15
City Hotel,1,55,2015,August,18,26,0,1,1,2,0,0,2,BB,PRT,Groups,Direct,0,0,0,A,A,0,Non Refund,388,22,0,Contract,82.1,0,2,Canceled,2016-06-15
City Hotel,0,71,2016,August,17,22,4,3,7,2,0,0,2,SC,PRT,Corporate,TA/TO,0,2,0,A,A,0,No Deposit,63,22,0,Transient,137.6,0,1,Check-Out,2016-06-15
City Hotel,1,24,2017,May,11,11,2,1,3,3,0,0,3,BB,PRT,Offline TA/TO,TA/TO,0,0,0,D,D,0,No Deposit,284,0,0,Transient,84.36,1,0,Canceled,2016-06-15
Resort Hotel,0,80,2015,July,15,10,2,4,6,3,0,0,3,BB,ITA,Online TA,TA/TO,0,0,0,A,A,0,Non Refund,113,0,0,Transient-Party,0.0,0,0,Check-Out,2016-06-15
Resort Hotel,0,387,2015,October,8,11,0,1,1,2,0,0,2,BB,NLD,Online TA,TA/TO,0,0,0,A,A,0,No Deposit,74,0,0,Transient,19.6,0,1,Check-Out,2016-06-15
City Hotel,1,7,2016,December,44,3,0,1,1,2,0,0,2,BB,BRA,Online TA,TA/TO,0,0,1,A,A,0,No Deposit,317,22,0,Transient,74.03,0,1,Canceled,2016-06-15
City Hotel,1,33,2016,April,29,25,3,5,8,2,0,0,2,BB,NLD,Online TA,TA/TO,0,0,0,A,A,0,Non Refund,47,0,0,Transient,135.87,0,0,Canceled,2016-06-15
City Hotel,1,27,2016,March,17,14,0,2,2,1,0,0,1,SC,PRT,Online TA,TA/TO,0,0,0,A,A,3,No Deposit,232,22,0,Transient-Party,87.11,0,1,Canceled,2016-06-15
City Hotel,0,28,2016,August,26,14,2,1,3,2,0,0,2,BB,BEL,Groups,TA/TO,0,0,0,A,A,0,No Deposit,273,22,0,Transient,66.23,0,0,Check-Out,2016-06-15
City Hotel,1,47,2017,June,5,19,0,5,5,2,0,0,2,BB,PRT,Online TA,TA/TO,0,0,0,A,A,0,No Deposit,427,22,0,Transient,92.88,0,0,Canceled,2016-06-15
City Hotel,1,170,2016,January,4,28,0,2,2,2,0,0,2,BB,FRA,Direct,TA/TO,0,0,0,A,A,1,No Deposit,307,0,0,Transient,123.23,0,3,Canceled,2016-06-15
City Hotel,0,244,2015,May,24,28,1,1,2,2,0,0,2,HB,IRL,Groups,TA/TO,0,0,0,D,D,0,Non Refund,26,22,0,Transient,68.98,0,1,Check-Out,2016-06-15
City Hotel,0,22,2017,September,11,4,2,2,4,2,0,0,2,BB,PRT,Groups,TA/TO,0,0,0,A,A,0,No Deposit,64,0,0,Transient-Party,103.52,0,0,Check-Out,2016-06-15
City Hotel,0,78,2017,September,30,26,0,3,3,2,0,0,2,BB,ITA,Online TA,TA/TO,0,0,0,A,A,0,No Deposit,90,0,0,Transient,71.72,0,1,Check-Out,2016-06-15
City Hotel,0,101,2015,June,40,1,0,2,2,2,0,0,2,BB,NLD,Online TA,TA/TO,0,0,0,D,D,0,No Deposit,360,0,0,Transient,146.08,0,0,Check-Out,2016-06-15
Resort Hotel,0,73,2016,June,48,2,2,5,7,2,0,0,2,BB,NLD,Direct,TA/TO,0,0,0,B,B,0,No Deposit,263,22,0,Transient,169.5,0,1,Check-Out,2016-06-15
Resort Hotel,0,56,2016,July,48,6,0,2,2,2,0,0,2,SC,PRT,Offline TA/TO,TA/TO,0,0,0,E,E,0,No Deposit,222,22,0,Transient,118.31,0,0,Check-Out,2016-06-15
City Hotel,1,21,2015,April,35,13,0,1,1,1,0,0,1,HB,PRT,Online TA,TA/TO,0,0,0,A,A,0,No Deposit,263,0,0,Transient,68.34,0,2,Canceled,2016-06-15
City Hotel,1,66,2017,July,44,14,0,1,1,2,0,0,2,BB,ITA,Online TA,TA/TO,0,0,0,A,A,0,No Deposit,376,0,0,Transient,79.34,0,0,Canceled,2016-06-15
Resort Hotel,0,51,2016,January,45,28,1,1,2,2,0,0,2,HB,NLD,Offline TA/TO,Corporate,0,0,0,A,A,1,Non Refund,365,22,0,Transient,95.48,0,1,Check-Out,2016-06-15
Resort Hotel,1,158,2017,June,33,1,2,2,4,2,0,0,2,BB,FRA,Online TA,TA/TO,1,0,0,A,A,0,No Deposit,344,22,0,Transient,33.15,0,1,Canceled,2016-06-15
City Hotel,0,144,2016,May,36,28,3,5,8,1,0,0,1,BB,NLD,Online TA,TA/TO,0,1,0,F,F,0,No Deposit,3,22,0,Transient,132.21,0,2,Check-Out,2016-06-15
Resort Hotel,0,14,2016,August,21,25,0,2,2,3,0,0,3,BB,ESP,Online TA,Direct,0,0,0,A,A,0,No Deposit,460,22,0,Transient,27.83,0,1,Check-Out,2016-06-15
Resort Hotel,0,9,2015,August,38,8,0,2,2,2,0,0,2,BB,PRT,Online TA,TA/TO,0,0,0,A,A,1,No Deposit,92,22,0,Transient-Party,38.12,0,0,Check-Out,2016-06-15
City Hotel,1,238,2016,May,5,18,1,4,5,2,1,0,3,BB,PRT,Groups,TA/TO,0,1,0,A,A,0,No Deposit,161,0,0,Transient,71.66,0,0,Canceled,2016-06-15
City Hotel,0,76,2015,January,5,14,0,2,2,2,0,0,2,SC,NLD,Online TA,TA/TO,1,0,0,A,C,0,No Deposit,303,0,0,Transient-Party,57.35,0,0,Check-Out,2016-06-15
City Hotel,0,195,2016,April,21,2,0,2,2,2,0,0,2,BB,PRT,Groups,TA/TO,0,0,0,A,A,1,No Deposit,140,22,0,Transient,133.99,0,1,Check-Out,2016-06-15
Resort Hotel,0,5,2016,August,25,24,1,1,2,2,0,0,2,SC,PRT,Online TA,TA/TO,0,0,0,A,A,0,No Deposit,150,0,0,Transient-Party,101.31,0,2,Check-Out,2016-06-15
City Hotel,0,74,2017,February,10,12,0,2,2,1,1,0,2,Undefined,NLD,Groups,TA/TO,0,0,0,E,E,1,No Deposit,141,22,0,Transient,104.24,0,0,Check-Out,2016-06-15
Resort Hotel,1,77,2016,February,19,27,1,1,2,3,1,0,4,HB,PRT,Direct,TA/TO,0,0,0,E,E,1,No Deposit,229,22,0,Transient,123.72,0,1,Canceled,2016-06-15
Resort Hotel,0,197,2017,August,32,24,3,1,4,2,0,0,2,BB,NLD,Online TA,Corporate,0,0,0,A,A,0,No Deposit,390,22,0,Transient,176.49,0,1,Check-Out,2016-06-15
City Hotel,1,10,2016,September,18,1,2,2,4,3,0,0,3,BB,ESP,Offline TA/TO,TA/TO,0,1,0,D,D,0,No Deposit,307,22,0,Transient,72.02,0,2,Canceled,2016-06-15
City Hotel,0,27,2017,May,34,21,0,2,2,2,0,0,2,BB,DEU,Online TA,GDS,0,0,0,A,A,0,No Deposit,44,22,0,Transient,99.16,0,2,Check-Out,2016-06-15
City Hotel,0,52,2017,June,48,15,1,1,2,2,0,0,2,BB,NLD,Direct,TA/TO,0,0,0,A,A,2,Refundable,130,22,0,Transient-Party,134.55,0,0,Check-Out,2016-06-15
City Hotel,0,200,2016,November,15,11,1,2,3,2,0,0,2,BB,NLD,Online TA,TA/TO,0,0,0,D,D,1,No Deposit,483,22,0,Contract,58.11,0,0,Check-Out,2016-06-15
City Hotel,0,279,2017,November,24,18,2,4,6,2,0,0,2,BB,PRT,Offline TA/TO,GDS,0,0,0,A,A,0,No Deposit,161,0,0,Transient,124.54,0,0,Check-Out,2016-06-15
Resort Hotel,1,492,2016,May,5,17,4,3,7,2,0,0,2,BB,NLD,Online TA,TA/TO,0,0,0,D,D,0,No Deposit,186,0,0,Transient,63.55,0,0,Canceled,2016-06-15
City Hotel,0,319,2017,September,32,3,2,2,4,2,0,0,2,BB,ITA,Online TA,Direct,0,0,0,D,D,1,No Deposit,132,22,0,Transient,107.2,0,0,Check-Out,2016-06-15
Resort Hotel,0,0,2016,July,9,15,1,2,3,1,0,0,1,SC,PRT,Online TA,TA/TO,0,0,0,A,A,0,No Deposit,431,0,0,Transient,103.46,0,0,Check-Out,2016-06-15
Resort Hotel,0,4,2016,December,5,13,0,3,3,3,0,0,3,BB,NLD,Offline TA/TO,TA/TO,0,0,0,A,A,0,Non Refund,477,22,0,Transient,91.44,0,2,Check-Out,2016-06-15
City Hotel,1,15,2016,June,5,3,3,3,6,2,0,0,2,BB,PRT,Online TA,TA/TO,0,0,0,D,D,2,No Deposit,196,22,0,Transient,65.79,0,1,Canceled,2016-06-15
City Hotel,1,42,2015,September,41,13,2,3,5,2,0,0,2,BB,NLD,Online TA,TA/TO,0,0,0,A,A,0,Non Refund,485,22,0,Transient-Party,128.43,0,0,Canceled,2016-06-15
City Hotel,0,177,2016,September,41,26,2,1,3,2,0,0,2,BB,DEU,Online TA,TA/TO,0,0,0,C,C,0,No Deposit,225,0,0,Transient,123.62,0,0,Check-Out,2016-06-15
City Hotel,1,223,2017,June,34,9,0,1,1,2,0,0,2,BB,PRT,Online TA,TA/TO,0,0,0,A,A,0,No Deposit,495,0,0,Transient,66.39,0,1,Canceled,2016-06-15
City Hotel,1,20,2017,September,7,10,1,4,5,1,0,0,1,BB,PRT,Online TA,TA/TO,0,0,0,A,A,0,No Deposit,56,22,0,Contract,142.54,0,2,Canceled,2016-06-15
City Hotel,0,96,2016,April,26,1,0,5,5,2,0,0,2,SC,FRA,Online TA,TA/TO,0,0,0,A,A,1,No Deposit,323,0,0,Transient,116.36,0,1,Check-Out,2016-06-15
City Hotel,1,249,2017,February,1,27,2,2,4,2,0,0,2,HB,GBR,Online TA,TA/TO,0,0,0,A,A,0,Non Refund,336,0,0,Transient-Party,134.24,0,3,Canceled,2016-06-15
City Hotel,0,62,2017,June,52,2,2,6,8,2,0,0,2,BB,NLD,Direct,Direct,0,0,0,A,A,2,No Deposit,438,0,0,Transient-Party,64.96,0,3,Check-Out,2016-06-15
Resort Hotel,1,10,2016,November,34,25,0,2,2,2,0,0,2,BB,NLD,Online TA,TA/TO,0,0,0,C,C,0,No Deposit,92,0,0,Transient,80.91,0,0,Canceled,2016-06-15
City Hotel,0,61,2015,July,26,14,1,5,6,2,1,0,3,BB,ESP,Online TA,TA/TO,0,0,0,A,A,0,No Deposit,74,0,0,Transient,76.08,0,0,Check-Out,2016-06-15
Resort Hotel,1,47,2015,August,32,5,0,2,2,2,0,0,2,BB,PRT,Direct,Direct,0,0,0,A,A,0,No Deposit,308,22,0,Contract,146.33,0,1,Canceled,2016-06-15
Resort Hotel,0,86,2017,August,12,25,0,3,3,2,0,0,2,BB,BEL,Online TA,TA/TO,0,0,0,A,A,0,No Deposit,116,22,0,Contract,102.57,0,2,Check-Out,2016-06-15
City Hotel,0,57,2017,March,6,22,0,3,3,1,0,0,1,HB,ESP,Online TA,TA/TO,0,0,0,A,A,0,No Deposit,17,22,0,Transient,69.83,0,0,Check-Out,2016-06-15
Resort Hotel,0,1,2016,May,20,10,0,1,1,2,0,0,2,BB,PRT,Online TA,TA/TO,0,0,0,A,F,0,No Deposit,213,0,0,Transient,79.99,0,0,Check-Out,2016-06-15
City Hotel,1,511,2016,August,19,26,0,1,1,2,0,0,2,BB,NLD,Online TA,TA/TO,0,1,0,G,G,0,No Deposit,192,0,0,Transient-Party,48.0,1,0,Canceled,2016-06-15
City Hotel,0,78,2017,December,16,19,0,2,2,2,0,0,2,BB,NLD,Groups,TA/TO,0,0,0,A,A,1,No Deposit,440,0,0,Transient,142.78,0,0,Check-Out,2016-06-15
City Hotel,0,64,2017,March,4,8,2,1,3,2,0,0,2,BB,NLD,Online TA,TA/TO,0,0,0,A,A,0,No Deposit,275,22,0,Transient,156.71,0,0,Check-Out,2016-06-15
City Hotel,1,309,2017,June,32,13,0,2,2,3,0,0,3,SC,PRT,Groups,Direct,0,0,0,A,A,0,No Deposit,211,0,0,Transient-Party,42.85,0,0,Canceled,2016-06-15
Resort Hotel,0,16,2016,February,18,9,2,2,4,2,0,0,2,HB,FRA,Online TA,TA/TO,0,0,0,A,B,0,No Deposit,221,22,0,Transient-Party,92.37,0,0,Check-Out,2016-06-15
City Hotel,0,20,2016,April,5,18,1,1,2,2,0,0,2,BB,FRA,Groups,TA/TO,0,0,0,F,F,0,No Deposit,346,0,0,Group,81.46,0,1,Check-Out,2016-06-15
City Hotel,1,165,2016,May,50,25,2,3,5,2,0,0,2,HB,NLD,Corporate,TA/TO,0,0,0,A,A,0,No Deposit,300,0,0,Transient,64.6,0,0,Canceled,2016-06-15
City Hotel,1,30,2016,July,6,4,2,1,3,2,0,0,2,BB,NLD,Offline TA/TO,Corporate,0,0,0,A,A,0,No Deposit,1,22,0,Transient,110.32,0,2,Canceled,2016-06-15
City Hotel,0,160,2017,April,14,8,0,1,1,2,0,0,2,BB,PRT,Online TA,TA/TO,0,0,0,A,A,0,Refundable,74,0,0,Transient,163.62,0,1,Check-Out,2016-06-15
City Hotel,0,31,2016,April,52,5,0,3,3,2,0,0,2,BB,NLD,Online TA,TA/TO,0,0,0,A,A,0,No Deposit,313,22,0,Contract,114.34,0,1,Check-Out,2016-06-15
Resort Hotel,0,3,2017,September,49,6,0,2,2,2,0,0,2,BB,NLD,Online TA,TA/TO,0,1,0,E,E,0,Non Refund,279,0,0,Transient,253.46,0,2,Check-Out,2016-06-15
City Hotel,1,72,2016,December,18,20,1,2,3,2,0,0,2,BB,GBR,Online TA,TA/TO,0,0,0,A,A,0,No Deposit,79,22,0,Transient,117.31,0,0,Canceled,2016-06-15
City Hotel,1,21,2017,May,10,5,0,1,1,3,0,1,4,BB,BRA,Groups,TA/TO,0,0,0,A,A,0,No Deposit,424,22,0,Transient,102.44,0,0,Canceled,2016-06-15
Resort Hotel,0,141,2016,August,23,28,1,3,4,2,0,0,2,BB,GBR,Online TA,TA/TO,1,0,0,A,A,0,No Deposit,321,22,0,Transient,74.27,0,0,Check-Out,2016-06-15
Resort Hotel,1,102,2016,April,51,1,2,1,3,1,0,0,1,BB,NLD,Groups,TA/TO,1,0,0,G,C,2,No Deposit,372,0,0,Transient,148.46,0,0,Canceled,2016-06-15
City Hotel,0,257,2016,November,18,28,1,7,8,2,0,0,2,BB,GBR,Online TA,TA/TO,0,0,0,A,A,0,No Deposit,110,22,0,Transient,94.2,0,1,Check-Out,2016-06-15
City Hotel,0,152,2015,August,4,19,0,5,5,2,1,0,3,BB,NLD,Online TA,TA/TO,0,0,0,G,G,0,No Deposit,422,22,0,Transient,123.85,1,1,Check-Out,2016-06-15
City Hotel,0,19,2017,September,52,4,0,1,1,1,0,0,1,BB,PRT,Direct,TA/TO,0,0,0,A,A,0,Refundable,148,0,0,Transient,95.59,0,1,Check-Out,2016-06-15
City Hotel,0,161,2016,January,32,1,0,5,5,1,0,0,1,BB,NLD,Online TA,TA/TO,0,0,0,B,B,0,No Deposit,371,22,0,Transient,125.26,0,0,Check-Out,2016-06-15
Resort Hotel,0,102,2016,July,47,19,1,2,3,2,0,0,2,BB,DEU,Online TA,TA/TO,0,0,0,A,A,0,No Deposit,435,0,0,Transient,33.62,0,0,Check-Out,2016-06-15
City Hotel,0,110,2017,July,6,4,0,2,2,2,0,0,2,HB,NLD,Online TA,TA/TO,0,0,0,G,G,0,No Deposit,340,22,0,Transient-Party,141.33,0,1,Check-Out,2016-06-15
City Hotel,1,178,2017,April,26,14,2,1,3,2,0,0,2,BB,GBR,Direct,TA/TO,0,0,0,A,A,0,No Deposit,151,22,0,Transient-Party,127.14,0,0,Canceled,2016-06-15
Resort Hotel,0,85,2016,April,6,14,1,1,2,2,0,0,2,SC,GBR,Online TA,TA/TO,0,0,0,D,D,3,No Deposit,351,22,0,Transient,72.02,0,1,Check-Out,2016-06-15
City Hotel,0,62,2017,July,35,9,0,5,5,1,0,0,1,BB,ESP,Direct,Direct,0,1,0,A,A,0,No Deposit,497,0,0,Transient,114.06,0,0,Check-Out,2016-06-15
City Hotel,1,101,2015,August,41,19,0,3,3,1,0,0,1,BB,GBR,Online TA,TA/TO,0,0,0,A,G,0,No Deposit,81,22,5,Transient,92.28,0,0,Canceled,2016-06-15
City Hotel,0,35,2015,January,43,11,1,2,3,2,0,0,2,BB,FRA,Corporate,TA/TO,0,0,0,A,A,0,No Deposit,219,22,0,Transient,28.84,0,0,Check-Out,2016-06-15
City Hotel,0,20,2016,July,5,16,2,1,3,2,0,0,2,BB,GBR,Offline TA/TO,TA/TO,0,0,0,A,A,0,No Deposit,102,22,0,Transient,47.56,0,1,Check-Out,2016-06-15
City Hotel,0,95,2016,March,14,19,3,5,8,2,0,0,2,HB,PRT,Online TA,TA/TO,0,0,0,A,A,1,No Deposit,302,22,0,Transient,81.71,0,1,Check-Out,2016-06-15
City Hotel,1,26,2016,March,2,4,0,2,2,1,0,0,1,SC,NLD,Online TA,TA/TO,0,0,0,E,E,0,No Deposit,261,0,0,Transient,72.89,0,0,Canceled,2016-06-15
Resort Hotel,0,8,2016,August,51,9,2,2,4,2,0,0,2,HB,PRT,Groups,TA/TO,0,0,0,A,G,0,No Deposit,420,22,0,Transient,114.15,0,2,Check-Out,2016-06-15
City Hotel,0,0,2016,May,40,25,0,2,2,2,0,0,2,BB,NLD,Direct,TA/TO,0,0,0,D,D,0,No Deposit,44,0,0,Transient,140.95,0,0,Check-Out,2016-06-15
City Hotel,0,93,2017,June,13,17,0,5,5,2,0,0,2,BB,NLD,Online TA,TA/TO,0,0,0,A,A,0,No Deposit,228,0,0,Transient,85.58,0,0,Check-Out,2016-06-15
City Hotel,0,44,2016,May,51,15,1,2,3,3,0,0,3,BB,GBR,Offline TA/TO,TA/TO,0,0,0,A,A,3,No Deposit,307,22,0,Transient,83.77,0,0,Check-Out,2016-06-15
City Hotel,1,139,2017,August,5,8,4,1,5,2,0,0,2,BB,PRT,Offline TA/TO,TA/TO,0,0,0,A,A,0,No Deposit,87,22,0,Transient,52.0,0,0,Canceled,2016-06-15
City Hotel,0,47,2017,June,47,26,0,2,2,2,0,0,2,BB,PRT,Online TA,TA/TO,0,0,0,A,F,0,Non Refund,372,22,0,Contract,103.37,0,2,Check-Out,2016-06-15
City Hotel,0,66,2016,December,36,13,0,4,4,2,0,0,2,BB,PRT,Online TA,Corporate,0,1,0,A,A,0,No Deposit,416,22,0,Transient-Party,124.2,0,1,Check-Out,2016-06-15
City Hotel,0,52,2016,May,36,1,1,2,3,3,0,0,3,BB,ESP,Online TA,TA/TO,0,0,0,A,A,0,No Deposit,114,22,0,Transient,73.27,0,0,Check-Out,2016-06-15
City Hotel,0,105,2016,September,50,2,2,3,5,2,0,0,2,BB,PRT,Online TA,TA/TO,0,0,1,A,A,1,No Deposit,150,22,30,Transient,115.3,0,0,Check-Out,2016-06-15
City Hotel,1,44,2017,April,19,10,1,2,3,1,0,0,1,HB,FRA,Offline TA/TO,TA/TO,0,0,0,A,A,0,No Deposit,91,22,0,Transient,130.36,0,2,Canceled,2016-06-15
City Hotel,0,331,2015,July,20,27,0,3,3,2,0,0,2,BB,NLD,Online TA,Corporate,0,0,0,A,A,0,No Deposit,51,0,0,Transient,24.25,0,1,Check-Out,2016-06-15
City Hotel,1,275,2016,July,22,21,3,3,6,2,2,0,4,BB,BRA,Offline TA/TO,TA/TO,0,0,0,A,A,0,No Deposit,206,22,0,Transient,129.8,0,0,Canceled,2016-06-15
City Hotel,0,188,2017,May,31,27,4,3,7,3,0,0,3,BB,PRT,Online TA,TA/TO,0,0,0,A,E,0,No Deposit,420,22,0,Transient,63.64,0,1,Check-Out,2016-06-15
City Hotel,0,252,2016,June,41,13,2,3,5,2,1,0,3,BB,NLD,Online TA,TA/TO,0,0,0,A,A,0,No Deposit,203,0,0,Transient,127.96,0,1,Check-Out,2016-06-15
Resort Hotel,1,59,2016,April,47,11,2,1,3,1,0,0,1,SC,PRT,Corporate,Direct,0,0,0,D,D,0,No Deposit,461,22,0,Transient,161.17,0,1,Canceled,2016-06-15
City Hotel,0,76,2016,January,44,14,2,5,7,2,0,0,2,BB,IRL,Groups,TA/TO,0,0,0,A,A,0,No Deposit,241,0,0,Transient,46.17,0,2,Check-Out,2016-06-15
Resort Hotel,0,135,2017,April,4,16,0,3,3,1,0,0,1,HB,PRT,Direct,TA/TO,0,0,0,D,D,1,Non Refund,487,22,0,Transient,93.96,0,0,Check-Out,2016-06-15
City Hotel,1,119,2017,August,3,28,0,2,2,2,0,0,2,BB,DEU,Online TA,TA/TO,0,0,0,A,A,0,Non Refund,74,22,0,Transient,110.87,0,1,Canceled,2016-06-15
City Hotel,0,221,2016,September,37,6,1,1,2,2,0,0,2,BB,ESP,Groups,TA/TO,0,0,0,A,A,0,No Deposit,357,0,0,Transient,143.48,0,1,Check-Out,2016-06-15
Resort Hotel,0,125,2016,April,25,2,3,4,7,2,0,0,2,HB,PRT,Online TA,TA/TO,0,0,0,A,A,0,No Deposit,394,0,0,Transient,69.14,0,2,Check-Out,2016-06-15
City Hotel,1,615,2017,June,49,26,2,2,4,3,0,0,3,BB,DEU,Offline TA/TO,Corporate,0,0,0,A,A,1,Non Refund,234,0,0,Contract,87.3,0,1,Canceled,2016-06-15
Resort Hotel,0,42,2017,January,37,5,0,1,1,2,0,0,2,BB,PRT,Online TA,TA/TO,0,0,0,A,A,2,No Deposit,388,22,0,Transient,63.86,0,0,Check-Out,2016-06-15
Resort Hotel,0,178,2017,April,4,19,0,5,5,2,0,0,2,HB,DEU,Online TA,TA/TO,0,0,0,A,A,0,No Deposit,75,0,0,Transient,121.7,0,0,Check-Out,2016-06-15
City Hotel,0,119,2016,September,39,7,2,1,3,2,0,0,2,FB,ESP,Direct,TA/TO,0,0,0,A,A,0,No Deposit,82,0,0,Transient,9.35,0,1,Check-Out,2016-06-15
City Hotel,0,117,2017,July,7,28,1,2,3,2,0,0,2,BB,NLD,Groups,Corporate,0,2,0,A,A,0,No Deposit,230,22,0,Transient,135.57,0,2,Check-Out,2016-06-15
Resort Hotel,0,39,2016,March,7,28,0,3,3,2,0,0,2,SC,PRT,Offline TA/TO,TA/TO,0,2,0,G,G,0,No Deposit,117,0,0,Contract,123.14,0,0,Check-Out,2016-06-15
City Hotel,0,153,2015,April,49,17,1,7,8,4,0,0,4,HB,PRT,Offline TA/TO,TA/TO,0,0,0,G,G,1,No Deposit,56,0,0,Transient,79.03,0,1,Check-Out,2016-06-15
City Hotel,0,230,2017,September,25,5,0,1,1,2,0,0,2,HB,NLD,Groups,Corporate,0,0,0,E,E,1,Non Refund,234,22,0,Transient,86.52,0,1,Check-Out,2016-06-15
Resort Hotel,0,24,2016,March,15,12,2,3,5,1,0,0,1,SC,FRA,Offline TA/TO,TA/TO,0,0,0,A,A,0,No Deposit,123,0,0,Transient,100.48,0,2,Check-Out,2016-06-15
City Hotel,0,98,2017,May,7,19,2,2,4,1,0,0,1,BB,NLD,Online TA,TA/TO,0,1,0,D,D,0,No Deposit,466,0,0,Transient,50.74,0,1,Check-Out,2016-06-15
Resort Hotel,1,49,2015,August,47,27,3,2,5,2,0,0,2,BB,NLD,Online TA,TA/TO,0,0,0,A,A,0,No Deposit,103,0,0,Transient,102.43,0,0,Canceled,2016-06-15
Resort Hotel,1,456,2017,July,52,18,0,6,6,2,2,0,4,BB,ESP,Online TA,Direct,0,0,0,D,D,0,No Deposit,1,22,0,Transient,102.21,0,0,Canceled,2016-06-15
City Hotel,0,65,2016,June,4,28,2,4,6,1,0,0,1,BB,PRT,Offline TA/TO,Direct,0,0,0,A,A,3,No Deposit,206,0,0,Transient-Party,69.36,0,1,Check-Out,2016-06-15
City Hotel,1,25,2016,October,34,12,1,4,5,2,0,0,2,HB,NLD,Online TA,TA/TO,0,0,0,D,D,0,No Deposit,498,0,0,Transient,154.18,0,0,Canceled,2016-06-15
City Hotel,1,48,2015,April,45,3,0,5,5,2,0,0,2,SC,NLD,Offline TA/TO,TA/TO,0,0,0,A,G,0,No Deposit,414,22,0,Transient,42.61,0,0,Canceled,2016-06-15
City Hotel,0,106,2016,September,44,26,1,3,4,2,0,0,2,BB,PRT,Offline TA/TO,TA/TO,0,0,0,A,C,1,Non Refund,225,22,0,Transient,81.41,0,1,Check-Out,2016-06-15
City Hotel,0,7,2017,March,42,4,2,2,4,2,0,0,2,BB,ITA,Groups,TA/TO,0,0,0,F,B,0,Non Refund,202,0,0,Transient-Party,172.41,0,0,Check-Out,2016-06-15
City Hotel,0,92,2016,July,19,15,1,2,3,1,0,0,1,BB,NLD,Online TA,TA/TO,0,0,0,D,D,0,No Deposit,245,22,0,Transient,53.62,0,2,Check-Out,2016-06-15
Resort Hotel,0,267,2016,October,47,15,0,3,3,1,0,0,1,BB,PRT,Offline TA/TO,TA/TO,0,0,0,A,A,0,No Deposit,106,0,0,Transient,133.41,0,0,Check-Out,2016-06-15
City Hotel,1,189,2016,June,49,11,4,3,7,2,0,0,2,BB,ESP,Direct,TA/TO,0,0,0,A,A,0,No Deposit,177,0,0,Transient-Party,87.23,0,0,Canceled,2016-06-15
Resort Hotel,0,7,2017,August,38,2,0,2,2,2,0,0,2,BB,DEU,Online TA,TA/TO,0,0,0,A,A,0,No Deposit,159,0,0,Transient,134.22,0,0,Check-Out,2016-06-15
City Hotel,0,501,2016,September,27,18,2,3,5,2,1,0,3,SC,DEU,Groups,Direct,0,0,0,A,A,1,No Deposit,49,0,0,Transient,100.34,0,1,Check-Out,2016-06-15
Resort Hotel,0,119,2016,March,5,3,2,3,5,2,0,0,2,BB,PRT,Direct,TA/TO,0,0,0,A,E,0,No Deposit,188,22,0,Transient,125.84,0,1,Check-Out,2016-06-15
Resort Hotel,1,17,2016,August,13,18,2,6,8,2,0,0,2,BB,PRT,Groups,Direct,0,0,2,F,F,0,No Deposit,269,22,0,Transient-Party,99.83,0,0,Canceled,2016-06-15
City Hotel,1,1,2017,November,46,14,1,4,5,2,0,0,2,BB,PRT,Online TA,TA/TO,0,0,0,A,A,0,No Deposit,55,22,0,Transient,103.72,0,1,Canceled,2016-06-15
City Hotel,0,18,2016,July,14,6,0,1,1,2,1,0,3,BB,GBR,Online TA,TA/TO,0,0,0,A,A,0,No Deposit,383,0,0,Transient-Party,99.35,0,0,Check-Out,2016-06-15
City Hotel,0,182,2015,March,30,2,4,2,6,2,0,0,2,BB,PRT,Online TA,Direct,0,0,0,D,D,0,No Deposit,200,22,0,Transient,107.49,1,1,Check-Out,2016-06-15
City Hotel,0,2,2017,February,47,1,0,3,3,1,0,0,1,BB,FRA,Direct,TA/TO,0,0,0,A,A,0,No Deposit,99,22,0,Transient-Party,92.6,0,1,Check-Out,2016-06-15
Resort Hotel,0,26,2016,April,48,8,1,1,2,2,0,0,2,Undefined,PRT,Corporate,TA/TO,0,0,0,A,A,0,No Deposit,161,0,0,Transient,106.45,0,2,Check-Out,2016-06-15
Resort Hotel,0,141,2015,February,10,10,0,6,6,2,0,0,2,BB,PRT,Online TA,Direct,0,0,0,F,F,1,No Deposit,472,22,0,Transient,67.41,0,1,Check-Out,2016-06-15
Resort Hotel,0,88,2017,July,32,20,0,1,1,2,0,0,2,BB,PRT,Direct,TA/TO,0,0,0,D,D,0,No Deposit,397,22,5,Transient,59.1,0,0,Check-Out,2016-06-15
City Hotel,0,152,2016,February,1,18,1,3,4,2,0,0,2,BB,NLD,Online TA,TA/TO,0,0,0,A,A,0,No Deposit,87,22,0,Transient-Party,66.65,0,1,Check-Out,2016-06-15
City Hotel,0,137,2016,April,24,20,2,7,9,2,0,0,2,BB,NLD,Online TA,TA/TO,0,0,0,A,A,0,No Deposit,382,22,0,Transient,143.02,0,1,Check-Out,2016-06-15
City Hotel,0,5,2016,June,29,11,0,3,3,2,0,0,2,BB,PRT,Offline TA/TO,TA/TO,0,0,0,A,A,0,No Deposit,412,22,0,Transient,99.89,0,0,Check-Out,2016-06-15
Resort Hotel,0,223,2017,June,43,18,0,3,3,2,0,0,2,BB,GBR,Corporate,TA/TO,0,0,0,D,D,3,No Deposit,201,0,0,Transient,75.76,0,2,Check-Out,2016-06-15
City Hotel,0,25,2016,July,7,27,1,7,8,2,0,0,2,BB,NLD,Offline TA/TO,TA/TO,0,0,0,A,A,0,No Deposit,197,22,0,Transient-Party,137.21,0,2,Check-Out,2016-06-15
City Hotel,0,80,2016,August,31,16,2,4,6,2,0,0,2,HB,BRA,Corporate,TA/TO,0,0,0,A,A,0,No Deposit,485,22,0,Transient,75.75,0,0,Check-Out,2016-06-15
City Hotel,0,103,2015,January,17,5,0,7,7,2,0,0,2,BB,IRL,Online TA,TA/TO,0,0,0,D,D,0,Non Refund,488,22,0,Transient-Party,33.66,0,1,Check-Out,2016-06-15
City Hotel,0,18,2017,February,30,7,1,3,4,2,0,0,2,BB,IRL,Online TA,Direct,0,0,0,A,A,2,No Deposit,48,22,0,Transient,107.12,0,1,Check-Out,2016-06-15
City Hotel,0,373,2016,February,25,22,0,3,3,2,0,0,2,FB,PRT,Direct,TA/TO,0,0,0,A,A,0,No Deposit,488,0,0,Transient,85.33,0,1,Check-Out,2016-06-15
Resort Hotel,1,66,2016,June,28,2,0,4,4,2,0,0,2,BB,NLD,Online TA,GDS,0,0,0,A,B,0,No Deposit,210,22,0,Transient,65.84,0,0,Canceled,2016-06-15
City Hotel,0,5,2016,January,36,11,1,1,2,1,0,0,1,BB,NLD,Online TA,TA/TO,0,0,0,A,A,0,No Deposit,196,22,0,Transient,137.53,0,1,Check-Out,2016-06-15
City Hotel,0,276,2016,September,7,13,2,4,6,2,0,0,2,BB,PRT,Online TA,TA/TO,0,0,0,E,E,0,No Deposit,484,0,0,Transient,135.74,0,1,Check-Out,2016-06-15
Resort Hotel,0,88,2017,April,35,20,0,7,7,2,1,0,3,BB,ITA,Online TA,Corporate,0,0,0,A,B,2,No Deposit,240,22,0,Transient-Party,101.91,0,0,Check-Out,2016-06-15
Resort Hotel,0,120,2016,November,20,24,1,3,4,2,0,0,2,BB,PRT,Offline TA/TO,Corporate,0,0,0,A,A,0,No Deposit,2,22,0,Transient,38.35,0,0,Check-Out,2016-06-15
Resort Hotel,0,74,2017,June,14,28,1,1,2,2,0,0,2,BB,ESP,Online TA,TA/TO,0,0,0,D,D,0,No Deposit,269,22,0,Transient,83.25,0,0,Check-Out,2016-06-15
Resort Hotel,1,180,2016,June,50,16,1,1,2,1,0,0,1,HB,PRT,Online TA,Direct,0,0,0,D,D,0,No Deposit,472,0,0,Contract,116.77,0,0,Canceled,2016-06-15
City Hotel,0,3,2017,September,50,14,1,1,2,2,0,0,2,BB,PRT,Groups,TA/TO,0,1,0,A,A,0,No Deposit,42,22,0,Transient,112.48,0,0,Check-Out,2016-06-15
City Hotel,0,31,2015,August,30,7,0,2,2,2,0,0,2,BB,DEU,Online TA,Corporate,0,0,0,D,D,0,No Deposit,402,0,0,Transient,123.91,0,0,Check-Out,2016-06-15
City Hotel,1,63,2016,July,1,7,1,2,3,2,0,0,2,BB,NLD,Corporate,TA/TO,0,0,0,A,A,2,No Deposit,333,0,0,Transient,92.86,0,3,Canceled,2016-06-15
Resort Hotel,1,7,2017,November,38,12,2,7,9,2,0,0,2,HB,PRT,Offline TA/TO,TA/TO,0,0,0,A,F,0,No Deposit,270,0,0,Transient,78.72,0,0,Canceled,2016-06-15
City Hotel,1,122,2017,June,41,12,0,6,6,1,0,0,1,HB,NLD,Groups,TA/TO,0,0,0,G,B,0,No Deposit,211,22,0,Transient,112.66,0,0,Canceled,2016-06-15
City Hotel,1,50,2016,September,25,20,0,2,2,2,0,1,3,BB,PRT,Online TA,GDS,0,0,0,A,A,0,No Deposit,297,22,0,Transient,110.66,0,0,Canceled,2016-06-15
Resort Hotel,0,31,2016,May,34,1,1,4,5,2,0,0,2,SC,BRA,Online TA,TA/TO,0,0,0,A,A,0,No Deposit,13,22,0,Transient,97.48,0,2,Check-Out,2016-06-15
City Hotel,0,0,2015,October,8,23,2,3,5,2,0,0,2,BB,NLD,Direct,TA/TO,0,0,0,A,A,0,No Deposit,202,0,0,Transient,160.1,0,3,Check-Out,2016-06-15
City Hotel,1,127,2017,April,20,6,2,1,3,1,0,0,1,BB,PRT,Online TA,TA/TO,0,0,0,A,A,0,No Deposit,110,0,0,Transient-Party,98.49,0,3,Canceled,2016-06-15
City Hotel,0,179,2016,April,30,8,1,6,7,1,0,0,1,SC,PRT,Online TA,Direct,0,0,0,A,A,1,No Deposit,452,22,0,Transient,68.21,0,0,Check-Out,2016-06-15
City Hotel,0,50,2016,August,4,27,1,2,3,2,2,0,4,BB,FRA,Groups,TA/TO,0,0,0,A,A,0,No Deposit,192,0,0,Transient,47.26,0,1,Check-Out,2016-06-15
Resort Hotel,1,83,2015,April,21,13,1,5,6,3,2,0,5,BB,BEL,Online TA,TA/TO,0,0,0,D,D,0,No Deposit,349,22,0,Transient,86.13,1,1,Canceled,2016-06-15
City Hotel,0,25,2017,April,27,5,0,3,3,4,0,0,4,BB,NLD,Groups,TA/TO,0,0,0,A,A,1,No Deposit,212,0,0,Transient,37.31,0,0,Check-Out,2016-06-15
City Hotel,1,97,2016,May,10,24,0,3,3,3,0,0,3,BB,BEL,Online TA,Corporate,0,0,0,A,A,1,Non Refund,299,22,0,Transient,122.73,0,0,Canceled,2016-06-15
City Hotel,1,1,2016,August,23,10,2,4,6,2,0,0,2,BB,NLD,Online TA,TA/TO,0,0,0,A,A,0,No Deposit,299,0,0,Transient,69.03,0,0,Canceled,2016-06-15
City Hotel,1,67,2016,October,33,27,2,2,4,2,0,0,2,BB,FRA,Groups,TA/TO,0,0,0,D,D,1,No Deposit,462,22,0,Transient,116.11,0,0,Canceled,2016-06-15
City Hotel,0,103,2016,August,11,14,2,5,7,1,0,0,1,SC,GBR,Online TA,TA/TO,0,1,0,E,E,0,No Deposit,387,22,0,Transient,111.51,0,1,Check-Out,2016-06-15
Resort Hotel,1,250,2016,September,41,24,0,3,3,2,0,0,2,BB,FRA,Online TA,TA/TO,0,0,0,D,D,0,No Deposit,23,22,0,Transient,156.93,0,1,Canceled,2016-06-15
Resort Hotel,0,48,2017,July,19,9,1,7,8,2,0,0,2,BB,DEU,Online TA,TA/TO,0,0,0,A,A,0,No Deposit,57,0,0,Transient,99.19,0,0,Check-Out,2016-06-15
City Hotel,0,144,2017,February,11,17,1,3,4,2,0,0,2,BB,FRA,Online TA,TA/TO,0,0,0,A,A,0,No Deposit,495,0,0,Transient,159.74,0,0,Check-Out,2016-06-15
Resort Hotel,1,91,2016,February,4,3,1,2,3,2,0,0,2,Undefined,NLD,Online TA,TA/TO,0,0,0,A,A,0,No Deposit,355,0,0,Transient,54.68,0,0,Canceled,2016-06-15
City Hotel,1,261,2017,July,23,12,2,4,6,2,0,0,2,BB,PRT,Online TA,TA/TO,0,0,0,A,A,1,No Deposit,314,22,0,Transient,80.27,0,0,Canceled,2016-06-15
City Hotel,1,50,2016,May,5,12,0,2,2,2,0,0,2,BB,GBR,Direct,TA/TO,0,0,0,A,A,0,No Deposit,248,0,0,Transient,96.2,0,0,Canceled,2016-06-15
City Hotel,0,38,2016,April,49,11,0,4,4,2,0,0,2,BB,PRT,Offline TA/TO,TA/TO,0,0,0,C,C,0,No Deposit,440,0,0,Transient,136.12,0,2,Check-Out,2016-06-15
City Hotel,1,218,2017,June,50,22,2,4,6,2,0,0,2,BB,ITA,Groups,TA/TO,0,0,0,D,D,0,No Deposit,347,22,0,Transient,185.83,0,1,Canceled,2016-06-15
City Hotel,0,5,2016,August,5,4,2,3,5,2,0,0,2,BB,BRA,Online TA,TA/TO,0,0,0,A,A,0,No Deposit,376,22,0,Transient,25.87,0,0,Check-Out,2016-06-15
City Hotel,0,14,2016,May,18,8,2,5,7,1,0,0,1,BB,ITA,Online TA,TA/TO,0,0,0,A,A,1,No Deposit,65,0,0,Transient,191.45,1,1,Check-Out,2016-06-15
City Hotel,1,8,2017,September,17,10,2,2,4,2,0,0,2,BB,NLD,Offline TA/TO,TA/TO,0,0,0,A,A,0,No Deposit,459,22,0,Transient,122.11,0,3,Canceled,2016-06-15
City Hotel,0,185,2015,August,3,14,0,1,1,3,0,0,3,HB,NLD,Groups,TA/TO,0,0,0,A,A,0,No Deposit,437,0,0,Transient,106.7,0,1,Check-Out,2016-06-15
City Hotel,1,1,2017,August,43,1,0,3,3,2,0,0,2,SC,PRT,Online TA,Corporate,0,0,0,D,D,0,No Deposit,108,22,0,Transient,96.5,0,1,Canceled,2016-06-15
City Hotel,1,197,2017,December,49,12,0,4,4,2,0,0,2,HB,PRT,Corporate,TA/TO,0,0,0,A,A,0,No Deposit,394,22,0,Transient-Party,68.5,0,2,Canceled,2016-06-15
City Hotel,0,60,2016,April,8,5,1,1,2,2,0,0,2,BB,PRT,Direct,TA/TO,0,0,0,A,D,1,No Deposit,298,22,0,Transient,86.9,0,0,Check-Out,2016-06-15
Resort Hotel,0,0,2015,August,40,14,1,4,5,3,1,0,4,BB,FRA,Direct,TA/TO,0,0,0,E,E,0,No Deposit,355,0,0,Transient,85.99,0,0,Check-Out,2016-06-15
Resort Hotel,0,51,2016,October,23,4,1,3,4,1,0,0,1,BB,NLD,Online TA,GDS,0,2,0,A,A,0,No Deposit,89,22,0,Transient,64.33,0,0,Check-Out,2016-06-15
Resort Hotel,0,20,2015,July,23,28,3,1,4,2,0,0,2,HB,PRT,Online TA,TA/TO,0,0,0,A,A,1,No Deposit,87,0,0,Transient-Party,126.63,0,1,Check-Out,2016-06-15
Resort Hotel,1,97,2016,September,2,17,1,2,3,2,2,0,4,BB,ESP,Groups,Direct,0,0,0,A,A,0,No Deposit,272,22,0,Transient,83.89,0,1,Canceled,2016-06-15
Resort Hotel,0,113,2017,June,39,26,0,1,1,2,0,0,2,BB,BEL,Groups,Direct,0,0,0,A,A,0,No Deposit,260,0,0,Transient,114.67,0,3,Check-Out,2016-06-15
City Hotel,1,66,2016,July,21,22,0,2,2,3,0,0,3,BB,GBR,Online TA,TA/TO,0,0,0,A,A,0,No Deposit,113,0,0,Transient,124.79,0,1,Canceled,2016-06-15
Resort Hotel,1,4,2016,January,52,26,0,4,4,2,0,0,2,BB,IRL,Direct,TA/TO,0,0,0,A,A,0,No Deposit,107,22,0,Transient,126.56,0,0,Canceled,2016-06-15
Resort Hotel,0,106,2016,December,24,13,1,1,2,2,0,0,2,HB,NLD,Offline TA/TO,TA/TO,0,0,0,D,D,1,No Deposit,358,22,0,Contract,100.15,0,2,Check-Out,2016-06-15
City Hotel,0,184,2016,September,38,3,2,2,4,2,0,0,2,BB,PRT,Corporate,TA/TO,0,0,0,F,F,0,No Deposit,334,0,0,Transient-Party,86.8,0,0,Check-Out,2016-06-15
Resort Hotel,0,127,2017,October,20,11,1,3,4,2,0,0,2,HB,BEL,Online TA,TA/TO,0,0,0,A,A,0,No Deposit,49,22,0,Transient,134.27,1,1,Check-Out,2016-06-15
City Hotel,1,177,2016,August,50,11,2,6,8,2,0,0,2,BB,ESP,Offline TA/TO,TA/TO,0,0,0,A,A,0,No Deposit,356,0,0,Transient,127.85,0,0,Canceled,2016-06-15
Resort Hotel,1,22,2017,March,39,5,0,3,3,2,0,0,2,BB,NLD,Online TA,TA/TO,0,0,0,A,A,0,No Deposit,452,0,0,Transient,89.64,0,0,Canceled,2016-06-15
Resort Hotel,1,219,2016,January,50,6,1,1,2,2,0,0,2,HB,PRT,Offline TA/TO,TA/TO,0,0,0,A,A,1,No Deposit,120,22,0,Transient,44.02,0,0,Canceled,2016-06-15
City Hotel,0,38,2016,October,27,4,1,6,7,3,0,0,3,SC,NLD,Online TA,Direct,0,0,0,A,A,0,No Deposit,313,22,0,Transient,27.82,0,0,Check-Out,2016-06-15
City Hotel,0,1,2016,May,44,10,0,2,2,2,0,0,2,BB,PRT,Online TA,TA/TO,0,0,0,A,A,0,No Deposit,167,0,0,Transient,156.48,0,0,Check-Out,2016-06-15
City Hotel,0,185,2016,April,39,10,0,2,2,2,0,0,2,BB,ESP,Direct,TA/TO,0,0,0,F,F,1,No Deposit,31,22,0,Transient,108.95,0,0,Check-Out,2016-06-15
City Hotel,1,284,2016,July,7,12,1,1,2,2,0,0,2,SC,PRT,Online TA,Direct,0,1,2,A,A,0,No Deposit,291,0,0,Transient-Party,63.53,1,0,Canceled,2016-06-15
City Hotel,0,106,2016,June,33,22,0,6,6,1,0,0,1,BB,PRT,Offline TA/TO,TA/TO,0,0,0,A,A,1,No Deposit,476,22,0,Transient,37.74,0,0,Check-Out,2016-06-15
Resort Hotel,0,26,2017,August,29,23,2,3,5,2,0,0,2,SC,FRA,Direct,TA/TO,0,0,0,A,A,0,No Deposit,177,0,0,Transient,144.5,0,0,Check-Out,2016-06-15
Resort Hotel,1,29,2016,June,10,18,0,7,7,2,0,0,2,BB,BRA,Offline TA/TO,TA/TO,0,0,0,A,A,0,No Deposit,217,0,0,Transient,95.42,0,0,Canceled,2016-06-15
City Hotel,0,62,2017,August,10,15,0,1,1,1,0,0,1,BB,DEU,Groups,TA/TO,0,0,0,A,A,0,No Deposit,442,0,0,Transient,143.55,1,0,Check-Out,2016-06-15
City Hotel,1,228,2015,October,12,23,0,2,2,2,0,0,2,BB,NLD,Groups,TA/TO,0,0,0,D,D,1,No Deposit,412,0,0,Transient,91.43,0,1,Canceled,2016-06-15
City Hotel,0,16,2016,March,3,23,1,1,2,2,0,0,2,BB,PRT,Offline TA/TO,TA/TO,0,1,0,D,D,2,Non Refund,402,22,0,Transient,176.89,0,3,Check-Out,2016-06-15
City Hotel,0,174,2015,May,3,18,0,2,2,2,0,0,2,BB,BEL,Online TA,TA/TO,0,0,0,A,B,0,No Deposit,348,0,0,Transient,142.17,0,0,Check-Out,2016-06-15
City Hotel,1,34,2016,June,13,3,1,5,6,2,0,0,2,BB,PRT,Groups,TA/TO,0,0,0,C,C,2,No Deposit,363,22,0,Transient,56.36,0,0,Canceled,2016-06-15
City Hotel,1,165,2017,December,45,3,0,1,1,2,0,0,2,BB,GBR,Offline TA/TO,TA/TO,0,0,0,A,A,0,No Deposit,151,0,10,Transient,155.74,0,1,Canceled,2016-06-15
City Hotel,1,252,2015,May,31,1,0,2,2,2,0,0,2,HB,GBR,Online TA,TA/TO,0,0,0,A,A,0,Non Refund,311,22,0,Transient,60.48,0,1,Canceled,2016-06-15
City Hotel,0,55,2016,May,27,17,0,3,3,1,0,0,1,HB,PRT,Direct,TA/TO,0,0,0,A,A,0,No Deposit,360,0,0,Transient,115.57,0,0,Check-Out,2016-06-15
City Hotel,0,45,2015,August,6,10,0,1,1,2,0,0,2,HB,ESP,Online TA,TA/TO,0,0,0,C,C,0,No Deposit,288,0,0,Transient,131.63,0,0,Check-Out,2016-06-15
City Hotel,0,162,2016,June,27,27,2,2,4,1,0,0,1,BB,PRT,Offline TA/TO,TA/TO,0,0,0,D,D,0,No Deposit,386,0,0,Transient,86.31,0,0,Check-Out,2016-06-15
City Hotel,0,75,2017,November,35,6,1,2,3,2,0,0,2,BB,GBR,Online TA,TA/TO,0,0,0,A,A,0,No Deposit,319,22,0,Transient,56.58,0,3,Check-Out,2016-06-15
City Hotel,1,115,2016,October,47,25,0,4,4,2,0,0,2,HB,NLD,Offline TA/TO,TA/TO,0,0,0,A,A,0,No Deposit,162,0,0,Transient,46.36,0,1,Canceled,2016-06-15
Resort Hotel,0,97,2017,July,9,25,0,1,1,1,0,0,1,HB,PRT,Online TA,TA/TO,0,0,0,A,A,2,No Deposit,371,0,0,Transient,91.8,0,0,Check-Out,2016-06-15
City Hotel,1,16,2016,August,6,11,4,5,9,1,0,0,1,BB,NLD,Offline TA/TO,TA/TO,0,0,0,A,A,0,No Deposit,389,0,0,Transient,127.04,0,1,Canceled,2016-06-15
City Hotel,1,186,2017,January,6,14,2,3,5,2,0,0,2,BB,PRT,Offline TA/TO,TA/TO,0,0,0,A,A,0,No Deposit,394,0,0,Transient,118.65,0,1,Canceled,2016-06-15
City Hotel,0,21,2017,August,40,17,2,2,4,2,0,0,2,BB,NLD,Groups,TA/TO,0,0,0,A,A,0,No Deposit,299,22,0,Transient-Party,107.43,0,0,Check-Out,2016-06-15
Resort Hotel,1,269,2016,August,26,28,0,1,1,2,0,0,2,BB,GBR,Offline TA/TO,TA/TO,0,0,0,A,A,0,No Deposit,438,0,0,Transient,101.98,0,1,Canceled,2016-06-15
City Hotel,1,28,2016,May,43,7,0,6,6,2,0,0,2,BB,NLD,Online TA,TA/TO,0,0,0,A,A,0,No Deposit,499,22,0,Transient,103.84,0,1,Canceled,2016-06-15
City Hotel,1,132,2017,April,19,22,2,3,5,1,0,0,1,HB,GBR,Online TA,TA/TO,0,0,0,A,A,0,Non Refund,307,22,0,Transient,60.0,0,2,Canceled,2016-06-15
Resort Hotel,0,33,2016,November,16,4,0,2,2,2,0,0,2,BB,NLD,Offline TA/TO,Corporate,0,0,0,C,C,1,No Deposit,166,22,0,Transient,172.03,0,0,Check-Out,2016-06-15
City Hotel,0,38,2017,June,41,11,1,1,2,2,0,0,2,BB,GBR,Groups,Direct,0,0,0,A,A,2,No Deposit,16,0,0,Transient,131.32,0,1,Check-Out,2016-06-15
Resort Hotel,0,37,2016,August,23,19,0,1,1,2,0,0,2,BB,DEU,Online TA,TA/TO,0,0,0,A,A,1,No Deposit,140,22,0,Transient,135.42,0,1,Check-Out,2016-06-15
Resort Hotel,1,137,2016,January,11,9,0,3,3,2,0,0,2,BB,PRT,Direct,TA/TO,0,0,0,A,A,3,No Deposit,315,22,0,Transient,82.22,0,0,Canceled,2016-06-15
City Hotel,0,81,2017,June,16,26,0,2,2,2,0,0,2,BB,ESP,Online TA,TA/TO,0,0,1,A,A,0,No Deposit,123,22,0,Contract,96.55,0,1,Check-Out,2016-06-15
City Hotel,1,214,2016,September,29,21,1,4,5,2,0,0,2,BB,PRT,Online TA,Direct,0,0,0,A,A,0,No Deposit,449,0,0,Transient,89.26,0,0,Canceled,2016-06-15
City Hotel,0,36,2016,May,38,8,2,4,6,2,0,1,3,BB,NLD,Online TA,TA/TO,0,0,0,A,D,1,No Deposit,301,22,0,Transient,105.23,0,1,Check-Out,2016-06-15
City Hotel,0,117,2016,July,49,20,0,2,2,2,0,0,2,HB,NLD,Offline TA/TO,TA/TO,0,0,0,D,D,0,Non Refund,210,22,0,Transient-Party,141.09,0,0,Check-Out,2016-06-15
City Hotel,0,139,2016,March,48,4,0,1,1,2,0,0,2,BB,PRT,Online TA,TA/TO,0,0,0,A,A,1,Non Refund,307,22,0,Transient-Party,119.12,0,0,Check-Out,2016-06-15
Resort Hotel,0,16,2017,June,20,16,1,4,5,2,1,0,3,BB,PRT,Online TA,TA/TO,0,0,0,A,A,1,No Deposit,39,0,0,Transient-Party,38.14,0,1,Check-Out,2016-06-15
Resort Hotel,0,51,2017,November,21,6,0,3,3,2,0,0,2,BB,DEU,Online TA,TA/TO,0,0,0,C,C,0,No Deposit,145,22,0,Transient,130.99,0,1,Check-Out,2016-06-15
City Hotel,0,65,2017,July,28,6,2,7,9,2,0,0,2,BB,PRT,Corporate,TA/TO,0,0,0,E,E,1,No Deposit,423,0,0,Transient,23.09,0,0,Check-Out,2016-06-15
City Hotel,0,43,2016,October,50,19,2,4,6,2,0,0,2,BB,PRT,Groups,TA/TO,0,0,0,A,A,0,No Deposit,243,0,0,Transient,103.79,0,0,Check-Out,2016-06-15
City Hotel,0,38,2016,October,33,2,0,2,2,2,1,0,3,BB,GBR,Groups,TA/TO,0,2,0,D,E,0,No Deposit,486,0,0,Transient,90.27,0,0,Check-Out,2016-06-15
City Hotel,0,115,2017,November,50,11,0,2,2,2,0,0,2,BB,PRT,Online TA,Direct,0,0,0,A,A,1,Non Refund,189,0,0,Transient,77.21,0,0,Check-Out,2016-06-15
Resort Hotel,0,24,2016,October,40,25,2,1,3,1,1,0,2,BB,ESP,Direct,TA/TO,0,0,0,D,D,0,Non Refund,285,0,0,Transient,26.98,0,0,Check-Out,2016-06-15
City Hotel,0,123,2016,January,26,18,0,2,2,1,0,0,1,BB,PRT,Online TA,TA/TO,0,0,0,A,A,0,No Deposit,82,0,0,Transient-Party,95.84,0,0,Check-Out,2016-06-15
Resort Hotel,1,273,2017,November,10,9,0,3,3,2,0,0,2,BB,NLD,Online TA,Direct,0,1,0,A,A,2,No Deposit,379,22,0,Transient,94.02,0,0,Canceled,2016-06-15
City Hotel,0,83,2016,March,34,28,0,3,3,2,1,0,3,BB,PRT,Online TA,Direct,0,0,0,C,C,0,No Deposit,434,22,0,Transient-Party,67.2,0,0,Check-Out,2016-06-15
City Hotel,1,94,2016,January,9,16,2,2,4,1,1,0,2,BB,GBR,Offline TA/TO,Direct,0,0,0,A,A,0,No Deposit,136,22,0,Contract,100.97,0,1,Canceled,2016-06-15
City Hotel,0,7,2015,January,36,11,3,4,7,2,0,0,2,BB,ESP,Online TA,TA/TO,0,0,0,A,A,1,No Deposit,114,0,0,Transient,83.17,1,0,Check-Out,2016-06-15
City Hotel,1,199,2015,May,11,14,1,1,2,2,0,0,2,BB,PRT,Online TA,Direct,0,0,0,A,A,1,No Deposit,353,22,0,Transient-Party,111.69,0,0,Canceled,2016-06-15
Resort Hotel,1,33,2015,August,10,8,0,1,1,1,0,0,1,HB,PRT,Online TA,TA/TO,0,0,0,A,A,0,No Deposit,315,0,0,Transient,108.86,0,1,Canceled,2016-06-15
Resort Hotel,0,95,2017,June,46,27,1,2,3,1,0,0,1,BB,PRT,Groups,TA/TO,0,0,0,D,D,0,No Deposit,84,22,0,Transient-Party,108.67,0,2,Check-Out,2016-06-15
City Hotel,0,386,2016,January,7,13,0,3,3,2,0,0,2,BB,PRT,Direct,TA/TO,0,1,0,A,A,0,No Deposit,388,22,0,Transient,143.04,0,0,Check-Out,2016-06-15
City Hotel,1,90,2016,June,51,10,0,3,3,1,0,0,1,BB,PRT,Direct,TA/TO,0,0,0,A,A,1,No Deposit,397,0,0,Group,33.72,0,1,Canceled,2016-06-15
Resort Hotel,0,128,2017,June,38,23,1,2,3,2,0,0,2,BB,IRL,Online TA,TA/TO,0,0,0,A,A,0,No Deposit,358,22,0,Transient-Party,83.62,0,1,Check-Out,2016-06-15
Resort Hotel,1,58,2016,September,16,12,2,3,5,2,0,0,2,SC,FRA,Online TA,TA/TO,0,0,0,A,A,1,Non Refund,92,0,0,Transient-Party,71.91,0,0,Canceled,2016-06-15
City Hotel,1,6,2016,April,51,21,0,1,1,2,0,0,2,SC,PRT,Offline TA/TO,TA/TO,0,0,0,A,A,1,No Deposit,202,0,0,Transient,102.36,0,0,Canceled,2016-06-15
Resort Hotel,0,159,2016,April,26,3,2,2,4,2,0,0,2,BB,PRT,Online TA,TA/TO,0,0,0,A,E,0,No Deposit,362,22,0,Transient,139.63,0,2,Check-Out,2016-06-15
City Hotel,1,3,2017,April,32,2,0,3,3,2,0,0,2,HB,GBR,Groups,TA/TO,0,0,0,A,A,0,Non Refund,383,22,0,Transient,151.89,0,3,Canceled,2016-06-15
City Hotel,0,120,2015,May,31,11,1,1,2,2,0,0,2,BB,GBR,Direct,TA/TO,0,0,2,A,A,0,No Deposit,408,22,0,Transient,76.67,0,1,Check-Out,2016-06-15
Resort Hotel,0,2,2015,July,51,24,2,1,3,2,0,0,2,HB,PRT,Online TA,TA/TO,1,0,0,D,D,0,No Deposit,449,0,0,Transient-Party,107.22,0,0,Check-Out,2016-06-15
Resort Hotel,0,198,2015,June,32,18,0,1,1,2,0,0,2,SC,PRT,Online TA,TA/TO,0,0,0,A,A,0,No Deposit,117,22,0,Transient,143.29,0,1,Check-Out,2016-06-15
City Hotel,0,17,2016,May,45,24,0,2,2,1,0,0,1,BB,PRT,Online TA,TA/TO,0,0,0,C,C,1,No Deposit,222,22,0,Transient-Party,51.09,0,0,Check-Out,2016-06-15
City Hotel,0,72,2016,May,12,21,0,4,4,2,0,0,2,BB,NLD,Direct,Direct,0,0,0,A,A,0,No Deposit,128,0,0,Transient,26.46,0,1,Check-Out,2016-06-15
City Hotel,1,90,2016,May,27,25,2,4,6,2,0,0,2,SC,PRT,Online TA,TA/TO,0,0,0,E,E,1,No Deposit,360,22,0,Transient-Party,117.7,0,0,Canceled,2016-06-15
City Hotel,0,61,2016,December,22,4,1,5,6,2,0,0,2,BB,PRT,Offline TA/TO,Direct,0,0,0,D,D,0,Non Refund,223,0,0,Transient-Party,125.64,0,0,Check-Out,2016-06-15
City Hotel,0,41,2016,April,15,8,0,1,1,1,2,0,3,BB,FRA,Online TA,TA/TO,0,0,0,C,C,0,No Deposit,221,22,30,Transient,81.08,0,2,Check-Out,2016-06-15
City Hotel,0,63,2015,September,8,11,2,7,9,2,0,0,2,BB,NLD,Groups,TA/TO,0,0,0,A,A,0,No Deposit,318,0,0,Transient,136.12,0,0,Check-Out,2016-06-15
City Hotel,1,37,2015,August,4,15,1,2,3,2,0,0,2,BB,FRA,Online TA,TA/TO,0,0,0,A,A,0,No Deposit,200,0,0,Transient,148.83,0,0,Canceled,2016-06-15
City Hotel,0,57,2016,January,52,23,0,5,5,2,0,0,2,BB,PRT,Offline TA/TO,Direct,0,0,1,A,A,0,No Deposit,285,0,0,Transient-Party,104.24,0,1,Check-Out,2016-06-15
Resort Hotel,1,44,2017,December,8,28,1,5,6,2,0,0,2,BB,PRT,Groups,TA/TO,0,0,0,A,A,0,No Deposit,159,0,0,Transient-Party,109.16,0,3,Canceled,2016-06-15
City Hotel,0,83,2017,September,23,24,1,2,3,2,0,0,2,HB,NLD,Online TA,TA/TO,0,0,0,A,A,0,No Deposit,319,0,0,Transient,69.57,0,0,Check-Out,2016-06-15
City Hotel,0,27,2017,August,16,21,0,1,1,1,0,0,1,SC,NLD,Online TA,TA/TO,0,0,0,C,C,0,No Deposit,256,0,0,Transient,132.46,0,0,Check-Out,2016-06-15
City Hotel,0,447,2016,June,48,2,1,3,4,1,2,0,3,BB,NLD,Direct,TA/TO,0,0,0,A,A,0,No Deposit,278,0,0,Transient,111.47,0,1,Check-Out,2016-06-15
City Hotel,0,69,2016,July,34,23,0,2,2,2,0,0,2,BB,ESP,Online TA,Direct,0,0,0,D,D,0,No Deposit,180,0,0,Transient,156.42,0,1,Check-Out,2016-06-15
Resort Hotel,1,21,2016,April,22,19,1,1,2,2,0,0,2,HB,GBR,Online TA,TA/TO,0,0,0,A,A,0,No Deposit,465,22,0,Transient-Party,63.39,0,2,Canceled,2016-06-15
City Hotel,0,64,2016,January,49,15,0,1,1,2,1,0,3,BB,PRT,Groups,TA/TO,0,0,0,A,A,0,No Deposit,390,22,0,Transient,108.89,0,1,Check-Out,2016-06-15
Resort Hotel,0,201,2015,October,23,26,0,3,3,1,0,0,1,HB,ESP,Offline TA/TO,TA/TO,0,0,0,A,D,0,No Deposit,441,22,0,Transient-Party,131.85,0,0,Check-Out,2016-06-15
City Hotel,0,2,2016,October,5,26,2,1,3,2,0,0,2,BB,ITA,Online TA,TA/TO,0,1,0,A,A,0,No Deposit,376,22,0,Transient,144.27,0,1,Check-Out,2016-06-15
Resort Hotel,0,113,2016,March,37,26,1,4,5,2,0,0,2,BB,ESP,Offline TA/TO,TA/TO,0,0,0,D,D,0,No Deposit,337,0,0,Transient-Party,90.95,0,0,Check-Out,2016-06-15
Resort Hotel,0,79,2016,September,44,28,0,1,1,2,0,0,2,SC,PRT,Online TA,TA/TO,0,0,0,A,F,0,No Deposit,473,22,0,Transient,89.96,0,1,Check-Out,2016-06-15
Resort Hotel,0,18,2016,September,7,27,2,2,4,2,0,0,2,BB,NLD,Offline TA/TO,TA/TO,0,0,0,A,A,0,Non Refund,135,0,0,Transient,113.1,0,0,Check-Out,2016-06-15
City Hotel,0,170,2015,March,37,26,2,1,3,2,0,0,2,BB,GBR,Online TA,TA/TO,0,0,0,D,D,2,No Deposit,97,22,0,Transient,136.32,0,1,Check-Out,2016-06-15
City Hotel,0,46,2016,June,26,13,0,5,5,2,0,0,2,FB,NLD,Groups,TA/TO,0,0,0,A,A,0,No Deposit,235,22,0,Transient-Party,87.31,0,0,Check-Out,2016-06-15
City Hotel,0,34,2015,June,28,2,2,3,5,2,1,0,3,BB,GBR,Groups,TA/TO,0,0,0,A,A,0,No Deposit,10,0,0,Transient,84.07,1,0,Check-Out,2016-06-15
City Hotel,0,176,2017,September,4,3,1,1,2,2,0,0,2,BB,PRT,Direct,TA/TO,1,0,0,D,D,1,No Deposit,339,22,0,Transient,134.34,0,0,Check-Out,2016-06-15
City Hotel,0,101,2015,October,49,14,2,3,5,2,0,0,2,BB,BEL,Direct,TA/TO,0,1,0,D,D,0,No Deposit,178,0,0,Transient,99.28,0,0,Check-Out,2016-06-15
Resort Hotel,0,228,2016,February,32,20,2,1,3,1,0,0,1,BB,NLD,Corporate,Direct,0,0,0,A,A,1,No Deposit,200,22,0,Transient-Party,54.92,0,1,Check-Out,2016-06-15
City Hotel,1,99,2017,July,38,26,1,4,5,2,0,0,2,BB,PRT,Groups,TA/TO,1,0,0,A,A,0,No Deposit,328,0,0,Transient,102.53,0,0,Canceled,2016-06-15
Resort Hotel,1,135,2016,September,46,13,3,2,5,2,0,0,2,BB,ESP,Offline TA/TO,TA/TO,0,0,0,B,B,0,No Deposit,266,0,0,Group,92.46,0,0,Canceled,2016-06-15
City Hotel,0,181,2015,September,9,27,2,1,3,2,0,0,2,BB,NLD,Online TA,TA/TO,0,0,0,A,A,0,No Deposit,103,0,0,Transient-Party,141.27,0,0,Check-Out,2016-06-15
Resort Hotel,0,5,2016,March,36,23,0,3,3,2,0,0,2,BB,PRT,Online TA,TA/TO,0,0,0,A,D,0,No Deposit,187,22,0,Transient,75.04,0,0,Check-Out,2016-06-15
City Hotel,0,149,2015,July,26,26,2,1,3,2,0,0,2,HB,PRT,Online TA,TA/TO,0,0,0,A,A,0,No Deposit,498,22,0,Transient-Party,116.12,0,1,Check-Out,2016-06-15
Resort Hotel,1,95,2016,October,11,16,0,3,3,2,0,0,2,BB,GBR,Groups,TA/TO,0,0,0,A,A,0,No Deposit,51,22,0,Transient,107.47,0,0,Canceled,2016-06-15
City Hotel,1,7,2015,May,20,12,2,3,5,2,0,0,2,SC,ESP,Online TA,TA/TO,1,0,0,A,A,1,No Deposit,105,0,0,Transient,105.41,0,0,Canceled,2016-06-15
City Hotel,0,71,2016,June,48,1,2,4,6,2,0,0,2,BB,ESP,Direct,TA/TO,0,0,0,D,C,0,No Deposit,353,22,0,Transient-Party,157.94,0,2,Check-Out,2016-06-15
City Hotel,0,8,2017,September,48,6,1,5,6,2,0,0,2,BB,FRA,Online TA,TA/TO,0,0,0,A,A,0,No Deposit,275,0,0,Transient,164.83,0,0,Check-Out,2016-06-15
Resort Hotel,0,133,2016,February,48,13,0,3,3,2,0,0,2,BB,NLD,Offline TA/TO,Direct,0,0,0,D,D,0,No Deposit,229,0,0,Transient,126.42,1,0,Check-Out,2016-06-15
City Hotel,1,79,2016,October,38,22,2,2,4,1,0,0,1,BB,PRT,Direct,TA/TO,0,0,0,A,E,0,No Deposit,105,22,0,Transient,96.54,0,1,Canceled,2016-06-15
City Hotel,1,306,2016,May,15,24,0,5,5,2,0,0,2,BB,PRT,Online TA,TA/TO,0,0,0,A,A,0,No Deposit,306,22,0,Transient,110.89,0,0,Canceled,2016-06-15
City Hotel,0,20,2016,January,35,2,0,5,5,2,0,0,2,BB,PRT,Groups,TA/TO,0,0,0,D,D,0,No Deposit,57,22,0,Transient,127.94,0,1,Check-Out,2016-06-15
City Hotel,1,93,2017,April,9,18,1,4,5,1,1,0,2,BB,IRL,Online TA,TA/TO,0,0,0,C,D,0,No Deposit,16,0,0,Transient,110.22,0,2,Canceled,2016-06-15
City Hotel,0,23,2015,February,33,17,0,6,6,2,0,0,2,BB,PRT,Offline TA/TO,TA/TO,0,0,2,A,A,0,Non Refund,395,0,0,Transient-Party,116.09,0,1,Check-Out,2016-06-15
City Hotel,0,95,2017,February,11,19,2,7,9,2,0,0,2,BB,PRT,Groups,TA/TO,0,0,0,A,A,0,No Deposit,96,22,0,Transient,50.13,0,1,Check-Out,2016-06-15
City Hotel,1,128,2016,August,22,23,0,2,2,2,0,0,2,BB,NLD,Groups,TA/TO,0,0,0,A,A,1,No Deposit,194,0,0,Transient,136.7,0,1,Canceled,2016-06-15
City Hotel,1,128,2017,April,6,15,4,1,5,2,0,0,2,BB,PRT,Direct,TA/TO,0,0,0,A,A,0,No Deposit,14,22,0,Transient,167.41,0,1,Canceled,2016-06-15
City Hotel,1,168,2016,November,37,8,2,2,4,2,2,0,4,BB,FRA,Online TA,TA/TO,0,0,0,A,A,0,No Deposit,244,22,0,Transient,123.04,0,0,Canceled,2016-06-15
Resort Hotel,0,192,2016,July,50,23,1,7,8,2,0,0,2,BB,FRA,Direct,TA/TO,0,0,1,A,A,0,No Deposit,38,22,0,Contract,109.7,0,3,Check-Out,2016-06-15
Resort Hotel,1,8,2017,June,21,9,1,1,2,2,0,0,2,HB,PRT,Online TA,TA/TO,0,0,0,A,A,0,No Deposit,68,22,0,Transient,226.13,1,0,Canceled,2016-06-15
City Hotel,1,42,2017,June,12,8,1,3,4,2,0,0,2,BB,PRT,Online TA,TA/TO,0,0,0,A,A,0,No Deposit,472,0,0,Transient,69.34,0,1,Canceled,2016-06-15
City Hotel,1,116,2016,August,7,8,0,5,5,2,0,0,2,BB,NLD,Corporate,TA/TO,0,0,0,B,B,0,No Deposit,124,0,0,Transient,146.63,0,0,Canceled,2016-06-15
City Hotel,0,69,2017,June,2,11,0,7,7,2,0,0,2,SC,NLD,Online TA,TA/TO,0,0,0,A,A,0,No Deposit,240,22,0,Transient-Party,78.61,0,0,Check-Out,2016-06-15
City Hotel,1,21,2015,February,39,18,2,3,5,2,0,0,2,BB,NLD,Online TA,TA/TO,0,0,0,A,A,0,No Deposit,98,0,0,Transient,152.53,0,0,Canceled,2016-06-15
Resort Hotel,0,80,2015,October,41,17,1,2,3,2,0,0,2,BB,GBR,Online TA,TA/TO,0,0,0,A,A,0,No Deposit,190,0,0,Transient,45.4,0,1,Check-Out,2016-06-15
Resort Hotel,0,52,2016,June,24,22,2,1,3,2,0,0,2,BB,ESP,Groups,TA/TO,0,0,0,D,D,0,No Deposit,194,22,0,Transient-Party,153.06,0,1,Check-Out,2016-06-15
City Hotel,0,49,2017,February,26,23,1,7,8,2,0,0,2,BB,NLD,Online TA,TA/TO,0,0,0,A,F,1,No Deposit,323,22,0,Transient-Party,119.62,0,0,Check-Out,2016-06-15
City Hotel,0,165,2017,July,25,6,0,5,5,2,0,0,2,BB,ITA,Groups,TA/TO,0,0,0,G,G,1,No Deposit,289,22,0,Transient,80.83,0,1,Check-Out,2016-06-15
City Hotel,0,52,2016,August,20,23,0,4,4,2,1,0,3,BB,NLD,Online TA,TA/TO,0,0,0,D,D,0,No Deposit,57,0,0,Transient,64.44,0,1,Check-Out,2016-06-15
Resort Hotel,0,2,2015,April,40,24,0,6,6,2,0,0,2,BB,PRT,Offline TA/TO,TA/TO,0,0,0,A,A,0,No Deposit,80,0,0,Transient,139.54,0,1,Check-Out,2016-06-15
City Hotel,0,5,2016,September,41,2,2,1,3,1,0,0,1,HB,DEU,Corporate,TA/TO,0,0,0,B,B,1,No Deposit,9,0,0,Transient,190.94,0,2,Check-Out,2016-06-15
City Hotel,1,193,2016,August,42,1,2,3,5,2,0,0,2,BB,ESP,Online TA,TA/TO,0,0,0,A,A,0,Non Refund,232,0,0,Transient,111.58,0,1,Canceled,2016-06-15
City Hotel,0,323,2016,August,44,10,2,2,4,2,0,0,2,HB,NLD,Direct,GDS,0,0,0,A,A,0,No Deposit,10,0,0,Transient-Party,91.25,0,0,Check-Out,2016-06-15
City Hotel,0,116,2016,June,2,8,2,4,6,1,0,0,1,BB,NLD,Online TA,TA/TO,0,0,0,A,A,0,Non Refund,280,0,0,Transient-Party,134.98,0,0,Check-Out,2016-06-15
Resort Hotel,1,45,2015,December,42,16,0,1,1,3,0,0,3,BB,PRT,Offline TA/TO,TA/TO,0,0,0,D,D,1,No Deposit,311,0,0,Transient-Party,8.91,0,0,Canceled,2016-06-15
City Hotel,0,279,2016,April,35,24,0,2,2,4,0,0,4,BB,PRT,Online TA,Corporate,0,0,0,A,A,0,No Deposit,322,22,0,Transient-Party,161.61,0,0,Check-Out,2016-06-15
City Hotel,0,108,2016,July,33,14,0,5,5,2,0,0,2,HB,FRA,Offline TA/TO,TA/TO,0,0,0,A,A,1,No Deposit,495,22,0,Transient,123.8,0,0,Check-Out,2016-06-15
Resort Hotel,0,186,2017,May,17,24,0,3,3,2,0,0,2,BB,ESP,Offline TA/TO,TA/TO,0,0,0,F,C,3,No Deposit,357,0,0,Transient,141.01,0,1,Check-Out,2016-06-15
City Hotel,0,145,2016,September,22,16,0,7,7,3,0,0,3,BB,NLD,Groups,TA/TO,0,0,0,A,A,0,Non Refund,425,0,0,Transient,127.2,0,1,Check-Out,2016-06-15
City Hotel,0,47,2015,January,1,14,0,3,3,2,0,0,2,BB,PRT,Online TA,TA/TO,0,0,0,A,A,0,No Deposit,215,0,0,Transient-Party,131.89,0,0,Check-Out,2016-06-15
City Hotel,0,65,2016,January,37,26,2,2,4,1,0,0,1,SC,NLD,Direct,TA/TO,0,0,0,A,A,0,No Deposit,350,22,0,Transient-Party,88.9,0,0,Check-Out,2016-06-15
City Hotel,0,20,2016,September,30,7,1,2,3,2,0,0,2,BB,ESP,Online TA,TA/TO,0,0,0,D,D,0,No Deposit,438,0,0,Transient,69.96,0,2,Check-Out,2016-06-15
City Hotel,0,34,2015,June,46,18,0,6,6,1,0,0,1,BB,NLD,Online TA,TA/TO,0,0,0,A,A,0,No Deposit,436,22,0,Transient,45.03,0,0,Check-Out,2016-06-15
City Hotel,1,150,2016,May,6,20,1,3,4,1,0,0,1,BB,NLD,Online TA,TA/TO,0,0,0,A,A,0,Non Refund,201,22,0,Transient-Party,128.07,0,2,Canceled,2016-06-15
City Hotel,1,224,2017,July,41,9,0,5,5,1,0,0,1,BB,NLD,Online TA,Direct,0,0,0,A,A,0,No Deposit,431,0,0,Transient-Party,57.51,0,1,Canceled,2016-06-15
City Hotel,1,128,2016,August,14,24,1,1,2,2,0,0,2,BB,DEU,Online TA,TA/TO,0,0,0,A,A,0,No Deposit,149,22,5,Transient-Party,130.58,0,0,Canceled,2016-06-15
Resort Hotel,0,62,2016,March,36,4,0,2,2,2,1,0,3,BB,NLD,Online TA,TA/TO,0,0,0,A,A,0,No Deposit,343,22,0,Transient-Party,104.22,0,2,Check-Out,2016-06-15
Resort Hotel,0,9,2016,March,33,24,2,6,8,1,0,0,1,HB,NLD,Online TA,TA/TO,0,1,0,A,A,1,No Deposit,23,0,0,Transient,46.72,1,1,Check-Out,2016-06-15
City Hotel,1,5,2016,November,38,26,0,1,1,2,0,0,2,BB,FRA,Direct,TA/TO,0,0,0,A,A,0,No Deposit,2,0,0,Transient,70.83,0,2,Canceled,2016-06-15
City Hotel,1,46,2017,July,39,16,2,2,4,2,0,0,2,BB,GBR,Offline TA/TO,TA/TO,0,0,0,A,A,0,No Deposit,304,22,0,Transient,172.91,0,0,Canceled,2016-06-15
City Hotel,0,62,2017,May,6,22,1,2,3,2,2,0,4,BB,NLD,Online TA,Corporate,0,0,0,A,A,0,Non Refund,456,0,0,Transient-Party,129.09,0,1,Check-Out,2016-06-15
Resort Hotel,0,93,2016,September,26,11,1,3,4,2,0,0,2,BB,PRT,Online TA,TA/TO,0,0,0,A,A,0,Non Refund,340,22,0,Transient-Party,34.9,0,2,Check-Out,2016-06-15
City Hotel,1,0,2016,July,24,9,2,1,3,2,0,0,2,BB,NLD,Online TA,TA/TO,0,0,0,A,A,0,No Deposit,141,22,0,Transient-Party,97.87,1,0,Canceled,2016-06-15
City Hotel,0,457,2017,April,33,17,0,3,3,2,0,0,2,BB,ESP,Online TA,TA/TO,0,0,0,A,A,0,No Deposit,480,22,0,Transient-Party,94.2,0,0,Check-Out,2016-06-15
City Hotel,1,45,2015,March,8,22,0,7,7,3,0,0,3,BB,PRT,Online TA,TA/TO,0,0,0,D,D,0,No Deposit,29,22,0,Transient,87.14,0,0,Canceled,2016-06-15
City Hotel,0,188,2017,May,44,11,0,2,2,2,0,0,2,BB,ESP,Direct,TA/TO,0,0,0,A,A,0,No Deposit,31,0,0,Transient-Party,18.44,0,0,Check-Out,2016-06-15
City Hotel,0,76,2017,October,43,20,2,2,4,1,1,0,2,BB,DEU,Offline TA/TO,TA/TO,0,1,0,F,F,0,No Deposit,70,0,0,Transient,123.06,0,2,Check-Out,2016-06-15
City Hotel,0,13,2015,February,34,3,0,1,1,2,0,0,2,BB,PRT,Direct,Corporate,0,0,0,A,A,0,No Deposit,9,0,0,Transient-Party,127.58,0,0,Check-Out,2016-06-15
City Hotel,1,159,2017,April,34,21,0,2,2,2,0,0,2,BB,ITA,Corporate,TA/TO,0,0,0,A,A,0,No Deposit,133,0,0,Transient,69.64,0,0,Canceled,2016-06-15
Resort Hotel,0,123,2017,October,24,26,1,2,3,2,0,0,2,BB,NLD,Online TA,TA/TO,0,0,1,F,F,0,No Deposit,77,22,0,Transient,0.0,0,0,Check-Out,2016-06-15
Resort Hotel,1,74,2017,February,2,11,2,3,5,2,0,0,2,BB,NLD,Offline TA/TO,TA/TO,0,0,0,A,A,1,No Deposit,408,22,0,Transient,102.44,0,0,Canceled,2016-06-15
City Hotel,0,72,2016,August,8,8,0,2,2,2,0,0,2,BB,ESP,Groups,TA/TO,0,0,0,D,C,1,No Deposit,245,0,0,Transient,168.4,0,2,Check-Out,2016-06-15
City Hotel,0,9,2016,April,25,27,1,2,3,2,0,0,2,BB,PRT,Offline TA/TO,TA/TO,0,1,0,A,A,0,No Deposit,407,22,0,Transient-Party,97.81,1,0,Check-Out,2016-06-15
City Hotel,0,106,2016,July,30,10,0,3,3,2,0,0,2,BB,ESP,Online TA,TA/TO,1,0,0,A,A,0,Non Refund,209,22,0,Transient-Party,63.58,0,1,Check-Out,2016-06-15
City Hotel,1,242,2016,May,32,6,0,5,5,2,0,0,2,BB,PRT,Groups,TA/TO,0,0,0,D,D,1,No Deposit,152,22,0,Transient,153.5,0,1,Canceled,2016-06-15
City Hotel,1,9,2016,February,30,17,2,1,3,2,0,0,2,BB,NLD,Direct,TA/TO,0,0,0,A,A,0,Non Refund,57,22,0,Transient,163.42,0,0,Canceled,2016-06-15
City Hotel,0,30,2016,July,7,6,1,3,4,1,0,0,1,BB,NLD,Online TA,TA/TO,0,0,0,G,G,0,No Deposit,420,0,0,Transient-Party,82.17,0,1,Check-Out,2016-06-15
City Hotel,0,232,2016,August,48,7,2,2,4,2,0,0,2,BB,PRT,Online TA,TA/TO,0,0,0,A,A,0,No Deposit,80,0,0,Transient-Party,125.95,0,0,Check-Out,2016-06-15
City Hotel,0,33,2015,August,24,13,1,1,2,2,0,0,2,BB,DEU,Offline TA/TO,TA/TO,0,0,0,A,A,0,No Deposit,123,0,0,Transient,98.91,0,1,Check-Out,2016-06-15
Resort Hotel,0,106,2016,August,9,6,0,3,3,2,0,0,2,BB,PRT,Groups,TA/TO,0,0,0,A,A,0,Non Refund,494,22,0,Transient,106.38,1,0,Check-Out,2016-06-15
City Hotel,0,76,2015,July,16,3,1,3,4,1,0,0,1,SC,PRT,Offline TA/TO,TA/TO,0,0,0,A,A,1,No Deposit,305,22,0,Contract,93.9,0,2,Check-Out,2016-06-15
Resort Hotel,0,90,2017,July,2,27,4,3,7,2,0,0,2,HB,PRT,Online TA,TA/TO,0,0,0,A,A,1,No Deposit,249,22,0,Transient,64.32,0,2,Check-Out,2016-06-15
City Hotel,0,53,2016,August,35,25,0,1,1,1,2,0,3,BB,PRT,Online TA,TA/TO,0,0,0,A,A,0,No Deposit,315,22,0,Transient,59.98,0,1,Check-Out,2016-06-15
City Hotel,1,35,2015,August,34,13,1,5,6,1,0,0,1,BB,ESP,Offline TA/TO,TA/TO,0,0,0,A,C,0,No Deposit,236,0,0,Transient,65.89,0,0,Canceled,2016-06-15
Resort Hotel,1,4,2017,August,22,10,1,1,2,2,0,0,2,BB,NLD,Groups,TA/TO,0,0,0,A,A,0,No Deposit,14,0,0,Transient,97.02,0,1,Canceled,2016-06-15
City Hotel,1,136,2015,July,19,26,0,1,1,2,0,0,2,BB,PRT,Groups,TA/TO,0,0,0,A,A,0,No Deposit,421,22,0,Transient-Party,128.47,0,0,Canceled,2016-06-15
City Hotel,1,137,2016,March,49,4,2,3,5,2,0,0,2,BB,NLD,Groups,TA/TO,0,0,0,D,D,0,No Deposit,490,0,0,Group,164.27,0,0,Canceled,2016-06-15
City Hotel,0,111,2017,April,52,5,1,1,2,2,0,0,2,BB,PRT,Online TA,Direct,0,0,0,A,A,0,No Deposit,349,0,0,Transient,110.77,0,0,Check-Out,2016-06-15
Resort Hotel,1,103,2017,April,21,21,0,1,1,2,0,0,2,BB,PRT,Offline TA/TO,TA/TO,0,0,0,A,A,0,No Deposit,62,0,0,Transient,73.08,0,0,Canceled,2016-06-15
City Hotel,0,27,2015,November,12,19,0,2,2,2,0,0,2,BB,DEU,Online TA,Direct,0,0,0,D,D,0,No Deposit,43,22,0,Transient-Party,86.36,0,0,Check-Out,2016-06-15
City Hotel,0,2,2017,September,11,28,2,3,5,2,0,0,2,BB,ESP,Online TA,TA/TO,0,0,0,A,A,0,Non Refund,142,22,0,Transient,147.67,0,0,Check-Out,2016-06-15
City Hotel,0,165,2017,July,52,18,0,2,2,1,1,0,2,BB,GBR,Groups,TA/TO,0,0,0,A,A,0,No Deposit,307,22,0,Transient,165.87,0,2,Check-Out,2016-06-15
City Hotel,0,67,2016,April,19,24,1,3,4,2,0,0,2,BB,ESP,Online TA,TA/TO,0,0,0,A,A,0,No Deposit,252,0,0,Contract,59.38,0,1,Check-Out,2016-06-15
City Hotel,0,36,2016,February,6,7,2,5,7,2,0,0,2,BB,BRA,Online TA,TA/TO,0,0,0,D,D,0,Non Refund,398,0,5,Transient,72.82,0,0,Check-Out,2016-06-15
City Hotel,1,10,2015,October,42,21,0,6,6,2,0,0,2,BB,NLD,Groups,TA/TO,0,0,0,A,B,1,No Deposit,193,0,0,Transient,102.11,0,1,Canceled,2016-06-15
City Hotel,1,6,2016,October,14,1,2,1,3,1,0,0,1,BB,PRT,Online TA,TA/TO,0,0,0,B,B,1,No Deposit,27,0,0,Transient-Party,168.87,0,2,Canceled,2016-06-15
City Hotel,1,42,2016,February,33,26,1,3,4,2,0,0,2,BB,PRT,Online TA,TA/TO,0,0,0,A,A,0,No Deposit,434,22,0,Transient,134.26,1,0,Canceled,2016-06-15
City Hotel,1,163,2017,September,47,17,1,2,3,2,1,0,3,BB,PRT,Online TA,TA/TO,0,0,0,A,A,0,No Deposit,440,22,0,Transient,98.66,0,0,Canceled,2016-06-15
Resort Hotel,0,250,2016,June,38,24,1,5,6,2,0,0,2,BB,PRT,Online TA,TA/TO,0,0,0,F,F,0,No Deposit,134,0,0,Transient,127.72,0,0,Check-Out,2016-06-15
Resort Hotel,1,227,2016,May,13,20,2,5,7,2,0,0,2,BB,NLD,Online TA,TA/TO,0,0,0,A,A,0,No Deposit,217,22,0,Transient,138.26,0,0,Canceled,2016-06-15
City Hotel,0,252,2015,August,26,20,2,2,4,3,0,0,3,SC,PRT,Offline TA/TO,TA/TO,0,0,0,A,A,0,No Deposit,132,22,0,Transient,80.08,0,0,Check-Out,2016-06-15
City Hotel,1,238,2015,July,14,25,0,3,3,1,0,0,1,FB,IRL,Offline TA/TO,TA/TO,0,0,0,D,D,0,No Deposit,400,0,0,Group,87.38,0,0,Canceled,2016-06-15
City Hotel,0,74,2015,September,45,18,1,5,6,1,0,0,1,BB,NLD,Direct,TA/TO,0,0,0,A,C,3,No Deposit,20,0,0,Transient-Party,128.18,0,0,Check-Out,2016-06-15
Resort Hotel,1,24,2015,February,24,5,0,2,2,2,0,0,2,BB,NLD,Online TA,TA/TO,0,0,0,D,D,0,No Deposit,99,22,0,Transient,75.3,0,0,Canceled,2016-06-15
Resort Hotel,0,159,2016,May,48,22,0,3,3,2,1,0,3,BB,PRT,Direct,TA/TO,0,0,0,A,A,0,No Deposit,330,0,0,Transient,126.36,0,3,Check-Out,2016-06-15
Resort Hotel,0,24,2017,May,1,6,0,4,4,2,1,0,3,BB,NLD,Online TA,TA/TO,0,0,0,D,D,0,No Deposit,199,0,5,Transient,138.57,0,1,Check-Out,2016-06-15
City Hotel,1,31,2016,May,46,10,2,5,7,2,0,0,2,BB,NLD,Groups,Corporate,0,0,0,A,A,0,No Deposit,331,0,0,Transient,90.98,0,0,Canceled,2016-06-15
City Hotel,0,26,2016,July,45,28,3,2,5,1,0,0,1,BB,IRL,Online TA,GDS,0,0,0,A,A,0,No Deposit,289,0,0,Transient,89.52,0,0,Check-Out,2016-06-15
City Hotel,1,72,2016,April,30,19,2,6,8,2,0,0,2,BB,DEU,Direct,TA/TO,0,0,0,G,G,0,No Deposit,113,0,0,Transient,84.62,0,3,Canceled,2016-06-15
City Hotel,1,38,2016,June,10,10,1,3,4,2,0,0,2,BB,DEU,Online TA,TA/TO,0,0,0,A,A,0,No Deposit,62,0,0,Transient-Party,134.11,0,0,Canceled,2016-06-15
City Hotel,1,16,2016,May,10,6,2,1,3,2,0,0,2,BB,NLD,Offline TA/TO,TA/TO,0,0,1,A,A,0,No Deposit,330,0,0,Transient,149.11,0,0,Canceled,2016-06-15
City Hotel,1,60,2016,August,28,10,2,3,5,2,0,0,2,BB,ESP,Online TA,TA/TO,0,0,0,A,A,2,No Deposit,484,0,0,Transient,110.27,0,0,Canceled,2016-06-15
City Hotel,1,207,2017,July,4,10,1,2,3,2,1,0,3,BB,PRT,Groups,TA/TO,0,0,0,G,B,0,No Deposit,95,22,0,Transient,73.17,0,0,Canceled,2016-06-15
City Hotel,0,84,2015,August,14,21,2,2,4,2,0,0,2,BB,NLD,Online TA,TA/TO,0,0,0,A,A,0,No Deposit,444,22,0,Transient,82.43,0,1,Check-Out,2016-06-15
City Hotel,1,210,2015,April,12,12,0,4,4,2,0,0,2,BB,PRT,Groups,TA/TO,0,0,0,D,D,1,No Deposit,211,0,0,Transient,113.92,0,0,Canceled,2016-06-15
City Hotel,1,21,2016,May,38,24,0,7,7,1,0,0,1,BB,ITA,Groups,TA/TO,0,1,0,A,G,0,No Deposit,64,22,5,Transient,25.35,0,0,Canceled,2016-06-15
City Hotel,1,18,2017,January,47,4,0,5,5,2,0,0,2,BB,ESP,Direct,TA/TO,0,0,0,D,D,0,No Deposit,113,22,0,Transient,42.47,0,0,Canceled,2016-06-15
City Hotel,0,85,2016,February,37,13,0,2,2,2,1,0,3,HB,DEU,Online TA,Direct,0,0,1,A,A,0,No Deposit,264,22,0,Transient,85.89,0,2,Check-Out,2016-06-15
Resort Hotel,1,62,2017,April,10,26,1,2,3,2,1,0,3,BB,DEU,Offline TA/TO,Direct,0,0,0,G,G,0,No Deposit,52,0,0,Transient,152.96,0,0,Canceled,2016-06-15
City Hotel,1,107,2016,February,41,10,2,7,9,2,0,0,2,HB,PRT,Groups,TA/TO,0,0,0,A,A,0,No Deposit,467,22,0,Transient-Party,81.24,0,2,Canceled,2016-06-15
City Hotel,1,158,2016,July,27,16,1,5,6,2,0,0,2,BB,PRT,Groups,TA/TO,0,0,0,A,A,0,Non Refund,177,0,0,Transient-Party,37.16,0,0,Canceled,2016-06-15
Resort Hotel,1,139,2017,December,42,19,1,7,8,2,0,0,2,BB,PRT,Groups,TA/TO,0,0,0,B,G,0,No Deposit,239,0,0,Transient-Party,121.49,0,0,Canceled,2016-06-15
City Hotel,0,285,2017,February,12,6,0,2,2,2,0,0,2,BB,NLD,Direct,TA/TO,0,0,1,D,D,0,No Deposit,323,0,0,Transient,157.53,1,0,Check-Out,2016-06-15
City Hotel,0,50,2016,September,22,26,1,4,5,2,0,0,2,BB,DEU,Direct,TA/TO,0,0,0,A,A,0,No Deposit,387,22,0,Transient,103.37,0,3,Check-Out,2016-06-15
City Hotel,1,23,2016,February,4,9,0,5,5,2,0,0,2,BB,PRT,Offline TA/TO,TA/TO,0,0,0,A,A,2,No Deposit,114,22,0,Transient-Party,70.68,0,0,Canceled,2016-06-15
Resort Hotel,0,80,2016,August,29,14,1,1,2,2,0,0,2,BB,GBR,Online TA,TA/TO,0,0,0,A,A,0,Non Refund,225,22,0,Contract,81.3,0,1,Check-Out,2016-06-15
City Hotel,0,11,2016,August,36,24,2,2,4,4,0,1,5,BB,GBR,Groups,TA/TO,0,0,0,A,A,0,No Deposit,213,0,0,Transient,63.37,0,1,Check-Out,2016-06-15
Resort Hotel,0,34,2017,October,45,10,1,5,6,1,1,0,2,BB,PRT,Online TA,TA/TO,0,0,0,A,A,0,No Deposit,97,0,0,Transient,198.67,0,0,Check-Out,2016-06-15
Resort Hotel,0,23,2016,February,14,8,1,2,3,2,1,0,3,BB,NLD,Online TA,TA/TO,0,0,0,A,A,0,No Deposit,195,0,0,Transient,69.48,0,1,Check-Out,2016-06-15
Resort Hotel,1,50,2016,May,12,3,2,2,4,2,1,0,3,BB,NLD,Offline TA/TO,TA/TO,0,0,0,A,A,0,No Deposit,284,22,0,Transient,109.26,0,0,Canceled,2016-06-15
Resort Hotel,1,11,2017,February,45,17,0,2,2,2,0,0,2,BB,FRA,Groups,GDS,0,0,0,A,A,0,No Deposit,85,0,0,Transient,89.73,0,0,Canceled,2016-06-15
Resort Hotel,0,3,2016,June,20,19,1,2,3,1,0,0,1,BB,FRA,Online TA,Direct,0,0,0,A,A,1,No Deposit,417,22,30,Transient,141.39,0,0,Check-Out,2016-06-15
Resort Hotel,1,106,2016,November,45,3,3,1,4,2,0,0,2,BB,GBR,Offline TA/TO,TA/TO,0,0,0,E,E,0,No Deposit,40,0,0,Transient,98.52,0,0,Canceled,2016-06-15
City Hotel,0,94,2017,September,23,14,3,1,4,2,0,0,2,HB,ESP,Offline TA/TO,TA/TO,0,0,1,A,A,0,No Deposit,111,22,0,Transient,78.35,0,2,Check-Out,2016-06-15
Resort Hotel,0,123,2016,August,22,28,0,1,1,3,0,0,3,BB,BEL,Online TA,TA/TO,0,0,0,A,A,0,No Deposit,288,0,0,Transient,170.53,0,0,Check-Out,2016-06-15
City Hotel,1,107,2016,July,34,6,1,5,6,2,0,0,2,BB,NLD,Online TA,TA/TO,0,0,0,A,A,0,No Deposit,301,0,0,Transient-Party,72.88,0,1,Canceled,2016-06-15
City Hotel,0,12,2015,October,21,19,0,1,1,1,1,0,2,BB,ESP,Groups,TA/TO,0,0,0,A,A,0,No Deposit,193,22,0,Transient,118.17,0,2,Check-Out,2016-06-15
City Hotel,0,34,2015,June,51,18,0,2,2,1,1,0,2,BB,PRT,Online TA,TA/TO,0,0,0,A,A,0,No Deposit,158,22,0,Transient-Party,86.13,0,0,Check-Out,2016-06-15
City Hotel,0,13,2016,March,9,12,1,2,3,2,0,0,2,BB,NLD,Offline TA/TO,TA/TO,0,0,0,F,F,0,No Deposit,208,0,0,Contract,80.75,0,1,Check-Out,2016-06-15
Resort Hotel,0,185,2016,October,10,15,1,4,5,1,0,0,1,BB,GBR,Online TA,TA/TO,0,0,0,A,A,0,No Deposit,205,0,0,Transient,57.68,1,0,Check-Out,2016-06-15
Resort Hotel,0,137,2017,April,49,25,2,2,4,1,0,0,1,BB,DEU,Online TA,TA/TO,0,0,0,A,A,0,No Deposit,381,0,0,Transient-Party,81.87,0,1,Check-Out,2016-06-15
Resort Hotel,0,22,2017,January,10,6,0,2,2,2,0,0,2,BB,PRT,Online TA,Corporate,0,0,0,D,D,0,No Deposit,320,0,0,Transient-Party,108.87,0,3,Check-Out,2016-06-15
Resort Hotel,0,41,2017,February,52,21,2,1,3,2,0,0,2,SC,PRT,Online TA,TA/TO,0,0,0,D,D,0,No Deposit,313,0,0,Transient-Party,60.53,0,0,Check-Out,2016-06-15
Resort Hotel,0,339,2016,July,45,12,1,5,6,2,0,0,2,BB,PRT,Direct,Direct,0,0,0,E,E,0,Non Refund,127,0,0,Transient,133.26,0,0,Check-Out,2016-06-15
Resort Hotel,0,90,2017,July,52,19,1,3,4,2,2,0,4,BB,PRT,Direct,TA/TO,0,0,0,D,D,0,No Deposit,488,22,0,Transient-Party,108.15,0,0,Check-Out,2016-06-15
Resort Hotel,1,161,2016,April,30,7,1,2,3,2,1,0,3,BB,ESP,Online TA,TA/TO,0,0,0,A,A,1,No Deposit,37,0,0,Transient,60.13,1,2,Canceled,2016-06-15
Resort Hotel,0,30,2016,August,33,23,4,5,9,2,0,0,2,SC,PRT,Direct,TA/TO,0,0,0,D,D,0,Non Refund,461,22,0,Transient,108.06,0,0,Check-Out,2016-06-15
City Hotel,1,23,2017,September,2,20,4,1,5,2,0,0,2,BB,PRT,Online TA,Direct,0,0,0,D,D,0,No Deposit,130,0,0,Transient,116.86,0,0,Canceled,2016-06-15
Resort Hotel,0,153,2015,November,49,10,1,2,3,2,0,0,2,HB,NLD,Online TA,Corporate,0,0,0,D,D,0,No Deposit,32,22,0,Contract,118.61,0,1,Check-Out,2016-06-15
City Hotel,1,115,2015,July,32,18,1,3,4,2,0,0,2,BB,NLD,Groups,TA/TO,0,1,1,A,A,1,No Deposit,298,0,0,Transient,100.06,0,1,Canceled,2016-06-15
City Hotel,0,114,2017,September,45,2,1,2,3,2,0,0,2,BB,DEU,Offline TA/TO,TA/TO,0,0,0,B,B,0,No Deposit,240,0,0,Transient,125.15,0,0,Check-Out,2016-06-15
City Hotel,0,80,2016,September,17,13,0,3,3,2,0,0,2,Undefined,PRT,Offline TA/TO,TA/TO,0,0,0,E,E,0,No Deposit,457,0,0,Transient,83.25,0,0,Check-Out,2016-06-15
Resort Hotel,0,82,2016,April,28,15,0,2,2,2,0,0,2,HB,NLD,Online TA,TA/TO,0,0,0,A,A,0,No Deposit,109,0,0,Transient,85.51,0,2,Check-Out,2016-06-15
City Hotel,1,133,2016,May,45,28,1,4,5,2,0,0,2,BB,BEL,Corporate,TA/TO,0,0,0,A,A,0,Non Refund,390,22,0,Transient-Party,81.84,0,0,Canceled,2016-06-15
City Hotel,1,31,2017,June,17,24,1,2,3,2,0,0,2,BB,DEU,Groups,TA/TO,0,1,0,A,A,0,No Deposit,371,22,0,Contract,68.4,0,2,Canceled,2016-06-15
Resort Hotel,0,43,2016,January,51,4,0,1,1,1,0,0,1,BB,NLD,Corporate,TA/TO,0,0,0,A,C,0,No Deposit,339,0,0,Transient,100.39,0,0,Check-Out,2016-06-15
City Hotel,0,205,2016,April,14,7,1,3,4,1,0,0,1,BB,FRA,Online TA,TA/TO,0,0,0,A,A,0,No Deposit,145,22,0,Transient,136.49,0,0,Check-Out,2016-06-15
City Hotel,1,36,2015,June,52,3,1,5,6,1,0,0,1,BB,PRT,Offline TA/TO,Direct,0,0,0,A,A,1,No Deposit,211,22,0,Transient,59.19,0,0,Canceled,2016-06-15
Resort Hotel,1,79,2016,February,10,25,1,2,3,2,0,0,2,BB,NLD,Groups,TA/TO,0,0,0,A,A,0,No Deposit,41,0,0,Transient-Party,185.52,0,0,Canceled,2016-06-15
Resort Hotel,1,121,2017,February,34,16,2,3,5,2,0,0,2,BB,NLD,Groups,TA/TO,0,0,0,A,A,0,No Deposit,454,22,0,Transient,53.04,0,0,Canceled,2016-06-15
City Hotel,0,700,2016,June,14,26,0,3,3,2,0,0,2,Undefined,NLD,Groups,TA/TO,0,0,0,A,A,1,No Deposit,307,22,0,Transient,116.18,0,0,Check-Out,2016-06-15
City Hotel,0,57,2016,August,17,9,2,4,6,2,0,0,2,BB,NLD,Offline TA/TO,TA/TO,0,0,0,A,C,0,No Deposit,190,0,0,Transient,153.75,1,0,Check-Out,2016-06-15
Resort Hotel,0,55,2016,October,37,23,1,1,2,3,0,0,3,BB,GBR,Online TA,TA/TO,0,0,0,A,A,0,No Deposit,33,0,0,Transient-Party,188.15,0,2,Check-Out,2016-06-15
Resort Hotel,0,184,2017,July,22,23,0,3,3,2,0,0,2,BB,NLD,Corporate,TA/TO,0,0,0,A,A,0,No Deposit,1,0,0,Transient,127.58,0,2,Check-Out,2016-06-15
City Hotel,1,163,2016,June,18,17,2,3,5,3,0,0,3,BB,NLD,Online TA,TA/TO,0,0,0,E,E,0,No Deposit,438,22,0,Transient,134.95,1,0,Canceled,2016-06-15
City Hotel,1,131,2016,May,35,26,1,1,2,2,0,0,2,BB,ESP,Online TA,GDS,0,0,0,A,A,0,No Deposit,190,0,0,Transient,93.79,0,2,Canceled,2016-06-15
City Hotel,0,62,2016,March,48,8,1,2,3,2,0,0,2,BB,DEU,Groups,TA/TO,0,0,0,A,A,0,No Deposit,476,22,0,Transient,129.34,0,0,Check-Out,2016-06-15
City Hotel,1,39,2015,March,51,18,1,2,3,1,0,0,1,HB,ESP,Online TA,TA/TO,0,0,0,C,C,1,No Deposit,159,22,0,Transient,103.29,0,0,Canceled,2016-06-15
City Hotel,0,93,2017,September,18,24,2,4,6,1,0,0,1,SC,PRT,Online TA,TA/TO,0,0,0,E,E,0,No Deposit,155,22,0,Transient-Party,94.24,0,0,Check-Out,2016-06-15
City Hotel,0,208,2017,June,52,27,2,4,6,2,0,0,2,BB,ESP,Online TA,TA/TO,0,0,0,A,G,0,No Deposit,42,0,0,Transient,96.62,0,0,Check-Out,2016-06-15
Resort Hotel,0,215,2017,September,30,13,2,1,3,2,0,0,2,SC,PRT,Online TA,TA/TO,0,0,0,D,D,1,No Deposit,56,22,0,Transient,101.68,0,0,Check-Out,2016-06-15
Resort Hotel,0,11,2017,August,37,2,2,1,3,1,0,0,1,BB,FRA,Offline TA/TO,TA/TO,0,0,0,D,D,1,No Deposit,188,0,10,Transient,112.99,0,1,Check-Out,2016-06-15
City Hotel,1,55,2017,March,40,1,0,3,3,2,0,0,2,BB,PRT,Online TA,TA/TO,0,0,0,A,A,0,No Deposit,154,0,0,Transient,46.88,0,1,Canceled,2016-06-15
City Hotel,0,62,2016,July,6,16,1,3,4,2,0,0,2,BB,FRA,Online TA,TA/TO,0,0,2,A,A,0,No Deposit,150,22,0,Transient,141.89,0,0,Check-Out,2016-06-15
City Hotel,0,379,2017,June,15,16,2,1,3,2,0,0,2,BB,PRT,Online TA,TA/TO,0,0,0,A,A,1,No Deposit,417,0,0,Transient,102.09,0,1,Check-Out,2016-06-15
City Hotel,0,113,2016,June,35,11,2,2,4,2,1,0,3,BB,NLD,Groups,TA/TO,0,0,0,A,A,0,No Deposit,482,22,0,Transient,60.93,0,0,Check-Out,2016-06-15
Resort Hotel,0,52,2015,July,26,24,1,4,5,2,0,0,2,BB,FRA,Offline TA/TO,TA/TO,0,0,0,A,A,0,No Deposit,96,22,0,Transient,118.74,0,1,Check-Out,2016-06-15
City Hotel,0,2,2016,December,41,4,2,1,3,2,0,0,2,BB,FRA,Offline TA/TO,TA/TO,0,0,0,D,D,0,No Deposit,418,0,0,Transient-Party,136.74,0,1,Check-Out,2016-06-15
City Hotel,1,83,2017,September,27,11,0,2,2,2,1,0,3,BB,NLD,Online TA,TA/TO,0,0,0,A,A,0,No Deposit,423,22,0,Transient,62.73,0,2,Canceled,2016-06-15
Resort Hotel,1,10,2016,October,30,26,1,3,4,2,0,0,2,BB,FRA,Offline TA/TO,Corporate,1,0,0,E,A,0,No Deposit,252,22,0,Transient,127.16,0,0,Canceled,2016-06-15
Resort Hotel,1,179,2017,January,11,6,1,4,5,2,0,0,2,BB,PRT,Offline TA/TO,TA/TO,0,0,0,A,A,1,No Deposit,139,0,0,Transient,81.4,0,1,Canceled,2016-06-15
City Hotel,0,139,2015,March,52,26,1,3,4,1,0,0,1,FB,PRT,Online TA,TA/TO,0,0,0,A,A,0,No Deposit,59,0,0,Transient,102.98,0,0,Check-Out,2016-06-15
Resort Hotel,0,61,2016,February,24,11,2,2,4,2,0,0,2,BB,PRT,Offline TA/TO,TA/TO,0,0,0,A,A,0,No Deposit,454,0,0,Transient-Party,105.6,0,0,Check-Out,2016-06-15
Resort Hotel,1,56,2016,April,14,26,2,7,9,2,1,0,3,BB,PRT,Online TA,TA/TO,0,0,0,C,C,0,No Deposit,292,0,0,Transient-Party,94.4,0,0,Canceled,2016-06-15
Resort Hotel,0,227,2015,June,23,1,0,1,1,2,0,0,2,BB,NLD,Direct,TA/TO,0,0,0,A,A,0,No Deposit,82,22,0,Transient,86.1,0,2,Check-Out,2016-06-15
Resort Hotel,1,34,2015,August,9,9,2,2,4,2,0,0,2,BB,BRA,Online TA,Direct,0,0,0,D,D,0,Non Refund,74,22,0,Transient-Party,114.3,0,2,Canceled,2016-06-15
Resort Hotel,0,28,2015,July,42,27,1,2,3,1,0,0,1,HB,PRT,Offline TA/TO,TA/TO,0,0,0,E,E,1,No Deposit,482,0,0,Transient,55.6,0,2,Check-Out,2016-06-15
City Hotel,0,280,2017,October,47,7,1,1,2,1,1,0,2,BB,PRT,Online TA,TA/TO,0,0,0,A,A,0,Non Refund,418,22,0,Transient-Party,89.64,0,0,Check-Out,2016-06-15
City Hotel,0,165,2015,November,18,21,1,3,4,2,0,0,2,BB,FRA,Online TA,Corporate,0,0,0,G,G,0,No Deposit,54,0,0,Transient,35.36,0,0,Check-Out,2016-06-15
City Hotel,1,171,2016,March,51,22,2,1,3,1,0,0,1,HB,PRT,Groups,TA/TO,0,0,0,A,A,1,No Deposit,150,22,0,Transient,77.83,0,0,Canceled,2016-06-15
City Hotel,1,21,2015,October,39,3,1,2,3,1,1,0,2,BB,PRT,Online TA,TA/TO,0,0,0,A,A,0,Non Refund,23,22,0,Transient-Party,64.18,0,3,Canceled,2016-06-15
City Hotel,0,15,2016,June,19,9,0,2,2,2,1,0,3,BB,NLD,Offline TA/TO,TA/TO,0,0,1,A,A,0,Non Refund,114,22,0,Transient,79.62,1,1,Check-Out,2016-06-15
Resort Hotel,1,2,2016,June,5,2,1,4,5,2,0,0,2,BB,ESP,Online TA,TA/TO,0,0,0,A,A,0,No Deposit,480,22,0,Transient,101.41,0,1,Canceled,2016-06-15
City Hotel,1,27,2016,September,18,28,0,6,6,2,0,0,2,SC,NLD,Online TA,TA/TO,0,0,0,E,D,0,No Deposit,267,0,0,Transient,119.53,0,0,Canceled,2016-06-15
City Hotel,0,148,2016,February,33,10,0,1,1,1,0,0,1,BB,PRT,Online TA,TA/TO,0,0,0,A,A,0,No Deposit,377,22,0,Transient,165.89,0,3,Check-Out,2016-06-15
City Hotel,0,27,2016,October,44,17,0,7,7,2,0,0,2,BB,GBR,Online TA,Corporate,0,0,0,A,A,0,No Deposit,387,22,0,Transient-Party,111.0,0,1,Check-Out,2016-06-15
City Hotel,0,130,2017,August,38,1,1,6,7,2,0,0,2,BB,NLD,Online TA,TA/TO,0,0,0,A,A,0,No Deposit,299,22,0,Transient,46.36,0,0,Check-Out,2016-06-15
Resort Hotel,1,29,2017,October,13,26,0,1,1,2,1,0,3,BB,DEU,Online TA,TA/TO,0,0,0,A,G,0,No Deposit,251,0,0,Transient,78.64,0,0,Canceled,2016-06-15
Resort Hotel,0,50,2015,December,49,18,0,5,5,2,0,0,2,BB,ITA,Direct,Direct,0,0,0,D,D,1,Non Refund,169,0,0,Transient,68.08,0,0,Check-Out,2016-06-15
City Hotel,1,408,2016,July,9,6,2,3,5,2,0,1,3,SC,DEU,Online TA,Direct,0,0,0,A,A,0,Non Refund,75,22,0,Transient,55.73,0,0,Canceled,2016-06-15
City Hotel,1,28,2016,February,26,6,1,5,6,2,0,0,2,BB,ESP,Offline TA/TO,TA/TO,0,0,0,A,A,1,No Deposit,22,0,0,Transient,144.26,0,0,Canceled,2016-06-15
City Hotel,1,47,2015,March,1,9,1,6,7,2,0,0,2,BB,NLD,Offline TA/TO,TA/TO,0,0,0,G,G,1,No Deposit,151,22,0,Transient,111.67,0,1,Canceled,2016-06-15
City Hotel,0,35,2017,May,12,10,2,5,7,1,0,0,1,BB,NLD,Offline TA/TO,TA/TO,0,0,0,A,A,0,No Deposit,89,22,0,Transient-Party,118.85,0,2,Check-Out,2016-06-15
City Hotel,0,11,2016,February,24,15,1,2,3,1,0,0,1,HB,IRL,Offline TA/TO,TA/TO,0,0,0,C,C,0,No Deposit,50,0,0,Transient,49.7,0,2,Check-Out,2016-06-15
City Hotel,1,67,2016,September,1,4,2,3,5,2,0,0,2,BB,ITA,Online TA,TA/TO,0,0,0,A,A,0,No Deposit,298,0,0,Transient-Party,110.81,0,3,Canceled,2016-06-15
Resort Hotel,0,47,2016,April,4,8,0,2,2,2,0,0,2,BB,PRT,Online TA,TA/TO,1,0,0,A,A,0,No Deposit,248,22,0,Transient,126.7,0,0,Check-Out,2016-06-15
Resort Hotel,0,118,2017,December,7,4,1,2,3,1,0,0,1,BB,FRA,Online TA,Direct,0,0,0,A,A,0,No Deposit,115,22,0,Transient,106.3,0,0,Check-Out,2016-06-15
Resort Hotel,0,170,2017,August,52,3,2,2,4,2,0,0,2,BB,FRA,Online TA,Direct,0,0,0,D,D,0,Non Refund,466,22,0,Transient-Party,88.32,0,1,Check-Out,2016-06-15
Resort Hotel,0,78,2017,March,28,4,0,2,2,1,2,0,3,BB,PRT,Offline TA/TO,TA/TO,0,0,0,B,B,0,No Deposit,124,22,0,Transient,148.34,0,1,Check-Out,2016-06-15
Resort Hotel,0,3,2016,June,37,1,1,4,5,2,0,0,2,SC,BRA,Offline TA/TO,TA/TO,0,0,0,A,A,0,No Deposit,94,22,0,Transient,141.67,0,3,Check-Out,2016-06-15
Resort Hotel,0,96,2016,June,52,9,1,4,5,2,0,0,2,HB,PRT,Direct,TA/TO,0,0,0,A,A,0,No Deposit,152,22,0,Transient-Party,96.96,0,0,Check-Out,2016-06-15
Resort Hotel,0,5,2016,June,5,11,1,6,7,2,2,0,4,HB,GBR,Online TA,TA/TO,0,0,0,A,A,0,No Deposit,257,22,0,Transient-Party,111.88,0,1,Check-Out,2016-06-15
Resort Hotel,1,95,2015,July,39,21,2,2,4,1,0,0,1,BB,NLD,Online TA,TA/TO,0,0,0,A,A,0,No Deposit,224,22,0,Transient,97.52,0,0,Canceled,2016-06-15
City Hotel,0,115,2016,January,32,23,0,3,3,2,0,0,2,HB,GBR,Offline TA/TO,TA/TO,0,0,0,E,E,0,No Deposit,396,22,0,Transient,46.13,0,1,Check-Out,2016-06-15
Resort Hotel,0,22,2016,August,49,19,2,3,5,2,1,0,3,HB,ESP,Online TA,Direct,0,0,0,D,D,0,No Deposit,482,22,0,Transient,64.26,1,0,Check-Out,2016-06-15
City Hotel,0,171,2016,June,31,21,1,1,2,2,0,0,2,BB,PRT,Online TA,Direct,0,0,0,A,A,0,Non Refund,20,0,0,Transient-Party,60.99,0,1,Check-Out,2016-06-15
City Hotel,1,242,2017,September,44,26,0,2,2,2,0,0,2,BB,PRT,Offline TA/TO,TA/TO,0,0,0,A,A,1,No Deposit,104,0,0,Transient,129.51,0,1,Canceled,2016-06-15
City Hotel,0,167,2015,September,15,20,1,2,3,2,0,0,2,BB,BEL,Direct,TA/TO,0,0,0,A,A,0,No Deposit,101,22,0,Transient,61.08,0,0,Check-Out,2016-06-15
Resort Hotel,1,36,2016,April,3,7,2,7,9,1,0,0,1,SC,PRT,Online TA,TA/TO,0,0,0,A,A,0,No Deposit,33,22,0,Transient,85.38,0,0,Canceled,2016-06-15
City Hotel,0,88,2015,January,49,5,0,6,6,2,0,0,2,BB,PRT,Online TA,TA/TO,0,0,0,E,E,0,No Deposit,412,22,0,Transient,111.44,0,0,Check-Out,2016-06-15
City Hotel,1,246,2016,August,46,2,2,4,6,2,0,0,2,FB,GBR,Online TA,TA/TO,0,0,0,E,E,0,No Deposit,170,0,0,Transient,79.16,0,1,Canceled,2016-06-15
City Hotel,0,38,2015,December,47,19,0,2,2,2,0,0,2,BB,IRL,Corporate,GDS,0,0,0,A,A,0,No Deposit,460,22,0,Transient-Party,131.03,0,0,Check-Out,2016-06-15
City Hotel,0,171,2016,June,47,24,2,2,4,1,0,0,1,BB,ESP,Groups,Corporate,0,1,0,E,E,0,No Deposit,217,0,0,Transient,97.36,0,0,Check-Out,2016-06-15
Resort Hotel,1,0,2016,April,15,3,0,5,5,2,0,0,2,BB,PRT,Online TA,TA/TO,0,0,0,B,B,0,Non Refund,399,22,0,Transient-Party,63.75,0,0,Canceled,2016-06-15
Resort Hotel,0,0,2016,March,51,15,0,2,2,1,0,0,1,BB,NLD,Online TA,TA/TO,1,0,0,A,D,1,No Deposit,494,0,0,Transient,153.81,0,0,Check-Out,2016-06-15
City Hotel,0,142,2016,April,43,7,0,2,2,2,0,0,2,SC,PRT,Offline TA/TO,TA/TO,0,0,0,A,C,1,No Deposit,178,0,0,Transient,128.52,0,0,Check-Out,2016-06-15
City Hotel,0,143,2016,May,18,5,2,1,3,2,0,0,2,BB,ITA,Online TA,Direct,0,0,0,A,B,1,No Deposit,407,22,0,Transient,124.16,0,0,Check-Out,2016-06-15
City Hotel,1,155,2016,June,21,23,1,7,8,2,0,0,2,BB,DEU,Offline TA/TO,TA/TO,0,0,0,A,A,0,No Deposit,128,22,0,Transient-Party,106.95,0,0,Canceled,2016-06-15
City Hotel,0,265,2016,August,10,10,1,1,2,2,0,1,3,BB,NLD,Offline TA/TO,Direct,0,0,0,A,A,1,No Deposit,192,22,0,Transient-Party,108.25,0,1,Check-Out,2016-06-15
Resort Hotel,0,12,2016,April,21,9,2,1,3,2,0,0,2,BB,FRA,Online TA,TA/TO,0,0,0,A,A,0,Non Refund,161,22,0,Contract,105.27,0,1,Check-Out,2016-06-15
City Hotel,0,26,2017,January,26,23,0,4,4,1,0,0,1,SC,NLD,Online TA,TA/TO,0,2,0,A,A,2,No Deposit,110,0,0,Transient,75.91,0,0,Check-Out,2016-06-15
Resort Hotel,0,234,2016,May,41,14,0,1,1,2,0,0,2,BB,PRT,Online TA,TA/TO,0,0,0,A,A,0,No Deposit,33,22,0,Transient,80.86,1,0,Check-Out,2016-06-15
Resort Hotel,1,19,2016,October,3,22,1,7,8,2,0,0,2,BB,ESP,Offline TA/TO,Direct,0,0,0,D,D,0,No Deposit,57,0,0,Transient,101.65,0,0,Canceled,2016-06-15
City Hotel,0,114,2017,June,1,28,1,2,3,1,0,0,1,HB,ESP,Corporate,TA/TO,0,0,0,D,D,0,No Deposit,259,0,0,Transient,103.46,0,2,Check-Out,2016-06-15
City Hotel,1,75,2017,December,21,13,0,5,5,2,0,0,2,SC,PRT,Online TA,TA/TO,0,0,1,D,D,0,No Deposit,40,22,0,Transient-Party,132.16,0,0,Canceled,2016-06-15
Resort Hotel,0,8,2017,July,11,1,1,3,4,2,0,0,2,HB,PRT,Online TA,TA/TO,1,0,0,A,A,0,No Deposit,149,22,0,Transient-Party,78.28,0,0,Check-Out,2016-06-15
Resort Hotel,1,33,2016,April,16,16,0,3,3,2,0,0,2,SC,BRA,Offline TA/TO,TA/TO,0,0,0,A,A,0,No Deposit,66,0,10,Group,180.47,0,0,Canceled,2016-06-15
City Hotel,0,73,2016,March,35,20,0,5,5,2,0,0,2,BB,GBR,Offline TA/TO,TA/TO,0,0,0,D,D,0,Non Refund,178,22,0,Transient,126.02,0,1,Check-Out,2016-06-15
Resort Hotel,1,191,2016,August,21,8,0,2,2,2,0,0,2,BB,PRT,Groups,TA/TO,0,0,0,A,A,0,No Deposit,485,0,0,Transient,107.35,0,2,Canceled,2016-06-15
City Hotel,0,122,2016,July,41,17,0,2,2,2,0,0,2,BB,PRT,Groups,TA/TO,0,0,0,D,B,0,No Deposit,76,0,0,Transient,86.97,0,3,Check-Out,2016-06-15
Resort Hotel,1,97,2017,July,11,6,1,1,2,2,2,0,4,BB,NLD,Groups,TA/TO,0,0,0,A,A,0,No Deposit,146,0,0,Transient,74.29,0,2,Canceled,2016-06-15
City Hotel,0,68,2016,September,31,2,0,1,1,1,0,0,1,BB,PRT,Groups,TA/TO,0,0,0,A,A,0,No Deposit,99,0,0,Transient,116.38,0,1,Check-Out,2016-06-15
City Hotel,0,35,2017,August,49,13,0,4,4,2,0,0,2,BB,PRT,Groups,TA/TO,0,0,0,A,A,0,Non Refund,458,22,0,Transient,95.71,0,0,Check-Out,2016-06-15
Resort Hotel,0,12,2016,January,1,25,2,1,3,2,0,0,2,BB,FRA,Direct,TA/TO,0,0,0,A,A,0,No Deposit,313,22,0,Transient,105.31,1,1,Check-Out,2016-06-15
City Hotel,0,52,2016,September,41,8,2,2,4,2,0,0,2,BB,NLD,Online TA,TA/TO,0,0,0,A,A,0,No Deposit,86,0,0,Transient,110.19,0,1,Check-Out,2016-06-15
Resort Hotel,1,2,2017,July,32,25,2,2,4,1,0,0,1,BB,DEU,Offline TA/TO,TA/TO,0,0,0,A,A,0,No Deposit,350,0,0,Transient,75.02,0,1,Canceled,2016-06-15
Resort Hotel,0,23,2017,May,3,9,1,3,4,2,1,0,3,BB,NLD,Direct,TA/TO,0,0,0,A,A,0,No Deposit,79,0,0,Transient-Party,98.86,0,1,Check-Out,2016-06-15
City Hotel,0,56,2017,July,32,13,1,2,3,2,0,0,2,BB,NLD,Groups,TA/TO,0,0,1,D,D,0,No Deposit,160,22,0,Transient,124.65,0,0,Check-Out,2016-06-15
Resort Hotel,0,54,2017,July,42,18,1,4,5,2,0,0,2,BB,NLD,Online TA,Direct,0,0,0,A,A,0,No Deposit,48,22,0,Transient-Party,119.18,0,0,Check-Out,2016-06-15
City Hotel,0,4,2016,March,5,18,3,1,4,2,0,0,2,HB,ESP,Groups,TA/TO,0,0,0,E,E,0,No Deposit,108,0,0,Group,77.9,0,1,Check-Out,2016-06-15
Resort Hotel,0,88,2016,June,43,9,2,4,6,2,0,1,3,BB,NLD,Online TA,TA/TO,0,0,0,A,A,1,No Deposit,361,0,0,Transient,115.08,0,2,Check-Out,2016-06-15
City Hotel,1,79,2017,May,37,2,1,4,5,2,0,0,2,BB,PRT,Online TA,TA/TO,0,0,0,D,B,0,No Deposit,423,0,0,Transient,104.34,0,0,Canceled,2016-06-15
City Hotel,0,8,2016,May,12,4,1,1,2,2,0,0,2,BB,ESP,Online TA,TA/TO,0,0,0,A,A,3,No Deposit,157,0,0,Transient,115.51,0,0,Check-Out,2016-06-15
City Hotel,1,286,2016,February,14,18,2,4,6,2,0,0,2,HB,PRT,Corporate,TA/TO,0,0,0,A,A,0,No Deposit,289,0,0,Transient,83.45,0,1,Canceled,2016-06-15
City Hotel,0,10,2016,March,44,17,0,3,3,2,0,0,2,BB,PRT,Offline TA/TO,TA/TO,0,0,0,A,A,0,No Deposit,156,22,0,Transient-Party,115.21,0,0,Check-Out,2016-06-15
City Hotel,1,192,2016,March,51,12,2,5,7,1,0,0,1,BB,PRT,Corporate,TA/TO,1,0,0,E,E,0,No Deposit,194,22,0,Transient,94.08,0,2,Canceled,2016-06-15
City Hotel,1,0,2015,May,9,16,1,2,3,2,0,0,2,BB,GBR,Direct,TA/TO,0,0,0,A,A,1,No Deposit,41,0,0,Transient,94.16,0,0,Canceled,2016-06-15
City Hotel,0,213,2017,October,7,13,1,1,2,2,0,0,2,HB,PRT,Direct,TA/TO,0,0,0,A,A,0,No Deposit,109,0,0,Contract,152.63,0,0,Check-Out,2016-06-15
City Hotel,0,1,2015,March,16,11,0,5,5,2,0,0,2,BB,PRT,Offline TA/TO,TA/TO,0,0,0,A,A,0,Non Refund,495,0,0,Transient,105.37,0,0,Check-Out,2016-06-15
City Hotel,0,141,2016,June,28,14,0,4,4,2,0,0,2,BB,ESP,Online TA,TA/TO,0,0,0,A,A,0,No Deposit,124,22,0,Transient-Party,93.08,0,0,Check-Out,2016-06-15
Resort Hotel,0,44,2017,May,7,10,0,1,1,1,0,0,1,BB,FRA,Groups,TA/TO,0,0,0,D,B,0,No Deposit,14,22,0,Transient,151.39,0,0,Check-Out,2016-06-15
City Hotel,0,134,2016,September,14,23,0,6,6,2,0,0,2,Undefined,ESP,Online TA,TA/TO,1,0,0,A,A,0,No Deposit,115,22,0,Transient,95.49,0,1,Check-Out,2016-06-15
City Hotel,0,51,2017,January,32,28,1,6,7,2,0,0,2,BB,PRT,Offline TA/TO,Corporate,0,0,0,A,A,0,No Deposit,366,22,0,Transient,132.37,1,3,Check-Out,2016-06-15
Resort Hotel,0,7,2016,March,8,27,0,2,2,2,0,0,2,BB,NLD,Corporate,TA/TO,0,0,0,A,A,0,Non Refund,56,0,0,Transient,131.42,0,1,Check-Out,2016-06-15
Resort Hotel,0,145,2017,April,27,21,3,1,4,2,0,0,2,BB,GBR,Direct,Direct,0,0,0,A,A,0,No Deposit,407,22,0,Transient,93.4,0,0,Check-Out,2016-06-15
City Hotel,0,7,2016,December,50,19,1,3,4,2,0,0,2,Undefined,FRA,Online TA,TA/TO,0,0,0,A,G,0,Non Refund,11,22,0,Transient,58.28,0,0,Check-Out,2016-06-15
City Hotel,0,255,2015,July,3,24,0,5,5,1,0,0,1,HB,ESP,Online TA,Corporate,0,0,0,A,A,1,Refundable,326,0,0,Transient,153.79,0,0,Check-Out,2016-06-15
City Hotel,1,5,2017,March,27,21,1,1,2,2,0,0,2,BB,IRL,Groups,TA/TO,0,0,0,G,G,0,No Deposit,122,0,0,Contract,96.37,0,2,Canceled,2016-06-15
Resort Hotel,0,65,2017,April,30,17,0,3,3,3,0,0,3,BB,GBR,Online TA,TA/TO,0,0,0,A,A,0,No Deposit,360,0,0,Transient-Party,137.78,0,0,Check-Out,2016-06-15
City Hotel,0,128,2016,March,34,9,2,3,5,1,0,0,1,HB,PRT,Corporate,TA/TO,0,0,0,A,A,0,Non Refund,456,22,0,Transient,92.55,0,0,Check-Out,2016-06-15
Resort Hotel,0,49,2017,February,26,14,1,1,2,2,0,0,2,Undefined,NLD,Online TA,TA/TO,0,0,0,A,A,0,Non Refund,314,22,0,Transient,101.61,0,1,Check-Out,2016-06-15
Resort Hotel,0,24,2016,September,37,5,0,2,2,2,1,0,3,BB,PRT,Direct,TA/TO,0,0,0,G,G,2,No Deposit,248,22,0,Transient,70.97,1,1,Check-Out,2016-06-15
Resort Hotel,0,142,2017,June,40,3,0,1,1,2,0,0,2,BB,FRA,Groups,TA/TO,1,0,0,D,D,0,No Deposit,127,22,0,Transient-Party,54.43,0,0,Check-Out,2016-06-15
City Hotel,0,153,2016,August,51,22,0,3,3,2,1,0,3,BB,DEU,Groups,TA/TO,0,0,0,A,A,2,No Deposit,433,0,0,Transient-Party,175.06,0,0,Check-Out,2016-06-15
City Hotel,1,255,2016,May,22,8,1,2,3,2,0,0,2,HB,NLD,Online TA,TA/TO,0,0,0,G,G,1,No Deposit,205,22,0,Transient-Party,153.91,0,0,Canceled,2016-06-15
City Hotel,0,47,2016,July,32,18,1,2,3,2,1,0,3,BB,PRT,Online TA,TA/TO,0,0,0,A,A,3,No Deposit,39,0,0,Transient,110.87,0,1,Check-Out,2016-06-15
City Hotel,1,70,2016,April,41,27,1,5,6,2,0,0,2,BB,FRA,Offline TA/TO,TA/TO,0,0,0,D,D,1,No Deposit,315,22,0,Transient,157.51,0,0,Canceled,2016-06-15
City Hotel,1,45,2016,May,2,3,2,2,4,2,0,0,2,BB,NLD,Online TA,TA/TO,0,0,0,A,A,1,No Deposit,232,0,0,Transient,52.9,0,1,Canceled,2016-06-15
City Hotel,1,29,2016,August,47,23,2,3,5,2,0,0,2,BB,PRT,Groups,TA/TO,0,0,0,E,F,0,No Deposit,366,22,0,Transient,174.84,0,0,Canceled,2016-06-15
City Hotel,0,139,2015,March,8,2,1,4,5,2,0,0,2,BB,PRT,Online TA,TA/TO,0,0,0,F,F,0,No Deposit,18,0,0,Transient,58.79,0,0,Check-Out,2016-06-15
City Hotel,0,41,2016,July,42,27,2,1,3,3,0,0,3,SC,ESP,Offline TA/TO,TA/TO,0,0,0,D,D,2,No Deposit,180,0,0,Transient-Party,103.82,0,0,Check-Out,2016-06-15
City Hotel,0,55,2016,October,7,11,0,1,1,2,0,0,2,BB,PRT,Online TA,TA/TO,0,0,0,A,F,2,No Deposit,476,0,0,Transient,164.34,0,1,Check-Out,2016-06-15
City Hotel,1,51,2017,February,19,28,1,1,2,1,0,0,1,BB,NLD,Direct,TA/TO,0,0,3,A,A,2,No Deposit,364,22,0,Transient,90.52,0,2,Canceled,2016-06-15
Resort Hotel,1,124,2016,October,33,5,0,2,2,1,0,0,1,HB,BEL,Direct,TA/TO,0,0,0,E,E,0,No Deposit,214,0,0,Transient,75.48,0,0,Canceled,2016-06-15
City Hotel,1,249,2017,February,2,25,0,4,4,2,0,0,2,BB,PRT,Groups,TA/TO,0,0,0,A,A,1,No Deposit,4,22,0,Transient-Party,112.52,0,1,Canceled,2016-06-15
City Hotel,1,109,2017,May,3,7,1,4,5,2,0,0,2,BB,ESP,Groups,Direct,0,0,0,A,A,0,No Deposit,491,22,0,Transient,148.58,0,2,Canceled,2016-06-15
Resort Hotel,0,63,2016,July,28,14,2,5,7,3,0,0,3,BB,PRT,Groups,TA/TO,0,0,0,A,B,0,No Deposit,290,0,0,Transient,117.21,0,1,Check-Out,2016-06-15
City Hotel,1,151,2017,July,14,19,0,4,4,2,0,0,2,BB,NLD,Groups,TA/TO,0,0,0,A,A,1,No Deposit,77,0,0,Transient,112.07,0,2,Canceled,2016-06-15
City Hotel,1,102,2016,February,15,2,0,1,1,2,0,0,2,BB,PRT,Corporate,TA/TO,0,0,2,A,A,1,Non Refund,2,22,0,Transient,32.74,0,1,Canceled,2016-06-15
City Hotel,1,6,2015,September,21,26,4,2,6,2,0,0,2,BB,BEL,Groups,TA/TO,0,0,0,A,A,1,No Deposit,258,0,0,Transient,73.01,0,1,Canceled,2016-06-15
City Hotel,1,10,2016,December,14,9,0,1,1,2,0,0,2,BB,PRT,Direct,TA/TO,0,0,0,C,C,1,No Deposit,240,0,0,Transient,90.42,0,1,Canceled,2016-06-15
City Hotel,1,3,2016,March,40,25,0,1,1,2,0,0,2,BB,FRA,Online TA,TA/TO,0,0,0,A,A,0,No Deposit,18,0,0,Transient,82.5,0,1,Canceled,2016-06-15
Resort Hotel,0,61,2017,October,18,25,0,2,2,2,0,0,2,HB,NLD,Corporate,TA/TO,0,0,0,A,A,0,Non Refund,391,0,0,Transient,65.29,1,0,Check-Out,2016-06-15
City Hotel,1,174,2016,July,49,10,1,2,3,2,0,0,2,BB,PRT,Offline TA/TO,TA/TO,0,0,0,E,E,0,Non Refund,345,22,0,Transient-Party,94.04,0,1,Canceled,2016-06-15
City Hotel,0,37,2016,November,39,19,1,3,4,1,0,0,1,BB,PRT,Direct,Corporate,0,0,0,A,A,0,No Deposit,126,22,0,Transient,96.96,0,1,Check-Out,2016-06-15
Resort Hotel,0,48,2017,March,20,17,0,1,1,2,0,0,2,BB,NLD,Online TA,TA/TO,0,0,0,A,A,2,No Deposit,426,0,0,Transient,67.41,0,0,Check-Out,2016-06-15
Resort Hotel,0,240,2016,September,1,25,1,3,4,2,0,0,2,SC,FRA,Offline TA/TO,TA/TO,0,0,0,A,C,1,No Deposit,396,22,0,Transient,137.99,0,0,Check-Out,2016-06-15
City Hotel,0,181,2015,January,9,7,1,1,2,2,0,0,2,BB,DEU,Corporate,TA/TO,0,0,0,D,D,0,Non Refund,25,22,0,Transient,88.52,1,2,Check-Out,2016-06-15
City Hotel,1,109,2016,October,9,18,1,2,3,3,1,0,4,BB,NLD,Online TA,TA/TO,0,0,0,A,A,0,No Deposit,486,22,0,Transient,113.45,0,0,Canceled,2016-06-15
City Hotel,0,31,2017,August,43,6,4,2,6,2,0,0,2,BB,NLD,Direct,TA/TO,0,0,0,B,B,0,Non Refund,234,22,0,Transient,92.91,0,1,Check-Out,2016-06-15
City Hotel,0,12,2017,May,51,27,0,1,1,2,0,0,2,BB,GBR,Online TA,TA/TO,0,0,0,D,D,0,No Deposit,195,0,0,Transient,116.17,1,0,Check-Out,2016-06-15
City Hotel,0,1,2016,March,38,9,2,2,4,2,0,0,2,BB,GBR,Corporate,TA/TO,0,0,0,D,D,0,No Deposit,443,0,0,Transient,40.47,0,1,Check-Out,2016-06-15
Resort Hotel,0,11,2016,September,39,8,2,1,3,1,0,0,1,SC,ESP,Online TA,Direct,0,0,0,A,A,0,No Deposit,187,22,0,Transient,82.86,0,1,Check-Out,2016-06-15
Resort Hotel,0,34,2015,July,29,27,1,2,3,1,0,0,1,BB,PRT,Groups,TA/TO,0,0,0,A,A,0,No Deposit,28,22,0,Transient,48.77,0,0,Check-Out,2016-06-15
Resort Hotel,0,80,2016,May,15,28,2,1,3,1,0,0,1,HB,NLD,Online TA,Direct,0,0,0,A,A,0,No Deposit,487,0,0,Transient,79.36,0,1,Check-Out,2016-06-15
City Hotel,0,6,2017,June,20,22,1,5,6,2,0,0,2,BB,PRT,Online TA,TA/TO,0,0,0,D,D,0,No Deposit,431,22,0,Transient,55.48,1,1,Check-Out,2016-06-15
Resort Hotel,1,14,2016,September,38,22,2,1,3,1,0,0,1,BB,PRT,Offline TA/TO,TA/TO,0,0,0,A,A,0,Non Refund,75,0,0,Transient,116.19,0,0,Canceled,2016-06-15
City Hotel,1,19,2016,May,41,24,1,6,7,2,2,0,4,BB,NLD,Online TA,TA/TO,0,0,0,D,D,0,No Deposit,360,0,0,Transient,128.74,0,3,Canceled,2016-06-15
City Hotel,0,99,2017,February,30,9,0,2,2,1,2,0,3,BB,PRT,Groups,TA/TO,0,0,0,A,A,1,No Deposit,124,0,0,Contract,133.28,0,2,Check-Out,2016-06-15
City Hotel,0,95,2017,November,47,24,1,2,3,2,0,0,2,BB,PRT,Groups,TA/TO,0,0,0,E,E,0,No Deposit,265,0,0,Transient,87.17,0,0,Check-Out,2016-06-15
City Hotel,0,80,2016,May,26,1,0,4,4,2,0,0,2,BB,GBR,Corporate,TA/TO,0,0,0,A,A,0,No Deposit,206,22,0,Transient,105.21,0,0,Check-Out,2016-06-15
City Hotel,1,28,2015,May,6,2,0,3,3,2,1,0,3,BB,BEL,Offline TA/TO,TA/TO,0,0,0,A,A,0,No Deposit,404,22,0,Transient,94.44,0,0,Canceled,2016-06-15
Resort Hotel,0,46,2015,March,39,22,1,1,2,2,0,0,2,BB,GBR,Groups,TA/TO,0,0,0,A,A,2,No Deposit,253,0,0,Contract,51.74,0,1,Check-Out,2016-06-15
City Hotel,1,10,2015,October,17,24,2,1,3,2,1,0,3,BB,NLD,Online TA,TA/TO,0,0,0,A,A,1,No Deposit,485,0,0,Contract,152.31,0,0,Canceled,2016-06-15
Resort Hotel,0,25,2016,April,6,4,1,4,5,2,0,1,3,HB,PRT,Online TA,TA/TO,0,0,0,F,F,0,No Deposit,33,0,0,Transient,39.45,0,1,Check-Out,2016-06-15
City Hotel,1,227,2015,August,28,28,2,1,3,2,0,0,2,BB,PRT,Offline TA/TO,TA/TO,0,1,0,D,D,0,Non Refund,21,22,0,Transient-Party,56.73,0,1,Canceled,2016-06-15
City Hotel,0,389,2017,October,9,20,0,3,3,2,0,0,2,BB,PRT,Corporate,Direct,0,0,0,B,B,0,Refundable,447,0,0,Transient,57.42,0,0,Check-Out,2016-06-15
Resort Hotel,0,104,2017,January,27,18,1,6,7,2,0,0,2,HB,PRT,Online TA,Corporate,0,0,0,B,B,0,No Deposit,394,0,0,Transient,125.73,0,1,Check-Out,2016-06-15
Resort Hotel,0,248,2016,September,35,10,2,2,4,2,0,0,2,BB,PRT,Online TA,TA/TO,0,0,0,A,A,0,No Deposit,119,22,0,Transient-Party,47.77,0,0,Check-Out,2016-06-15
City Hotel,0,102,2016,June,46,1,0,2,2,2,0,0,2,BB,FRA,Online TA,TA/TO,0,0,2,A,A,0,No Deposit,43,22,5,Transient,95.02,0,0,Check-Out,2016-06-15
City Hotel,1,3,2017,August,6,10,0,1,1,2,0,0,2,BB,NLD,Groups,Corporate,0,0,0,E,E,1,No Deposit,412,22,0,Transient,134.02,1,0,Canceled,2016-06-15
City Hotel,0,573,2017,May,4,9,2,1,3,2,0,0,2,SC,NLD,Groups,TA/TO,0,0,0,A,G,3,No Deposit,146,22,0,Transient-Party,88.93,0,0,Check-Out,2016-06-15
City Hotel,1,10,2017,August,16,23,1,3,4,2,0,0,2,BB,NLD,Groups,TA/TO,0,0,0,A,A,0,No Deposit,123,22,0,Transient-Party,59.93,0,0,Canceled,2016-06-15
City Hotel,0,114,2015,April,23,25,1,3,4,2,0,0,2,SC,NLD,Online TA,TA/TO,0,0,0,A,A,0,No Deposit,69,22,0,Transient,80.91,0,0,Check-Out,2016-06-15
Resort Hotel,1,29,2015,January,48,13,2,2,4,2,0,0,2,BB,PRT,Groups,TA/TO,0,0,0,A,A,0,No Deposit,41,0,0,Transient,51.39,0,1,Canceled,2016-06-15
City Hotel,0,49,2017,November,23,15,4,1,5,2,0,0,2,BB,PRT,Online TA,TA/TO,0,0,0,A,A,0,No Deposit,300,22,0,Transient,64.53,0,0,Check-Out,2016-06-15
Resort Hotel,1,103,2016,January,29,18,2,1,3,2,2,0,4,BB,BEL,Corporate,TA/TO,0,0,0,A,A,0,No Deposit,435,22,0,Transient,134.9,0,3,Canceled,2016-06-15
City Hotel,1,57,2015,September,41,26,2,6,8,2,0,0,2,BB,ESP,Online TA,TA/TO,0,0,0,A,A,0,No Deposit,354,0,0,Transient,102.48,0,1,Canceled,2016-06-15
City Hotel,0,28,2016,March,4,13,0,1,1,2,0,0,2,BB,PRT,Groups,TA/TO,0,0,0,A,A,0,No Deposit,37,22,0,Transient-Party,130.45,0,2,Check-Out,2016-06-15
City Hotel,1,40,2017,May,40,5,0,2,2,1,0,0,1,BB,NLD,Offline TA/TO,TA/TO,0,0,0,A,A,0,No Deposit,59,22,0,Transient,117.87,0,0,Canceled,2016-06-15
City Hotel,1,41,2016,September,40,2,4,1,5,2,0,1,3,HB,GBR,Online TA,TA/TO,0,0,0,A,A,1,No Deposit,297,0,0,Transient,150.46,0,2,Canceled,2016-06-15
City Hotel,0,320,2017,March,24,26,1,1,2,2,0,0,2,BB,NLD,Offline TA/TO,TA/TO,0,0,0,A,A,0,No Deposit,154,0,0,Transient,69.38,0,3,Check-Out,2016-06-15
Resort Hotel,1,160,2015,October,6,7,1,6,7,2,0,0,2,BB,PRT,Online TA,TA/TO,0,0,0,A,A,0,No Deposit,372,0,0,Contract,68.4,1,0,Canceled,2016-06-15
City Hotel,1,61,2017,June,40,9,0,1,1,2,0,0,2,BB,PRT,Offline TA/TO,TA/TO,0,0,0,A,B,0,No Deposit,289,22,0,Transient,68.31,0,1,Canceled,2016-06-15
City Hotel,1,22,2016,May,6,19,2,3,5,2,1,0,3,BB,FRA,Online TA,TA/TO,0,0,0,A,A,0,No Deposit,102,22,0,Transient,103.85,0,1,Canceled,2016-06-15
City Hotel,1,166,2016,August,14,14,0,2,2,2,0,0,2,BB,PRT,Offline TA/TO,Direct,0,0,1,A,A,0,No Deposit,185,22,0,Transient-Party,162.95,0,0,Canceled,2016-06-15
Resort Hotel,0,17,2017,May,14,17,0,3,3,2,0,0,2,FB,NLD,Online TA,TA/TO,0,0,0,A,B,0,No Deposit,420,0,0,Transient,60.97,0,0,Check-Out,2016-06-15
City Hotel,1,23,2017,May,50,20,0,5,5,2,0,0,2,FB,NLD,Direct,TA/TO,0,0,0,A,A,0,No Deposit,269,22,0,Transient,109.83,0,1,Canceled,2016-06-15
City Hotel,0,45,2017,August,45,20,2,2,4,2,0,0,2,BB,FRA,Corporate,TA/TO,0,0,0,E,E,0,No Deposit,41,0,0,Transient,104.55,0,0,Check-Out,2016-06-15
City Hotel,1,212,2016,May,47,11,2,1,3,2,0,0,2,BB,NLD,Offline TA/TO,TA/TO,0,0,0,A,A,0,No Deposit,415,0,0,Transient,80.56,0,0,Canceled,2016-06-15
City Hotel,1,14,2016,March,35,22,1,1,2,2,0,0,2,BB,PRT,Online TA,Direct,0,0,0,A,A,0,No Deposit,107,22,0,Transient,72.27,0,0,Canceled,2016-06-15
City Hotel,0,13,2016,September,6,5,0,2,2,4,0,0,4,BB,ITA,Offline TA/TO,TA/TO,0,0,0,A,A,0,No Deposit,23,0,0,Transient-Party,72.5,0,0,Check-Out,2016-06-15
City Hotel,0,68,2016,September,23,12,2,2,4,1,1,0,2,BB,PRT,Online TA,TA/TO,0,0,0,A,A,0,Non Refund,129,0,0,Contract,0.0,0,0,Check-Out,2016-06-15
Resort Hotel,1,32,2017,June,20,21,3,6,9,2,0,0,2,BB,GBR,Groups,Direct,0,0,0,D,D,2,Non Refund,54,22,0,Transient-Party,86.49,0,0,Canceled,2016-06-15
City Hotel,0,84,2015,July,17,9,0,1,1,2,0,0,2,HB,PRT,Online TA,TA/TO,0,0,0,A,A,0,No Deposit,226,22,0,Transient,141.51,0,0,Check-Out,2016-06-15
City Hotel,1,60,2016,August,20,27,2,4,6,2,0,0,2,BB,GBR,Groups,Direct,0,0,0,D,D,0,No Deposit,104,0,0,Transient,83.83,0,2,Canceled,2016-06-15
City Hotel,0,57,2016,July,48,17,3,1,4,3,0,0,3,BB,GBR,Online TA,TA/TO,0,0,0,D,C,1,No Deposit,247,22,0,Transient,62.62,0,1,Check-Out,2016-06-15
City Hotel,0,11,2015,June,6,8,0,1,1,2,0,0,2,FB,GBR,Online TA,TA/TO,0,0,0,A,A,0,No Deposit,359,22,0,Transient,25.88,0,0,Check-Out,2016-06-15
City Hotel,0,15,2017,December,40,24,0,3,3,1,0,0,1,BB,GBR,Online TA,Corporate,0,0,0,A,A,0,No Deposit,221,0,0,Transient,151.85,0,0,Check-Out,2016-06-15
City Hotel,1,172,2016,March,28,27,3,5,8,2,0,0,2,SC,DEU,Groups,Corporate,0,0,0,A,A,0,No Deposit,84,0,0,Transient-Party,131.68,0,2,Canceled,2016-06-15
City Hotel,1,217,2016,July,13,8,0,2,2,1,0,0,1,BB,PRT,Online TA,Corporate,0,0,0,A,A,0,No Deposit,273,0,0,Transient-Party,114.71,1,0,Canceled,2016-06-15
Resort Hotel,0,26,2017,October,29,12,0,2,2,2,0,0,2,HB,PRT,Online TA,TA/TO,0,0,0,D,D,0,No Deposit,398,22,0,Transient,21.61,0,1,Check-Out,2016-06-15
City Hotel,0,12,2016,August,45,19,2,3,5,2,0,0,2,BB,DEU,Online TA,TA/TO,0,0,0,A,A,0,No Deposit,407,0,0,Transient,138.67,0,0,Check-Out,2016-06-15
City Hotel,1,5,2016,October,20,10,1,4,5,1,0,0,1,BB,FRA,Direct,TA/TO,0,1,0,G,G,0,Non Refund,485,0,0,Transient,102.04,0,1,Canceled,2016-06-15
Resort Hotel,0,93,2015,May,17,24,1,5,6,2,0,0,2,SC,PRT,Online TA,TA/TO,0,1,0,A,A,0,No Deposit,448,22,0,Transient,62.48,0,0,Check-Out,2016-06-15
City Hotel,0,125,2016,April,35,2,2,1,3,1,0,0,1,BB,NLD,Offline TA/TO,TA/TO,0,0,2,A,A,0,No Deposit,469,22,0,Transient,19.56,0,0,Check-Out,2016-06-15
City Hotel,0,46,2015,October,45,24,1,3,4,2,1,0,3,HB,NLD,Offline TA/TO,GDS,0,0,0,A,A,0,No Deposit,297,22,0,Transient,165.84,0,0,Check-Out,2016-06-15
City Hotel,0,113,2016,May,39,28,0,2,2,1,0,1,2,HB,FRA,Offline TA/TO,Direct,0,0,0,A,A,1,No Deposit,483,0,0,Transient,131.17,0,2,Check-Out,2016-06-15
City Hotel,0,124,2016,August,52,8,0,2,2,2,0,0,2,BB,DEU,Online TA,TA/TO,0,0,0,A,A,0,No Deposit,325,0,0,Transient,91.89,0,1,Check-Out,2016-06-15
City Hotel,0,273,2016,March,37,14,1,1,2,1,0,0,1,BB,NLD,Offline TA/TO,TA/TO,0,0,0,A,A,0,No Deposit,298,0,0,Transient,24.2,0,0,Check-Out,2016-06-15
Resort Hotel,0,6,2016,September,43,19,2,1,3,2,0,0,2,BB,NLD,Groups,TA/TO,0,0,0,A,A,0,No Deposit,411,22,0,Transient,73.19,0,0,Check-Out,2016-06-15
Resort Hotel,0,21,2016,July,23,4,2,6,8,2,0,0,2,SC,NLD,Offline TA/TO,TA/TO,0,1,0,A,A,2,No Deposit,274,22,0,Transient-Party,64.46,0,0,Check-Out,2016-06-15
City Hotel,1,7,2017,April,18,9,1,2,3,2,0,0,2,BB,NLD,Online TA,TA/TO,0,0,0,F,F,0,No Deposit,251,22,0,Transient,101.97,0,0,Canceled,2016-06-15
Resort Hotel,0,202,2015,June,36,13,0,1,1,3,0,0,3,BB,NLD,Online TA,TA/TO,0,1,0,A,A,0,No Deposit,21,22,0,Transient,111.35,0,0,Check-Out,2016-06-15
Resort Hotel,1,157,2017,August,20,9,2,4,6,2,0,0,2,BB,GBR,Online TA,TA/TO,0,0,0,A,A,0,No Deposit,421,22,0,Transient,113.43,0,1,Canceled,2016-06-15
City Hotel,1,85,2016,January,7,26,0,3,3,2,0,0,2,BB,ITA,Offline TA/TO,TA/TO,0,0,0,C,C,0,No Deposit,226,22,0,Transient,125.31,1,0,Canceled,2016-06-15
City Hotel,0,8,2016,August,36,13,0,2,2,1,0,0,1,BB,NLD,Online TA,TA/TO,0,0,0,E,E,0,No Deposit,57,22,0,Transient,114.28,0,1,Check-Out,2016-06-15
City Hotel,0,31,2016,July,42,25,2,2,4,2,0,0,2,SC,PRT,Direct,TA/TO,0,0,0,A,D,0,No Deposit,291,0,0,Transient-Party,159.68,0,1,Check-Out,2016-06-15
City Hotel,1,35,2017,April,1,16,1,2,3,1,0,0,1,BB,PRT,Corporate,TA/TO,0,0,0,A,A,0,No Deposit,76,0,0,Transient,115.27,0,1,Canceled,2016-06-15
City Hotel,0,82,2016,September,49,26,0,2,2,2,2,0,4,BB,IRL,Online TA,TA/TO,0,1,0,F,F,0,No Deposit,317,0,0,Transient-Party,129.83,0,1,Check-Out,2016-06-15
City Hotel,0,29,2016,May,37,22,2,7,9,2,0,0,2,BB,ITA,Offline TA/TO,TA/TO,0,0,0,D,D,0,No Deposit,353,0,10,Transient,170.74,0,1,Check-Out,2016-06-15
City Hotel,0,7,2017,April,49,1,3,2,5,2,0,0,2,BB,NLD,Online TA,TA/TO,0,0,0,A,A,1,Non Refund,459,22,0,Transient,121.3,0,0,Check-Out,2016-06-15
Resort Hotel,0,131,2017,June,35,8,0,5,5,2,0,0,2,BB,PRT,Offline TA/TO,Corporate,0,0,0,A,A,0,No Deposit,452,0,0,Transient,80.73,0,0,Check-Out,2016-06-15
City Hotel,0,35,2016,August,41,9,2,3,5,1,0,0,1,SC,NLD,Online TA,Direct,0,0,0,A,A,0,No Deposit,100,22,0,Transient-Party,120.87,0,0,Check-Out,2016-06-15
Resort Hotel,0,60,2017,November,3,24,1,3,4,2,0,0,2,BB,PRT,Online TA,TA/TO,0,0,0,D,D,0,No Deposit,469,0,0,Transient,76.9,0,0,Check-Out,2016-06-15
Resort Hotel,0,13,2017,March,35,13,0,1,1,2,0,0,2,BB,PRT,Online TA,TA/TO,1,0,0,C,C,0,No Deposit,131,0,0,Transient,74.52,1,1,Check-Out,2016-06-15
City Hotel,1,162,2016,May,29,17,2,2,4,2,1,0,3,SC,PRT,Online TA,TA/TO,0,0,0,A,A,0,No Deposit,408,22,0,Transient,130.8,0,0,Canceled,2016-06-15
City Hotel,1,83,2016,February,9,28,0,3,3,2,0,0,2,BB,NLD,Online TA,TA/TO,0,0,0,A,A,3,No Deposit,119,0,0,Transient,34.49,0,0,Canceled,2016-06-15
City Hotel,1,231,2016,September,37,22,0,1,1,1,0,0,1,HB,PRT,Online TA,TA/TO,0,0,0,D,D,0,No Deposit,449,22,0,Transient,94.37,0,0,Canceled,2016-06-15
City Hotel,0,68,2016,June,42,25,0,3,3,2,0,0,2,BB,PRT,Groups,TA/TO,0,0,0,A,A,1,Refundable,257,22,0,Transient,114.3,0,1,Check-Out,2016-06-15
City Hotel,1,283,2017,August,47,9,1,1,2,2,0,0,2,BB,NLD,Groups,TA/TO,0,0,0,D,D,0,No Deposit,184,22,0,Transient,115.99,0,1,Canceled,2016-06-15
City Hotel,1,222,2016,May,25,7,0,4,4,2,0,0,2,BB,PRT,Offline TA/TO,TA/TO,0,0,0,B,B,0,No Deposit,165,0,0,Transient,103.42,1,2,Canceled,2016-06-15
Resort Hotel,1,85,2015,October,12,23,2,7,9,2,0,0,2,BB,PRT,Online TA,TA/TO,0,1,0,A,A,0,Non Refund,498,0,0,Transient,76.23,0,3,Canceled,2016-06-15
City Hotel,0,271,2017,July,38,20,1,3,4,1,0,0,1,BB,PRT,Online TA,TA/TO,0,0,0,D,E,1,No Deposit,236,22,0,Transient,165.58,0,0,Check-Out,2016-06-15
Resort Hotel,1,39,2016,November,7,23,0,1,1,2,0,0,2,BB,NLD,Online TA,TA/TO,0,0,0,A,E,0,No Deposit,264,22,0,Transient,94.17,0,0,Canceled,2016-06-15
City Hotel,0,45,2017,February,7,10,1,3,4,2,0,0,2,BB,NLD,Direct,TA/TO,0,0,0,A,A,1,No Deposit,407,22,0,Transient,83.34,0,0,Check-Out,2016-06-15
Resort Hotel,0,4,2017,July,4,21,1,3,4,2,0,0,2,BB,FRA,Online TA,TA/TO,0,0,0,A,A,0,No Deposit,167,22,0,Contract,142.58,0,1,Check-Out,2016-06-15
City Hotel,0,88,2017,September,45,27,0,6,6,2,0,0,2,BB,PRT,Direct,TA/TO,0,0,0,A,A,0,No Deposit,432,22,0,Transient,59.98,0,0,Check-Out,2016-06-15
Resort Hotel,0,127,2017,July,47,26,0,1,1,1,0,0,1,SC,NLD,Groups,TA/TO,0,0,0,A,A,0,No Deposit,10,0,0,Transient,100.91,0,0,Check-Out,2016-06-15
City Hotel,1,148,2016,January,31,5,1,4,5,2,0,0,2,HB,PRT,Offline TA/TO,TA/TO,0,0,0,A,A,0,No Deposit,370,0,0,Contract,56.54,0,0,Canceled,2016-06-15
City Hotel,0,16,2016,December,50,17,0,1,1,2,0,0,2,HB,FRA,Online TA,TA/TO,0,0,0,A,A,0,No Deposit,154,22,0,Transient,65.41,0,0,Check-Out,2016-06-15
City Hotel,0,58,2016,April,50,2,2,4,6,1,0,0,1,BB,GBR,Online TA,TA/TO,0,0,0,A,A,0,No Deposit,244,0,0,Transient,91.66,0,1,Check-Out,2016-06-15
Resort Hotel,0,19,2016,April,39,9,0,5,5,4,0,0,4,BB,NLD,Offline TA/TO,TA/TO,0,0,0,F,F,0,No Deposit,297,22,0,Transient,111.29,1,2,Check-Out,2016-06-15
City Hotel,1,108,2016,June,10,2,1,5,6,2,0,0,2,BB,BRA,Corporate,TA/TO,0,1,0,A,A,0,No Deposit,75,22,0,Transient,132.15,0,0,Canceled,2016-06-15
Resort Hotel,0,17,2015,July,48,10,1,3,4,2,0,0,2,BB,FRA,Groups,TA/TO,0,0,0,A,E,2,No Deposit,459,22,0,Transient,67.46,0,1,Check-Out,2016-06-15
City Hotel,1,234,2017,September,23,27,1,2,3,2,0,0,2,BB,DEU,Online TA,TA/TO,0,0,0,F,F,1,No Deposit,105,22,0,Transient,158.78,0,1,Canceled,2016-06-15
Resort Hotel,0,26,2017,May,26,12,0,5,5,2,0,0,2,HB,NLD,Offline TA/TO,TA/TO,0,0,0,D,D,0,No Deposit,162,0,0,Transient,100.27,0,0,Check-Out,2016-06-15
Resort Hotel,0,34,2016,June,23,2,0,2,2,2,0,0,2,BB,NLD,Online TA,TA/TO,0,0,0,A,A,0,No Deposit,346,22,0,Contract,87.02,0,0,Check-Out,2016-06-15
Resort Hotel,0,190,2016,July,29,15,0,1,1,2,2,0,4,BB,DEU,Online TA,TA/TO,0,0,0,D,D,2,No Deposit,146,0,0,Transient,134.83,1,1,Check-Out,2016-06-15
City Hotel,0,61,2016,May,8,25,1,6,7,2,0,0,2,SC,NLD,Direct,TA/TO,0,0,0,A,C,0,No Deposit,238,0,0,Transient,118.62,0,0,Check-Out,2016-06-15
City Hotel,0,2,2017,November,19,3,0,2,2,2,0,0,2,BB,GBR,Groups,TA/TO,0,0,0,D,D,0,No Deposit,290,22,0,Transient,84.17,0,0,Check-Out,2016-06-15
Resort Hotel,0,68,2016,October,29,2,0,3,3,2,0,0,2,BB,BEL,Offline TA/TO,TA/TO,0,0,0,A,A,0,No Deposit,64,22,0,Transient,113.99,0,0,Check-Out,2016-06-15
City Hotel,0,8,2016,June,43,7,0,1,1,1,2,0,3,BB,PRT,Online TA,TA/TO,0,0,0,A,A,0,No Deposit,133,22,0,Transient,99.52,0,0,Check-Out,2016-06-15
City Hotel,0,422,2016,January,6,28,2,1,3,2,1,0,3,BB,ESP,Online TA,TA/TO,0,0,0,D,D,0,Non Refund,462,22,0,Transient,92.9,0,0,Check-Out,2016-06-15
City Hotel,0,88,2016,October,29,9,3,3,6,2,0,0,2,BB,PRT,Offline TA/TO,TA/TO,0,0,0,A,A,0,No Deposit,237,22,0,Transient,45.82,0,2,Check-Out,2016-06-15
City Hotel,0,29,2017,February,24,11,2,3,5,2,2,0,4,BB,FRA,Online TA,TA/TO,0,0,0,A,A,0,No Deposit,280,22,0,Transient,85.86,0,0,Check-Out,2016-06-15
City Hotel,1,82,2015,April,10,22,1,2,3,2,0,0,2,BB,PRT,Online TA,TA/TO,0,0,0,D,D,1,No Deposit,83,22,0,Transient,128.33,0,0,Canceled,2016-06-15
City Hotel,0,7,2015,March,51,28,0,2,2,2,2,0,4,BB,GBR,Online TA,TA/TO,0,0,0,A,A,0,No Deposit,393,22,0,Transient,120.14,0,3,Check-Out,2016-06-15
Resort Hotel,0,160,2017,March,14,16,1,2,3,1,0,0,1,BB,NLD,Groups,TA/TO,0,0,0,A,A,1,No Deposit,369,22,0,Contract,121.84,0,2,Check-Out,2016-06-15
Resort Hotel,1,259,2017,September,52,7,1,4,5,2,0,0,2,SC,PRT,Online TA,TA/TO,0,0,0,D,D,0,Non Refund,197,0,0,Transient,96.97,0,0,Canceled,2016-06-15
City Hotel,1,207,2017,July,6,13,1,2,3,2,0,0,2,BB,ESP,Online TA,TA/TO,0,1,0,A,A,0,No Deposit,248,22,0,Transient-Party,146.33,0,0,Canceled,2016-06-15
City Hotel,1,41,2016,November,4,3,0,5,5,2,0,0,2,BB,PRT,Online TA,TA/TO,0,0,0,D,A,2,No Deposit,222,22,0,Transient,99.88,0,0,Canceled,2016-06-15
City Hotel,0,39,2016,April,52,11,1,1,2,2,0,0,2,SC,ESP,Offline TA/TO,TA/TO,0,0,0,D,D,0,No Deposit,146,0,0,Transient-Party,78.76,0,0,Check-Out,2016-06-15
Resort Hotel,0,3,2016,June,15,3,0,6,6,2,0,0,2,BB,DEU,Direct,TA/TO,0,0,0,A,A,0,No Deposit,118,22,0,Transient,125.92,0,0,Check-Out,2016-06-15
City Hotel,1,105,2015,December,37,15,0,3,3,2,0,0,2,SC,PRT,Online TA,TA/TO,0,0,0,D,D,1,No Deposit,275,22,0,Transient,117.02,0,0,Canceled,2016-06-15
City Hotel,1,76,2016,September,48,8,0,2,2,2,2,0,4,BB,PRT,Offline TA/TO,TA/TO,0,0,0,A,A,1,No Deposit,137,0,0,Transient,104.11,0,0,Canceled,2016-06-15
Resort Hotel,1,61,2015,August,39,7,0,1,1,2,0,0,2,HB,PRT,Groups,Direct,0,0,0,A,A,0,No Deposit,167,22,0,Transient,175.45,0,3,Canceled,2016-06-15
Resort Hotel,0,238,2016,March,28,5,0,4,4,2,0,0,2,BB,ITA,Offline TA/TO,TA/TO,0,0,0,D,D,0,No Deposit,59,22,0,Transient,189.2,0,0,Check-Out,2016-06-15
City Hotel,1,18,2017,September,2,6,0,6,6,2,1,0,3,BB,GBR,Online TA,Direct,0,0,0,A,A,0,No Deposit,409,22,0,Transient,124.23,0,1,Canceled,2016-06-15
City Hotel,1,0,2016,May,13,25,0,7,7,2,0,0,2,BB,GBR,Groups,TA/TO,0,1,0,A,A,0,No Deposit,86,22,0,Transient,108.46,0,0,Canceled,2016-06-15
Resort Hotel,0,7,2017,July,2,19,0,2,2,2,0,0,2,SC,IRL,Direct,TA/TO,0,1,0,F,F,0,No Deposit,413,0,0,Transient,86.56,1,1,Check-Out,2016-06-15
Resort Hotel,1,25,2016,July,41,28,0,1,1,2,0,0,2,BB,FRA,Online TA,TA/TO,0,0,0,B,B,1,No Deposit,489,0,0,Transient,98.12,0,0,Canceled,2016-06-15
Resort Hotel,0,3,2016,July,32,3,0,2,2,2,0,0,2,BB,DEU,Online TA,TA/TO,0,0,1,D,D,0,No Deposit,338,0,0,Transient-Party,132.72,0,1,Check-Out,2016-06-15
City Hotel,1,69,2016,August,52,11,0,2,2,1,0,0,1,BB,NLD,Online TA,TA/TO,0,0,0,E,E,0,No Deposit,95,22,0,Transient-Party,71.55,0,0,Canceled,2016-06-15
Resort Hotel,0,37,2017,August,5,6,2,1,3,1,1,0,2,HB,FRA,Online TA,TA/TO,0,1,0,A,A,0,No Deposit,462,22,0,Transient,87.05,0,0,Check-Out,2016-06-15
Resort Hotel,0,19,2016,February,3,27,3,2,5,2,2,0,4,BB,DEU,Offline TA/TO,Direct,0,0,0,A,A,1,No Deposit,170,22,0,Transient,98.11,0,0,Check-Out,2016-06-15
City Hotel,0,138,2017,June,2,24,2,3,5,2,0,0,2,BB,DEU,Online TA,TA/TO,0,0,0,A,A,0,No Deposit,242,22,0,Transient,70.32,0,0,Check-Out,2016-06-15
Resort Hotel,0,22,2015,August,14,21,1,3,4,2,0,0,2,BB,ESP,Online TA,TA/TO,0,0,0,A,A,0,No Deposit,404,0,0,Transient-Party,40.68,0,0,Check-Out,2016-06-15
City Hotel,0,116,2017,April,40,14,1,1,2,2,0,0,2,FB,ITA,Online TA,TA/TO,0,0,1,A,A,0,No Deposit,485,22,0,Transient,10.65,0,0,Check-Out,2016-06-15
Resort Hotel,0,42,2015,May,52,17,0,2,2,2,0,0,2,BB,NLD,Offline TA/TO,Direct,0,0,0,A,A,1,No Deposit,234,0,0,Transient,90.21,0,0,Check-Out,2016-06-15
Resort Hotel,1,71,2017,February,44,3,3,2,5,2,0,0,2,BB,NLD,Direct,TA/TO,0,0,0,D,D,3,No Deposit,383,22,5,Transient-Party,83.48,0,0,Canceled,2016-06-15
Resort Hotel,0,271,2016,June,49,24,2,5,7,4,0,0,4,BB,PRT,Groups,TA/TO,0,0,0,A,A,3,No Deposit,297,0,0,Transient-Party,113.19,0,0,Check-Out,2016-06-15
City Hotel,1,3,2017,December,29,4,2,5,7,2,0,0,2,BB,NLD,Online TA,TA/TO,0,0,0,E,E,0,No Deposit,226,0,0,Transient-Party,48.5,1,0,Canceled,2016-06-15
City Hotel,1,69,2016,April,48,9,0,2,2,1,2,0,3,BB,NLD,Corporate,TA/TO,0,0,0,A,A,0,No Deposit,8,0,0,Transient,46.65,0,1,Canceled,2016-06-15
City Hotel,0,192,2015,July,38,13,1,2,3,2,0,0,2,BB,NLD,Online TA,Direct,1,0,0,G,G,0,No Deposit,245,0,0,Transient,127.8,0,0,Check-Out,2016-06-15
City Hotel,0,88,2017,September,6,6,0,2,2,1,0,0,1,BB,PRT,Online TA,TA/TO,0,0,0,A,A,0,No Deposit,272,0,0,Transient,84.39,0,1,Check-Out,2016-06-15
City Hotel,0,32,2016,January,50,10,2,2,4,2,0,0,2,BB,ESP,Online TA,TA/TO,0,0,0,A,D,0,No Deposit,201,22,0,Transient,102.66,0,2,Check-Out,2016-06-15
Resort Hotel,0,50,2016,October,34,20,0,2,2,2,0,0,2,BB,GBR,Direct,Direct,0,0,0,A,A,0,No Deposit,357,0,0,Transient-Party,149.02,0,0,Check-Out,2016-06-15
Resort Hotel,0,114,2017,May,8,20,1,2,3,3,0,0,3,HB,GBR,Offline TA/TO,TA/TO,0,0,0,A,A,0,No Deposit,365,22,0,Transient,49.72,0,1,Check-Out,2016-06-15
City Hotel,0,221,2015,October,46,26,0,1,1,2,0,0,2,HB,GBR,Offline TA/TO,TA/TO,0,0,0,D,D,0,No Deposit,28,22,0,Transient,119.8,0,1,Check-Out,2016-06-15
Resort Hotel,0,4,2016,January,2,21,2,3,5,2,0,0,2,BB,NLD,Online TA,Corporate,0,0,0,A,A,0,No Deposit,242,0,0,Transient,87.21,0,0,Check-Out,2016-06-15
Resort Hotel,0,7,2016,March,26,13,0,2,2,2,0,0,2,BB,IRL,Online TA,TA/TO,0,0,0,A,A,0,No Deposit,456,22,0,Transient,70.82,0,0,Check-Out,2016-06-15
Resort Hotel,0,39,2017,May,17,23,2,2,4,2,0,1,3,SC,PRT,Groups,Direct,0,1,0,A,A,0,No Deposit,113,22,0,Transient-Party,113.28,0,0,Check-Out,2016-06-15
Resort Hotel,0,26,2015,May,24,14,1,3,4,4,0,0,4,BB,GBR,Offline TA/TO,TA/TO,0,0,0,D,D,0,No Deposit,451,0,0,Transient,109.89,0,0,Check-Out,2016-06-15
Resort Hotel,1,30,2016,October,31,12,1,4,5,1,0,0,1,BB,FRA,Offline TA/TO,TA/TO,0,0,0,A,A,0,No Deposit,212,0,0,Transient,133.14,0,1,Canceled,2016-06-15
City Hotel,0,25,2017,January,16,23,0,1,1,2,0,0,2,SC,GBR,Offline TA/TO,TA/TO,0,0,0,A,A,0,No Deposit,238,22,10,Transient,95.28,0,0,Check-Out,2016-06-15
City Hotel,0,21,2017,August,50,13,2,2,4,1,0,0,1,SC,PRT,Online TA,TA/TO,0,0,0,E,E,1,No Deposit,458,22,0,Transient,71.54,0,0,Check-Out,2016-06-15
City Hotel,1,13,2017,March,21,10,2,5,7,2,0,0,2,BB,GBR,Corporate,TA/TO,0,0,0,A,A,1,No Deposit,263,22,0,Transient,49.62,0,2,Canceled,2016-06-15
City Hotel,0,271,2017,September,38,7,0,2,2,2,0,0,2,HB,PRT,Online TA,TA/TO,0,0,0,G,G,0,Non Refund,364,0,0,Transient,63.07,0,2,Check-Out,2016-06-15
City Hotel,1,15,2016,September,26,5,1,2,3,2,0,0,2,BB,NLD,Online TA,TA/TO,0,1,0,A,A,0,No Deposit,227,22,0,Transient,74.52,0,0,Canceled,2016-06-15
Resort Hotel,1,22,2016,June,17,12,0,1,1,3,0,0,3,BB,NLD,Groups,TA/TO,0,0,0,A,A,0,No Deposit,174,0,0,Transient,43.05,1,1,Canceled,2016-06-15
City Hotel,0,28,2015,April,50,25,0,4,4,2,0,0,2,BB,NLD,Offline TA/TO,TA/TO,0,0,0,A,A,0,No Deposit,17,0,0,Transient,66.08,0,2,Check-Out,2016-06-15
City Hotel,0,270,2017,August,46,2,1,1,2,2,0,0,2,FB,FRA,Online TA,TA/TO,0,1,0,D,D,0,No Deposit,52,0,0,Transient,107.09,0,0,Check-Out,2016-06-15
Resort Hotel,0,140,2017,March,42,8,1,3,4,2,0,0,2,BB,DEU,Groups,TA/TO,0,1,0,B,B,0,No Deposit,248,22,0,Transient,49.78,0,0,Check-Out,2016-06-15
City Hotel,1,155,2017,March,4,26,1,2,3,2,0,0,2,BB,NLD,Corporate,Corporate,0,0,0,D,D,0,No Deposit,221,22,0,Transient,146.09,0,1,Canceled,2016-06-15
City Hotel,0,11,2015,August,50,8,1,2,3,2,0,0,2,BB,PRT,Offline TA/TO,TA/TO,0,0,0,G,G,0,Non Refund,415,0,0,Transient,130.44,0,0,Check-Out,2016-06-15
City Hotel,0,180,2016,December,43,19,2,3,5,1,0,0,1,BB,DEU,Online TA,GDS,0,0,0,D,D,0,No Deposit,498,22,0,Transient-Party,103.18,1,0,Check-Out,2016-06-15
City Hotel,0,52,2016,October,48,5,2,3,5,2,0,0,2,BB,GBR,Online TA,Direct,0,0,0,A,A,0,Non Refund,239,0,0,Transient,153.32,0,0,Check-Out,2016-06-15
Resort Hotel,0,30,2016,July,4,8,0,2,2,3,0,0,3,BB,GBR,Online TA,Direct,0,0,0,A,A,0,No Deposit,343,22,0,Transient,54.72,0,0,Check-Out,2016-06-15
City Hotel,1,85,2017,July,19,10,1,2,3,2,0,0,2,BB,NLD,Online TA,TA/TO,0,0,0,D,E,0,No Deposit,226,22,0,Transient-Party,74.73,0,0,Canceled,2016-06-15
City Hotel,0,172,2016,December,38,13,2,2,4,1,0,0,1,BB,DEU,Online TA,TA/TO,0,0,0,A,A,0,Non Refund,481,0,0,Transient,41.69,1,0,Check-Out,2016-06-15
Resort Hotel,0,150,2016,July,25,9,1,2,3,2,0,0,2,BB,DEU,Groups,TA/TO,0,0,0,A,A,0,No Deposit,351,22,0,Transient,78.03,0,1,Check-Out,2016-06-15
City Hotel,0,220,2017,June,8,7,1,1,2,3,0,0,3,BB,PRT,Online TA,Direct,0,0,0,A,A,0,Non Refund,14,22,0,Transient,92.12,0,0,Check-Out,2016-06-15
City Hotel,1,263,2016,October,18,20,2,4,6,4,0,0,4,BB,GBR,Online TA,TA/TO,0,0,0,A,A,0,No Deposit,185,0,0,Transient-Party,102.81,0,1,Canceled,2016-06-15
City Hotel,0,27,2016,April,51,20,2,3,5,2,0,0,2,SC,NLD,Online TA,TA/TO,0,0,1,A,C,0,No Deposit,202,22,0,Transient,161.23,0,0,Check-Out,2016-06-15
City Hotel,1,55,2016,February,18,19,2,1,3,2,0,0,2,BB,PRT,Direct,TA/TO,0,0,0,F,F,0,No Deposit,467,0,0,Transient,95.31,0,0,Canceled,2016-06-15
City Hotel,0,1,2017,August,48,11,0,1,1,2,0,0,2,BB,NLD,Online TA,Corporate,0,0,0,A,A,0,No Deposit,252,22,0,Transient,124.84,0,1,Check-Out,2016-06-15
Resort Hotel,0,211,2017,February,7,8,1,1,2,2,1,0,3,BB,NLD,Offline TA/TO,TA/TO,0,0,0,A,G,0,No Deposit,182,0,0,Transient,88.16,0,2,Check-Out,2016-06-15
Resort Hotel,1,16,2016,May,17,22,0,4,4,2,0,0,2,HB,PRT,Online TA,TA/TO,0,0,0,B,B,0,Non Refund,450,22,0,Contract,120.03,0,1,Canceled,2016-06-15
City Hotel,1,197,2015,June,3,16,0,4,4,2,0,0,2,BB,PRT,Direct,TA/TO,0,0,0,A,A,0,Non Refund,489,0,0,Transient,81.86,0,0,Canceled,2016-06-15
City Hotel,1,39,2015,July,22,10,1,2,3,2,0,0,2,BB,PRT,Offline TA/TO,TA/TO,0,0,0,A,F,0,No Deposit,98,0,0,Transient-Party,79.37,0,2,Canceled,2016-06-15
Resort Hotel,1,45,2016,December,15,6,0,4,4,2,0,0,2,BB,PRT,Groups,Direct,0,0,0,E,E,0,No Deposit,181,0,0,Contract,153.17,0,1,Canceled,2016-06-15
Resort Hotel,1,3,2016,April,31,10,1,7,8,2,0,0,2,BB,PRT,Offline TA/TO,TA/TO,0,0,0,D,D,0,No Deposit,144,0,0,Transient-Party,128.54,0,1,Canceled,2016-06-15
City Hotel,0,39,2016,May,36,10,1,7,8,2,0,0,2,HB,PRT,Groups,Corporate,0,1,0,A,A,0,No Deposit,309,0,0,Transient-Party,105.0,0,0,Check-Out,2016-06-15
City Hotel,0,219,2016,March,26,25,2,7,9,2,1,0,3,BB,IRL,Online TA,TA/TO,0,0,0,D,D,0,No Deposit,250,0,0,Transient,155.92,0,1,Check-Out,2016-06-15
City Hotel,1,2,2017,July,48,27,0,4,4,2,0,0,2,BB,NLD,Groups,TA/TO,0,1,0,E,E,0,No Deposit,374,0,0,Transient,90.29,0,0,Canceled,2016-06-15
Resort Hotel,0,52,2015,August,14,19,0,1,1,2,0,0,2,BB,PRT,Online TA,Direct,0,0,0,A,A,0,Non Refund,110,22,0,Transient,115.96,0,1,Check-Out,2016-06-15
Resort Hotel,0,3,2015,June,17,4,1,1,2,1,0,0,1,BB,PRT,Offline TA/TO,Direct,0,0,0,A,A,0,No Deposit,492,22,0,Transient-Party,85.65,0,0,Check-Out,2016-06-15
Resort Hotel,1,46,2016,April,9,19,0,4,4,2,0,0,2,SC,NLD,Corporate,TA/TO,0,0,0,D,D,0,No Deposit,200,0,0,Transient,81.44,0,0,Canceled,2016-06-15
City Hotel,0,18,2015,August,7,3,0,2,2,2,0,0,2,BB,PRT,Online TA,Corporate,0,0,0,A,G,0,No Deposit,271,22,0,Transient-Party,88.99,0,0,Check-Out,2016-06-15
Resort Hotel,0,29,2015,July,46,17,2,2,4,2,0,0,2,BB,PRT,Online TA,TA/TO,0,1,0,G,G,0,No Deposit,267,22,0,Transient,120.89,0,0,Check-Out,2016-06-15
City Hotel,0,210,2016,March,27,14,0,1,1,2,2,0,4,BB,PRT,Online TA,TA/TO,0,0,0,B,B,0,Non Refund,91,0,0,Transient,0.0,0,0,Check-Out,2016-06-15
Resort Hotel,0,57,2017,June,28,10,1,3,4,2,0,0,2,BB,PRT,Online TA,TA/TO,0,0,0,A,A,1,Non Refund,313,0,0,Transient-Party,74.7,0,0,Check-Out,2016-06-15
City Hotel,0,31,2017,June,12,6,0,2,2,1,0,0,1,BB,BEL,Offline TA/TO,TA/TO,0,0,3,A,A,1,No Deposit,345,0,0,Transient,187.74,0,3,Check-Out,2016-06-15
City Hotel,0,88,2017,December,17,16,0,1,1,2,0,0,2,BB,PRT,Online TA,TA/TO,0,0,0,A,A,0,No Deposit,423,22,0,Transient,167.15,0,0,Check-Out,2016-06-15
City Hotel,1,15,2016,October,9,9,0,3,3,2,0,0,2,BB,FRA,Online TA,TA/TO,0,0,0,A,A,0,No Deposit,66,22,0,Transient-Party,64.79,0,1,Canceled,2016-06-15
Resort Hotel,0,30,2017,August,44,21,2,7,9,1,0,0,1,HB,FRA,Online TA,TA/TO,0,0,0,A,A,0,No Deposit,269,22,0,Transient,79.8,0,2,Check-Out,2016-06-15
Resort Hotel,0,79,2016,October,44,12,2,2,4,2,0,0,2,BB,NLD,Online TA,TA/TO,0,0,0,A,A,0,Non Refund,179,0,0,Transient,156.98,0,2,Check-Out,2016-06-15
Resort Hotel,0,27,2017,August,8,12,2,3,5,4,0,0,4,BB,FRA,Online TA,TA/TO,0,0,0,A,A,1,Non Refund,213,22,0,Transient,85.68,0,0,Check-Out,2016-06-15
City Hotel,0,113,2015,October,27,28,1,1,2,2,0,0,2,BB,PRT,Offline TA/TO,TA/TO,0,0,0,A,A,0,No Deposit,338,0,0,Transient,140.33,0,0,Check-Out,2016-06-15
City Hotel,1,67,2016,January,42,14,2,1,3,2,0,0,2,BB,GBR,Online TA,TA/TO,0,0,2,A,A,0,No Deposit,190,0,0,Transient,129.0,0,0,Canceled,2016-06-15
City Hotel,1,147,2016,June,12,26,0,2,2,2,0,0,2,BB,NLD,Online TA,Direct,0,0,0,A,A,0,No Deposit,413,0,0,Transient,107.28,1,0,Canceled,2016-06-15
City Hotel,0,296,2017,September,37,2,2,4,6,2,0,0,2,BB,PRT,Direct,TA/TO,0,0,0,A,A,0,No Deposit,8,22,0,Transient-Party,88.02,0,1,Check-Out,2016-06-15
City Hotel,0,12,2017,July,20,10,1,5,6,2,0,0,2,HB,PRT,Groups,TA/TO,0,0,0,D,D,1,No Deposit,148,22,0,Transient,146.36,1,1,Check-Out,2016-06-15
Resort Hotel,0,40,2017,March,1,4,2,3,5,2,0,0,2,BB,NLD,Online TA,TA/TO,0,0,0,A,A,0,Non Refund,119,0,0,Transient,70.58,0,0,Check-Out,2016-06-15
City Hotel,1,38,2016,May,9,28,0,2,2,2,0,0,2,BB,NLD,Direct,TA/TO,0,0,0,E,E,0,No Deposit,128,0,0,Transient-Party,101.07,0,3,Canceled,2016-06-15
City Hotel,0,16,2016,May,47,6,2,4,6,2,0,0,2,BB,PRT,Corporate,TA/TO,0,0,0,D,D,0,No Deposit,101,0,0,Transient,110.08,0,0,Check-Out,2016-06-15
City Hotel,1,166,2017,April,24,23,1,2,3,2,0,0,2,BB,IRL,Online TA,TA/TO,0,0,0,B,B,0,No Deposit,224,0,0,Transient,100.95,0,1,Canceled,2016-06-15
City Hotel,0,142,2016,May,34,28,0,1,1,1,0,0,1,BB,PRT,Online TA,TA/TO,0,0,0,D,D,0,No Deposit,201,22,0,Transient,131.54,0,0,Check-Out,2016-06-15
Resort Hotel,0,66,2017,July,36,13,1,4,5,2,0,0,2,SC,ESP,Online TA,TA/TO,0,1,0,A,C,0,No Deposit,286,22,0,Contract,106.38,0,0,Check-Out,2016-06-15
Resort Hotel,0,77,2016,October,4,23,0,4,4,1,0,0,1,BB,NLD,Offline TA/TO,TA/TO,0,0,0,A,A,0,No Deposit,442,22,0,Transient,102.36,0,0,Check-Out,2016-06-15
City Hotel,1,6,2016,September,29,14,0,5,5,2,0,0,2,BB,NLD,Groups,TA/TO,0,0,0,A,A,0,No Deposit,307,22,0,Transient,107.81,0,0,Canceled,2016-06-15
Resort Hotel,0,81,2017,October,23,4,1,3,4,2,0,0,2,BB,PRT,Direct,TA/TO,0,0,0,A,A,0,No Deposit,148,22,10,Transient,74.91,0,0,Check-Out,2016-06-15
City Hotel,1,156,2015,October,35,10,0,5,5,1,0,0,1,Undefined,ESP,Offline TA/TO,TA/TO,0,0,0,A,A,0,No Deposit,294,22,0,Transient,101.75,0,0,Canceled,2016-06-15
Resort Hotel,0,85,2017,June,16,10,0,1,1,2,2,0,4,BB,GBR,Online TA,TA/TO,0,0,0,A,A,1,No Deposit,251,22,0,Transient-Party,74.41,0,0,Check-Out,2016-06-15
City Hotel,1,30,2016,May,8,5,0,2,2,1,0,0,1,BB,ESP,Offline TA/TO,Direct,0,0,0,A,A,0,No Deposit,215,22,0,Transient,28.56,0,0,Canceled,2016-06-15
Resort Hotel,1,110,2017,January,27,4,0,4,4,2,0,0,2,BB,PRT,Online TA,GDS,0,0,3,A,A,0,No Deposit,8,22,0,Transient,135.32,0,1,Canceled,2016-06-15
City Hotel,1,44,2016,November,39,12,0,2,2,1,0,0,1,BB,NLD,Groups,TA/TO,0,0,0,A,A,0,No Deposit,120,22,0,Transient-Party,101.99,0,0,Canceled,2016-06-15
City Hotel,1,78,2017,February,12,26,0,1,1,2,0,0,2,BB,ESP,Offline TA/TO,TA/TO,0,0,0,D,D,1,No Deposit,449,22,0,Transient,96.12,0,0,Canceled,2016-06-15
Resort Hotel,0,66,2016,September,44,22,0,4,4,1,0,0,1,BB,PRT,Corporate,TA/TO,0,0,0,B,B,0,No Deposit,134,22,0,Contract,131.55,0,0,Check-Out,2016-06-15
City Hotel,1,47,2016,May,4,27,2,4,6,1,0,0,1,BB,DEU,Online TA,TA/TO,0,0,0,A,A,1,No Deposit,172,22,0,Transient,58.33,0,1,Canceled,2016-06-15
City Hotel,1,126,2016,November,47,14,2,2,4,2,0,0,2,BB,PRT,Offline TA/TO,TA/TO,0,0,0,A,A,0,No Deposit,129,0,0,Transient,110.86,0,1,Canceled,2016-06-15
City Hotel,1,215,2017,June,25,7,2,2,4,2,0,0,2,BB,PRT,Online TA,TA/TO,0,0,0,A,A,0,No Deposit,449,22,0,Transient,146.36,0,2,Canceled,2016-06-15
City Hotel,0,0,2016,September,6,2,0,4,4,1,0,0,1,BB,PRT,Online TA,TA/TO,1,0,0,E,E,0,No Deposit,45,0,0,Transient,168.27,0,3,Check-Out,2016-06-15
City Hotel,1,271,2016,April,3,14,2,4,6,2,0,0,2,HB,PRT,Groups,TA/TO,0,0,0,A,A,0,No Deposit,396,0,0,Transient,83.08,0,1,Canceled,2016-06-15
Resort Hotel,0,71,2017,April,39,10,1,5,6,1,0,0,1,BB,PRT,Groups,Corporate,0,0,0,D,D,1,Non Refund,78,22,0,Transient,95.8,0,0,Check-Out,2016-06-15
Resort Hotel,1,120,2016,July,24,28,0,3,3,2,0,0,2,BB,FRA,Groups,TA/TO,0,0,0,B,B,0,No Deposit,388,0,0,Transient-Party,107.57,0,0,Canceled,2016-06-15
Resort Hotel,0,193,2016,December,21,16,2,1,3,2,0,0,2,BB,FRA,Corporate,TA/TO,0,0,0,A,A,0,No Deposit,299,22,0,Transient,61.55,1,0,Check-Out,2016-06-15
City Hotel,0,62,2015,July,6,3,4,2,6,1,2,0,3,BB,GBR,Corporate,TA/TO,0,0,0,B,B,0,No Deposit,479,0,0,Transient,119.69,0,1,Check-Out,2016-06-15
Resort Hotel,1,180,2017,November,33,27,2,2,4,2,0,0,2,BB,GBR,Direct,TA/TO,0,0,0,A,A,0,No Deposit,25,22,0,Transient,115.54,0,0,Canceled,2016-06-15
City Hotel,0,19,2016,September,8,8,0,1,1,3,0,0,3,BB,ITA,Direct,TA/TO,0,0,3,A,A,0,No Deposit,346,0,0,Transient,106.73,0,0,Check-Out,2016-06-15
City Hotel,0,17,2016,September,33,23,1,1,2,2,0,0,2,BB,PRT,Online TA,TA/TO,0,0,0,F,F,1,No Deposit,384,22,0,Transient,136.26,0,1,Check-Out,2016-06-15
Resort Hotel,0,107,2017,June,48,28,0,1,1,1,0,0,1,HB,DEU,Online TA,TA/TO,0,0,0,A,B,2,No Deposit,268,0,0,Transient,76.38,0,0,Check-Out,2016-06-15
City Hotel,0,204,2017,May,3,17,0,1,1,1,0,0,1,BB,NLD,Online TA,TA/TO,0,0,0,A,A,0,No Deposit,210,0,0,Transient,79.42,0,1,Check-Out,2016-06-15
Resort Hotel,1,222,2015,March,2,4,2,2,4,2,0,0,2,HB,FRA,Groups,TA/TO,0,0,0,A,A,0,No Deposit,484,22,0,Transient,175.25,0,0,Canceled,2016-06-15
Resort Hotel,0,103,2017,December,38,21,0,2,2,2,0,0,2,BB,FRA,Offline TA/TO,Corporate,0,0,0,A,A,0,No Deposit,294,0,0,Contract,72.32,0,0,Check-Out,2016-06-15
City Hotel,0,74,2017,November,40,19,0,2,2,1,0,0,1,BB,BEL,Groups,TA/TO,0,0,0,D,D,0,No Deposit,107,22,0,Contract,102.21,0,0,Check-Out,2016-06-15
City Hotel,0,40,2015,September,39,15,0,2,2,2,0,0,2,HB,FRA,Groups,TA/TO,0,0,0,A,A,0,No Deposit,312,22,0,Transient,141.66,0,1,Check-Out,2016-06-15
City Hotel,0,391,2017,April,39,20,1,2,3,2,0,0,2,BB,PRT,Online TA,Direct,1,0,0,D,D,0,No Deposit,258,0,0,Transient,138.81,1,0,Check-Out,2016-06-15
City Hotel,1,38,2016,April,24,26,3,1,4,2,0,0,2,BB,DEU,Online TA,Direct,0,0,0,A,A,0,No Deposit,12,22,0,Transient-Party,140.96,0,0,Canceled,2016-06-15
Resort Hotel,1,136,2016,December,21,10,1,3,4,2,0,0,2,BB,FRA,Online TA,TA/TO,0,0,0,A,A,1,Non Refund,193,0,0,Transient,106.29,1,0,Canceled,2016-06-15
City Hotel,1,75,2016,February,51,10,0,3,3,2,0,0,2,FB,NLD,Online TA,TA/TO,0,0,1,A,A,0,No Deposit,339,0,0,Transient,96.43,0,1,Canceled,2016-06-15
City Hotel,0,93,2016,October,18,23,1,5,6,1,0,0,1,HB,PRT,Online TA,TA/TO,0,0,0,A,A,0,No Deposit,431,22,0,Transient-Party,79.05,0,0,Check-Out,2016-06-15
City Hotel,0,50,2015,May,35,24,1,2,3,2,0,0,2,BB,ESP,Offline TA/TO,TA/TO,1,0,0,A,A,2,No Deposit,241,22,0,Transient,98.24,0,0,Check-Out,2016-06-15
Resort Hotel,1,334,2017,June,11,12,2,3,5,2,0,0,2,HB,DEU,Online TA,Direct,0,0,0,A,A,1,No Deposit,250,0,0,Transient,132.0,0,1,Canceled,2016-06-15
City Hotel,0,84,2015,October,11,9,1,3,4,1,0,1,2,BB,DEU,Online TA,TA/TO,0,0,0,A,A,0,No Deposit,107,22,0,Transient,106.97,0,1,Check-Out,2016-06-15
City Hotel,0,277,2016,February,3,15,0,2,2,2,0,0,2,BB,PRT,Offline TA/TO,TA/TO,0,0,0,A,C,0,Non Refund,497,22,0,Transient-Party,85.14,0,2,Check-Out,2016-06-15
Resort Hotel,0,0,2015,May,23,18,0,5,5,2,0,0,2,SC,PRT,Groups,Corporate,1,0,0,A,A,1,No Deposit,373,22,0,Transient,113.22,0,0,Check-Out,2016-06-15
City Hotel,0,85,2017,November,1,20,2,3,5,2,0,0,2,HB,PRT,Online TA,TA/TO,0,0,0,A,F,0,No Deposit,426,0,0,Transient,67.98,0,2,Check-Out,2016-06-15
Resort Hotel,0,126,2016,August,23,1,0,2,2,2,2,0,4,BB,ITA,Online TA,Corporate,0,0,1,A,A,0,No Deposit,383,0,0,Transient,108.43,0,0,Check-Out,2016-06-15
City Hotel,0,136,2016,September,22,3,2,3,5,2,0,0,2,BB,BEL,Offline TA/TO,TA/TO,0,0,0,A,A,0,No Deposit,313,0,0,Transient,63.65,0,0,Check-Out,2016-06-15
City Hotel,0,235,2016,September,42,8,0,6,6,4,0,0,4,BB,PRT,Online TA,TA/TO,0,0,0,D,D,0,No Deposit,167,0,0,Transient,113.08,0,1,Check-Out,2016-06-15
Resort Hotel,0,0,2017,February,30,7,2,5,7,2,0,0,2,BB,NLD,Online TA,TA/TO,0,0,0,D,D,0,Non Refund,197,22,0,Contract,112.21,0,1,Check-Out,2016-06-15
City Hotel,0,0,2016,March,2,15,0,7,7,2,0,0,2,BB,FRA,Online TA,TA/TO,0,0,0,A,A,1,No Deposit,116,0,0,Transient,128.71,0,1,Check-Out,2016-06-15
City Hotel,1,63,2017,June,17,8,0,1,1,2,0,0,2,BB,PRT,Online TA,TA/TO,0,0,0,G,G,0,No Deposit,431,22,0,Contract,132.35,0,2,Canceled,2016-06-15
City Hotel,1,2,2015,May,41,15,1,2,3,2,0,0,2,BB,PRT,Offline TA/TO,TA/TO,0,0,0,A,A,0,No Deposit,325,22,0,Transient,97.29,1,0,Canceled,2016-06-15
City Hotel,0,367,2015,June,50,27,1,2,3,2,0,0,2,BB,PRT,Online TA,TA/TO,0,1,0,A,A,0,No Deposit,341,22,0,Transient,111.34,0,1,Check-Out,2016-06-15
City Hotel,1,25,2016,September,20,22,0,2,2,2,0,0,2,BB,DEU,Offline TA/TO,TA/TO,0,0,0,A,A,0,No Deposit,245,0,0,Transient-Party,88.31,0,0,Canceled,2016-06-15
City Hotel,0,63,2017,January,9,5,1,1,2,2,0,0,2,BB,FRA,Offline TA/TO,TA/TO,0,0,0,A,A,0,No Deposit,194,22,0,Group,98.41,0,0,Check-Out,2016-06-15
City Hotel,0,6,2015,August,11,12,0,4,4,2,2,0,4,BB,NLD,Online TA,TA/TO,0,0,0,D,D,0,No Deposit,167,22,0,Transient-Party,98.3,0,0,Check-Out,2016-06-15
Resort Hotel,0,73,2015,January,17,12,1,3,4,2,0,0,2,BB,PRT,Offline TA/TO,TA/TO,0,0,0,A,A,0,No Deposit,184,22,0,Transient,96.23,0,0,Check-Out,2016-06-15
City Hotel,0,47,2015,February,14,26,1,3,4,2,0,0,2,BB,PRT,Direct,TA/TO,0,0,0,A,A,0,No Deposit,171,0,0,Transient,140.63,0,2,Check-Out,2016-06-15
Resort Hotel,0,4,2016,June,18,9,2,2,4,3,0,0,3,BB,PRT,Offline TA/TO,Direct,0,0,0,A,A,0,Non Refund,31,22,0,Transient,129.68,0,0,Check-Out,2016-06-15
City Hotel,1,40,2016,October,18,21,1,2,3,1,0,0,1,BB,PRT,Online TA,TA/TO,0,0,0,E,C,0,Non Refund,389,0,30,Transient,58.75,0,1,Canceled,2016-06-15
City Hotel,1,49,2017,March,44,9,2,4,6,1,0,0,1,BB,PRT,Offline TA/TO,TA/TO,0,0,0,A,A,0,No Deposit,258,22,0,Transient,93.15,1,0,Canceled,2016-06-15
Resort Hotel,0,459,2015,July,50,15,0,2,2,2,0,0,2,BB,GBR,Online TA,Direct,0,0,0,A,A,0,No Deposit,56,22,5,Transient,139.01,0,0,Check-Out,2016-06-15
City Hotel,0,23,2015,August,8,15,0,3,3,2,0,0,2,SC,FRA,Direct,Direct,0,0,0,C,C,0,No Deposit,48,0,0,Transient-Party,66.82,0,0,Check-Out,2016-06-15
City Hotel,1,78,2016,April,29,20,1,1,2,3,0,0,3,BB,ITA,Offline TA/TO,TA/TO,0,0,0,A,A,0,No Deposit,263,0,0,Transient,68.28,0,0,Canceled,2016-06-15
Resort Hotel,0,436,2016,July,8,12,1,2,3,2,0,0,2,BB,PRT,Online TA,TA/TO,0,0,0,A,A,0,No Deposit,436,22,0,Transient,142.31,0,3,Check-Out,2016-06-15
City Hotel,0,157,2016,November,26,5,1,1,2,2,0,0,2,BB,ESP,Online TA,Direct,0,0,0,A,A,0,No Deposit,40,22,0,Transient,137.53,0,1,Check-Out,2016-06-15
City Hotel,0,501,2015,July,28,1,2,1,3,2,1,0,3,BB,BEL,Offline TA/TO,TA/TO,0,0,0,A,A,0,No Deposit,31,22,0,Transient,110.88,0,1,Check-Out,2016-06-15
Resort Hotel,1,345,2017,March,8,22,1,3,4,2,0,0,2,BB,PRT,Groups,TA/TO,0,1,0,D,D,0,No Deposit,439,22,0,Transient,65.17,0,0,Canceled,2016-06-15
City Hotel,0,67,2016,August,20,19,2,2,4,3,0,0,3,BB,GBR,Online TA,TA/TO,0,0,0,A,A,0,No Deposit,122,22,5,Transient,86.58,0,1,Check-Out,2016-06-15
Resort Hotel,0,119,2017,July,47,11,1,6,7,2,0,0,2,SC,PRT,Offline TA/TO,TA/TO,0,0,0,A,F,1,No Deposit,71,0,0,Transient,38.86,0,0,Check-Out,2016-06-15
City Hotel,1,11,2016,January,8,26,0,3,3,2,0,0,2,BB,PRT,Online TA,Direct,1,0,0,A,A,1,No Deposit,59,0,0,Transient,141.15,0,1,Canceled,2016-06-15
City Hotel,0,58,2016,February,14,18,2,3,5,2,0,0,2,FB,BRA,Online TA,TA/TO,0,0,0,D,D,0,No Deposit,453,0,0,Transient,121.0,0,1,Check-Out,2016-06-15
City Hotel,0,165,2017,March,13,6,2,1,3,1,0,0,1,BB,PRT,Online TA,TA/TO,0,0,0,D,D,2,No Deposit,160,0,0,Transient,113.28,0,1,Check-Out,2016-06-15
City Hotel,0,70,2017,March,40,17,0,1,1,2,0,0,2,BB,GBR,Direct,TA/TO,0,0,2,A,A,0,Refundable,29,0,0,Transient,72.18,0,1,Check-Out,2016-06-15
City Hotel,1,121,2016,April,17,14,0,2,2,2,0,0,2,BB,PRT,Groups,Direct,0,1,0,A,A,0,Non Refund,190,0,0,Transient,85.65,0,0,Canceled,2016-06-15
City Hotel,0,136,2016,June,51,12,1,5,6,2,0,0,2,BB,PRT,Direct,TA/TO,0,0,0,A,A,1,No Deposit,279,0,0,Transient,120.12,0,0,Check-Out,2016-06-15
Resort Hotel,1,29,2016,May,26,25,0,1,1,4,0,0,4,BB,BEL,Online TA,TA/TO,0,0,0,G,G,0,No Deposit,102,0,0,Transient-Party,80.99,0,0,Canceled,2016-06-15
City Hotel,0,208,2016,October,6,5,1,2,3,2,0,0,2,BB,DEU,Offline TA/TO,TA/TO,0,0,0,G,G,0,No Deposit,200,0,0,Transient,157.25,0,1,Check-Out,2016-06-15
Resort Hotel,0,61,2016,July,17,7,3,1,4,2,0,0,2,BB,FRA,Online TA,GDS,0,0,0,A,A,0,No Deposit,209,22,0,Transient,68.97,0,0,Check-Out,2016-06-15
City Hotel,0,23,2017,October,4,27,0,4,4,1,0,0,1,BB,ITA,Online TA,TA/TO,0,0,0,D,D,0,No Deposit,480,22,0,Transient,101.78,0,1,Check-Out,2016-06-15
Resort Hotel,0,200,2016,July,25,26,0,3,3,2,0,0,2,HB,NLD,Groups,TA/TO,0,0,0,A,A,0,No Deposit,105,0,0,Transient,113.75,0,0,Check-Out,2016-06-15
Resort Hotel,1,54,2015,February,7,16,1,1,2,2,0,0,2,BB,DEU,Online TA,TA/TO,0,0,0,A,A,0,No Deposit,496,0,0,Transient,75.52,0,1,Canceled,2016-06-15
Resort Hotel,1,138,2016,June,17,25,0,3,3,2,0,0,2,BB,NLD,Online TA,TA/TO,0,0,0,A,A,0,No Deposit,378,22,0,Transient-Party,142.08,0,2,Canceled,2016-06-15
City Hotel,0,79,2015,September,22,9,2,7,9,2,0,0,2,SC,PRT,Offline TA/TO,TA/TO,0,0,0,F,F,0,No Deposit,231,0,0,Transient,91.47,1,0,Check-Out,2016-06-15
City Hotel,1,48,2016,March,28,23,0,2,2,1,0,0,1,HB,NLD,Offline TA/TO,TA/TO,0,0,0,C,C,0,No Deposit,220,22,0,Transient,124.5,0,0,Canceled,2016-06-15
City Hotel,1,166,2016,February,50,15,1,2,3,2,0,0,2,BB,ESP,Offline TA/TO,TA/TO,0,0,0,D,D,0,No Deposit,84,22,0,Transient,124.61,0,1,Canceled,2016-06-15
Resort Hotel,1,87,2017,May,6,4,0,1,1,1,0,0,1,BB,NLD,Online TA,Direct,0,0,0,A,A,0,No Deposit,210,22,0,Transient,39.14,0,2,Canceled,2016-06-15
Resort Hotel,1,49,2016,May,30,20,1,7,8,2,0,0,2,BB,BRA,Direct,TA/TO,0,0,0,A,A,0,No Deposit,143,22,0,Transient,114.53,0,0,Canceled,2016-06-15
City Hotel,1,11,2017,May,10,23,1,3,4,1,0,0,1,FB,PRT,Online TA,TA/TO,0,0,2,A,A,0,No Deposit,295,0,0,Transient,48.51,0,0,Canceled,2016-06-15
City Hotel,0,225,2016,March,50,24,2,2,4,2,0,0,2,BB,NLD,Direct,TA/TO,0,0,0,A,A,0,No Deposit,40,0,0,Transient,114.57,0,0,Check-Out,2016-06-15
Resort Hotel,1,3,2017,April,39,7,1,1,2,2,0,0,2,HB,PRT,Offline TA/TO,TA/TO,0,0,0,A,A,0,No Deposit,390,0,0,Transient,102.8,0,0,Canceled,2016-06-15
City Hotel,0,198,2017,August,14,27,2,6,8,2,0,0,2,BB,GBR,Online TA,TA/TO,0,0,0,A,A,0,No Deposit,165,22,0,Transient-Party,53.15,0,0,Check-Out,2016-06-15
City Hotel,1,44,2017,May,46,14,1,3,4,2,1,0,3,SC,PRT,Online TA,TA/TO,0,0,0,A,A,0,No Deposit,483,0,0,Transient,71.93,0,0,Canceled,2016-06-15
City Hotel,1,101,2017,August,42,26,2,1,3,2,0,0,2,BB,BRA,Online TA,TA/TO,0,0,0,A,A,0,Non Refund,273,22,0,Transient,176.8,0,0,Canceled,2016-06-15
Resort Hotel,0,255,2016,July,22,4,0,1,1,2,0,0,2,HB,FRA,Corporate,TA/TO,0,0,0,A,A,0,No Deposit,435,22,0,Transient,114.32,0,0,Check-Out,2016-06-15
Resort Hotel,0,16,2017,July,41,4,1,6,7,2,2,0,4,BB,NLD,Direct,Direct,0,1,0,D,D,0,No Deposit,398,22,0,Contract,147.29,0,0,Check-Out,2016-06-15
City Hotel,1,83,2017,April,26,24,0,3,3,2,0,0,2,BB,PRT,Corporate,TA/TO,0,0,0,A,A,0,No Deposit,228,22,0,Transient,85.5,0,0,Canceled,2016-06-15
Resort Hotel,0,144,2015,July,10,28,0,1,1,3,0,0,3,BB,FRA,Online TA,TA/TO,0,0,0,A,A,0,No Deposit,392,0,0,Transient,94.69,0,0,Check-Out,2016-06-15
City Hotel,0,141,2016,January,2,14,1,3,4,2,0,0,2,BB,GBR,Groups,TA/TO,0,0,0,A,A,1,Non Refund,363,22,0,Transient,79.12,0,2,Check-Out,2016-06-15
City Hotel,1,74,2016,June,3,25,2,2,4,2,0,0,2,BB,NLD,Offline TA/TO,TA/TO,0,0,0,A,A,1,No Deposit,72,22,0,Transient,101.79,0,2,Canceled,2016-06-15
City Hotel,0,98,2016,July,48,7,1,4,5,2,0,0,2,BB,ESP,Online TA,GDS,0,0,0,A,G,1,No Deposit,217,22,0,Transient,57.95,0,1,Check-Out,2016-06-15
City Hotel,0,141,2016,March,42,15,0,2,2,4,0,0,4,SC,FRA,Online TA,TA/TO,0,2,0,F,D,0,No Deposit,178,22,0,Transient,128.33,0,0,Check-Out,2016-06-15
City Hotel,1,183,2016,April,11,12,0,2,2,2,0,0,2,BB,NLD,Online TA,TA/TO,0,0,0,A,A,2,No Deposit,161,22,0,Transient,120.51,0,2,Canceled,2016-06-15
City Hotel,0,143,2016,April,10,14,0,1,1,1,0,0,1,BB,GBR,Online TA,TA/TO,0,0,0,A,A,0,No Deposit,431,22,0,Transient,94.76,0,1,Check-Out,2016-06-15
City Hotel,0,43,2017,February,12,13,3,2,5,2,0,0,2,BB,FRA,Groups,TA/TO,0,0,0,D,D,0,No Deposit,251,22,0,Transient,93.55,0,0,Check-Out,2016-06-15
City Hotel,0,572,2016,May,14,19,0,1,1,2,0,0,2,BB,ESP,Groups,TA/TO,0,0,0,A,A,0,No Deposit,285,0,0,Contract,98.79,0,2,Check-Out,2016-06-15
City Hotel,1,57,2017,December,30,12,0,1,1,2,0,0,2,BB,PRT,Online TA,Direct,0,0,0,A,A,0,Non Refund,276,0,0,Transient,96.27,0,0,Canceled,2016-06-15
City Hotel,1,2,2016,May,41,16,1,1,2,3,0,0,3,BB,FRA,Online TA,TA/TO,0,0,0,E,C,0,No Deposit,432,22,0,Transient,133.18,0,1,Canceled,2016-06-15
City Hotel,0,45,2016,June,13,26,0,4,4,2,2,0,4,BB,PRT,Online TA,TA/TO,1,0,0,A,A,0,No Deposit,144,0,0,Transient,165.15,0,0,Check-Out,2016-06-15
City Hotel,0,13,2016,August,30,16,0,4,4,2,0,0,2,SC,DEU,Online TA,Direct,0,0,0,A,A,0,No Deposit,439,0,0,Transient-Party,79.86,0,0,Check-Out,2016-06-15
City Hotel,0,12,2016,August,38,1,1,1,2,1,0,0,1,BB,DEU,Offline TA/TO,Direct,0,1,0,F,F,1,No Deposit,237,22,0,Transient,155.01,1,0,Check-Out,2016-06-15
City Hotel,0,33,2016,November,11,15,2,3,5,1,0,0,1,BB,IRL,Online TA,TA/TO,0,0,0,A,A,3,No Deposit,400,22,0,Transient,95.79,0,0,Check-Out,2016-06-15
City Hotel,0,5,2016,October,1,5,2,3,5,2,0,0,2,HB,GBR,Offline TA/TO,Corporate,0,0,0,A,A,0,Non Refund,259,0,0,Transient,37.98,0,0,Check-Out,2016-06-15
City Hotel,1,116,2016,September,27,6,2,1,3,2,0,0,2,BB,PRT,Direct,TA/TO,0,0,0,D,D,0,No Deposit,25,0,0,Transient,125.49,0,1,Canceled,2016-06-15
Resort Hotel,0,7,2016,November,47,27,2,1,3,2,0,0,2,BB,GBR,Offline TA/TO,TA/TO,0,0,0,A,A,0,No Deposit,421,22,0,Transient-Party,77.11,0,0,Check-Out,2016-06-15
Resort Hotel,0,22,2016,April,39,25,0,3,3,2,0,0,2,SC,ESP,Groups,TA/TO,0,0,0,A,A,1,No Deposit,130,22,0,Transient-Party,110.15,0,0,Check-Out,2016-06-15
City Hotel,0,9,2016,July,43,21,0,2,2,2,0,0,2,BB,PRT,Online TA,GDS,0,0,0,A,A,0,No Deposit,259,0,0,Transient,27.09,0,1,Check-Out,2016-06-15
Resort Hotel,0,6,2016,October,49,17,0,3,3,2,0,0,2,BB,ESP,Online TA,TA/TO,0,0,0,A,C,0,No Deposit,364,22,0,Transient-Party,98.15,0,0,Check-Out,2016-06-15
Resort Hotel,0,31,2015,August,37,11,1,3,4,3,1,0,4,BB,GBR,Online TA,TA/TO,0,0,3,A,A,1,No Deposit,326,22,0,Transient,160.32,0,1,Check-Out,2016-06-15
Resort Hotel,1,84,2016,December,9,27,1,1,2,2,0,0,2,BB,FRA,Groups,TA/TO,0,0,0,A,A,0,No Deposit,336,0,0,Transient,69.09,0,0,Canceled,2016-06-15
Resort Hotel,0,334,2015,February,48,4,1,3,4,2,0,0,2,BB,PRT,Online TA,TA/TO,1,0,0,D,D,1,Non Refund,191,0,0,Transient,109.82,0,1,Check-Out,2016-06-15
Resort Hotel,0,208,2015,June,43,18,0,1,1,2,0,0,2,BB,FRA,Online TA,TA/TO,0,0,0,A,A,0,No Deposit,352,22,0,Transient,117.82,0,1,Check-Out,2016-06-15
City Hotel,0,208,2016,December,26,20,0,2,2,2,1,0,3,SC,NLD,Corporate,TA/TO,0,0,0,A,A,0,Non Refund,315,0,0,Transient-Party,89.84,0,1,Check-Out,2016-06-15
City Hotel,0,19,2015,May,25,14,1,3,4,1,0,0,1,BB,NLD,Offline TA/TO,Direct,0,0,0,A,A,0,No Deposit,59,22,0,Transient,127.86,0,1,Check-Out,2016-06-15
City Hotel,0,30,2016,August,17,23,0,4,4,1,1,0,2,BB,DEU,Online TA,TA/TO,0,0,0,A,A,0,No Deposit,439,0,0,Transient,117.84,0,2,Check-Out,2016-06-15
City Hotel,0,7,2016,January,6,9,2,2,4,2,0,0,2,BB,DEU,Corporate,TA/TO,0,0,0,A,A,0,No Deposit,286,22,0,Transient,73.06,0,0,Check-Out,2016-06-15
Resort Hotel,0,150,2015,August,15,28,2,1,3,2,0,0,2,BB,NLD,Online TA,TA/TO,0,0,0,A,A,0,No Deposit,96,0,0,Transient,55.85,0,0,Check-Out,2016-06-15
City Hotel,0,7,2016,November,3,3,0,4,4,2,0,0,2,BB,FRA,Offline TA/TO,TA/TO,0,0,0,A,A,0,No Deposit,160,0,0,Transient,71.93,1,0,Check-Out,2016-06-15
City Hotel,0,81,2017,May,31,3,2,5,7,1,0,0,1,BB,ESP,Groups,TA/TO,0,0,0,G,G,0,No Deposit,218,22,0,Transient-Party,64.15,0,0,Check-Out,2016-06-15
Resort Hotel,0,28,2017,January,28,11,1,6,7,2,0,0,2,SC,NLD,Direct,TA/TO,0,0,3,A,G,0,No Deposit,361,0,0,Transient,111.61,0,0,Check-Out,2016-06-15
City Hotel,0,27,2016,January,9,20,0,2,2,2,0,0,2,BB,BRA,Groups,TA/TO,0,0,0,A,A,0,No Deposit,491,22,0,Transient,136.57,0,0,Check-Out,2016-06-15
City Hotel,0,468,2017,October,44,23,0,1,1,2,0,0,2,BB,GBR,Online TA,TA/TO,0,0,0,A,A,0,No Deposit,400,22,0,Transient,110.46,0,0,Check-Out,2016-06-15
City Hotel,0,141,2016,August,51,22,0,6,6,2,0,0,2,SC,PRT,Online TA,TA/TO,0,0,0,D,E,0,No Deposit,229,0,30,Transient,105.59,0,1,Check-Out,2016-06-15
City Hotel,0,181,2015,February,18,5,1,2,3,1,0,0,1,HB,FRA,Online TA,TA/TO,0,0,0,G,G,0,No Deposit,469,22,0,Transient-Party,170.83,0,1,Check-Out,2016-06-15
City Hotel,1,84,2017,January,48,4,0,1,1,2,0,0,2,SC,PRT,Online TA,TA/TO,0,0,0,G,G,0,No Deposit,470,0,0,Transient,31.67,0,0,Canceled,2016-06-15
Resort Hotel,0,204,2017,September,40,12,2,2,4,2,2,0,4,BB,ITA,Groups,TA/TO,0,0,0,D,D,0,No Deposit,421,0,0,Transient,96.64,0,0,Check-Out,2016-06-15
City Hotel,1,103,2016,September,32,24,3,1,4,2,0,0,2,BB,FRA,Online TA,TA/TO,0,0,0,A,A,0,No Deposit,333,0,0,Transient,137.7,0,0,Canceled,2016-06-15
Resort Hotel,0,292,2016,February,19,12,0,2,2,2,0,0,2,BB,ESP,Online TA,TA/TO,0,0,0,A,A,0,Non Refund,9,22,0,Transient-Party,99.43,0,2,Check-Out,2016-06-15
City Hotel,0,33,2016,May,5,4,0,2,2,1,0,0,1,SC,NLD,Groups,Direct,0,0,0,A,A,0,No Deposit,313,22,0,Transient,103.6,0,3,Check-Out,2016-06-15
City Hotel,1,90,2015,September,44,3,1,7,8,2,0,0,2,BB,GBR,Offline TA/TO,TA/TO,0,0,0,D,D,1,No Deposit,325,0,0,Transient,79.02,0,0,Canceled,2016-06-15
City Hotel,0,117,2016,July,6,23,2,3,5,2,0,0,2,BB,FRA,Groups,TA/TO,0,0,0,D,D,0,No Deposit,192,22,0,Transient-Party,134.32,0,0,Check-Out,2016-06-15
City Hotel,0,49,2016,November,12,2,0,2,2,2,0,0,2,SC,ESP,Online TA,TA/TO,0,0,0,A,A,0,Non Refund,476,0,0,Transient,85.69,0,0,Check-Out,2016-06-15
Resort Hotel,0,211,2017,June,47,4,1,2,3,2,0,0,2,BB,PRT,Offline TA/TO,TA/TO,0,0,0,A,A,0,No Deposit,49,22,0,Transient,136.79,0,1,Check-Out,2016-06-15
Resort Hotel,0,390,2015,August,42,24,2,3,5,2,0,0,2,HB,PRT,Direct,TA/TO,0,0,0,G,G,0,No Deposit,407,0,0,Transient,155.25,0,0,Check-Out,2016-06-15
Resort Hotel,0,68,2017,July,17,4,0,5,5,1,0,0,1,BB,FRA,Online TA,TA/TO,0,0,0,E,E,0,No Deposit,447,22,0,Contract,88.56,0,0,Check-Out,2016-06-15
Resort Hotel,1,49,2015,November,39,26,0,1,1,2,0,0,2,BB,PRT,Online TA,Direct,0,0,0,E,E,0,No Deposit,347,0,0,Transient,79.44,0,1,Canceled,2016-06-15
City Hotel,0,63,2016,May,7,28,4,3,7,1,0,0,1,BB,NLD,Online TA,TA/TO,0,0,0,A,A,0,No Deposit,169,22,0,Transient,71.72,0,1,Check-Out,2016-06-15
City Hotel,1,191,2016,April,11,7,0,2,2,1,0,0,1,BB,NLD,Direct,Corporate,0,0,0,A,A,0,No Deposit,302,22,0,Transient,124.6,0,1,Canceled,2016-06-15
Resort Hotel,0,103,2016,May,34,2,0,3,3,2,0,0,2,BB,PRT,Online TA,TA/TO,0,0,0,A,A,0,No Deposit,196,22,0,Transient,122.69,0,1,Check-Out,2016-06-15
City Hotel,1,4,2015,October,2,11,1,2,3,2,0,0,2,BB,ESP,Groups,TA/TO,0,0,0,A,A,0,No Deposit,177,22,0,Transient,112.21,0,0,Canceled,2016-06-15
City Hotel,0,78,2016,June,14,5,0,1,1,2,0,0,2,SC,PRT,Online TA,TA/TO,0,0,0,E,E,1,No Deposit,17,0,0,Transient,89.2,0,0,Check-Out,2016-06-15
City Hotel,1,1,2016,May,18,28,3,3,6,2,0,0,2,SC,PRT,Online TA,Direct,0,0,0,A,A,0,No Deposit,120,22,0,Transient,124.89,0,0,Canceled,2016-06-15
City Hotel,0,150,2015,July,48,13,0,3,3,2,0,0,2,BB,NLD,Online TA,TA/TO,0,0,3,D,D,0,No Deposit,467,0,0,Transient,143.47,0,0,Check-Out,2016-06-15
Resort Hotel,0,39,2015,March,43,4,2,1,3,2,0,0,2,BB,PRT,Online TA,TA/TO,0,0,0,A,A,0,No Deposit,258,0,0,Transient,13.63,0,1,Check-Out,2016-06-15
City Hotel,0,63,2016,January,9,9,0,1,1,2,0,0,2,BB,BRA,Offline TA/TO,TA/TO,0,0,0,A,A,0,No Deposit,454,0,0,Transient,163.73,0,1,Check-Out,2016-06-15
City Hotel,0,160,2016,April,39,7,0,1,1,1,0,0,1,BB,GBR,Direct,TA/TO,0,0,0,A,A,0,No Deposit,66,0,0,Transient,58.86,0,1,Check-Out,2016-06-15
City Hotel,0,4,2015,July,4,25,1,3,4,1,0,0,1,BB,FRA,Online TA,TA/TO,0,0,1,A,A,0,No Deposit,84,22,0,Transient,119.64,0,0,Check-Out,2016-06-15
Resort Hotel,0,17,2016,August,48,27,2,2,4,2,2,0,4,BB,PRT,Groups,TA/TO,0,0,1,D,D,0,No Deposit,138,22,0,Transient,132.26,0,2,Check-Out,2016-06-15
City Hotel,1,50,2017,September,14,13,0,5,5,2,0,0,2,BB,ESP,Online TA,TA/TO,1,0,0,D,D,0,No Deposit,76,22,0,Transient,108.55,0,1,Canceled,2016-06-15
Resort Hotel,0,26,2015,November,11,10,1,2,3,2,0,0,2,BB,PRT,Direct,Direct,0,0,0,D,D,0,No Deposit,353,0,0,Transient,97.64,1,2,Check-Out,2016-06-15
Resort Hotel,0,41,2016,June,30,7,0,2,2,2,0,0,2,BB,PRT,Direct,Direct,0,0,0,A,E,2,No Deposit,328,0,0,Transient,74.73,0,0,Check-Out,2016-06-15
City Hotel,0,630,2015,September,40,18,2,2,4,2,0,0,2,BB,PRT,Online TA,TA/TO,0,0,0,E,E,0,Non Refund,136,22,0,Transient,116.33,0,1,Check-Out,2016-06-15
City Hotel,0,174,2015,February,43,28,2,2,4,2,0,0,2,BB,NLD,Groups,Direct,0,0,0,A,A,0,No Deposit,297,22,0,Transient-Party,125.28,0,1,Check-Out,2016-06-15
City Hotel,1,215,2015,January,27,18,1,2,3,2,0,0,2,HB,GBR,Groups,TA/TO,0,1,0,A,A,0,No Deposit,219,0,0,Transient-Party,108.72,0,0,Canceled,2016-06-15
Resort Hotel,1,276,2016,February,29,2,1,2,3,2,0,0,2,BB,NLD,Online TA,TA/TO,0,0,0,A,A,0,No Deposit,340,0,0,Transient,40.56,0,0,Canceled,2016-06-15
City Hotel,1,41,2017,June,52,21,0,1,1,2,0,0,2,BB,GBR,Groups,TA/TO,0,0,0,A,A,0,No Deposit,353,22,0,Transient,125.59,0,0,Canceled,2016-06-15
Resort Hotel,1,35,2016,April,32,1,0,4,4,1,0,0,1,BB,DEU,Direct,TA/TO,0,0,0,A,A,0,No Deposit,38,22,0,Transient,96.8,0,1,Canceled,2016-06-15
Resort Hotel,0,26,2016,April,49,13,0,1,1,2,0,0,2,BB,NLD,Offline TA/TO,Direct,0,0,2,A,A,2,No Deposit,346,22,0,Transient,98.87,0,0,Check-Out,2016-06-15
City Hotel,0,177,2016,August,30,23,0,2,2,2,0,0,2,BB,IRL,Offline TA/TO,TA/TO,0,0,0,E,E,0,No Deposit,372,0,0,Transient-Party,106.8,0,0,Check-Out,2016-06-15
City Hotel,0,113,2016,May,26,2,2,1,3,1,0,0,1,BB,PRT,Groups,TA/TO,0,0,0,D,D,0,No Deposit,465,22,0,Transient,98.85,0,0,Check-Out,2016-06-15
City Hotel,0,26,2016,July,30,4,1,3,4,2,0,0,2,SC,PRT,Online TA,TA/TO,0,0,0,D,D,0,No Deposit,245,0,0,Transient-Party,50.1,0,0,Check-Out,2016-06-15
City Hotel,1,47,2017,June,51,9,0,2,2,1,0,0,1,BB,NLD,Online TA,TA/TO,0,0,0,B,B,0,No Deposit,458,0,0,Transient-Party,86.39,0,2,Canceled,2016-06-15
City Hotel,1,70,2017,March,10,8,2,1,3,1,0,0,1,BB,FRA,Offline TA/TO,TA/TO,0,0,0,A,A,0,No Deposit,68,0,0,Transient,108.22,0,2,Canceled,2016-06-15
City Hotel,1,75,2017,February,12,26,4,1,5,1,0,0,1,BB,ESP,Online TA,TA/TO,0,0,0,A,A,0,No Deposit,289,0,0,Transient,75.42,0,3,Canceled,2016-06-15
Resort Hotel,1,219,2016,April,33,18,1,1,2,3,0,0,3,BB,PRT,Online TA,TA/TO,0,0,0,D,D,0,No Deposit,151,0,0,Transient,137.27,0,1,Canceled,2016-06-15
City Hotel,0,47,2017,January,34,16,1,4,5,1,0,0,1,BB,FRA,Online TA,TA/TO,0,0,0,A,A,1,No Deposit,186,22,0,Transient-Party,149.45,0,1,Check-Out,2016-06-15
City Hotel,0,239,2016,July,18,4,0,4,4,2,0,0,2,BB,GBR,Online TA,TA/TO,0,1,0,B,B,0,No Deposit,338,0,0,Transient-Party,158.21,1,1,Check-Out,2016-06-15
Resort Hotel,1,58,2017,September,39,4,0,7,7,2,1,0,3,SC,ITA,Online TA,TA/TO,0,0,0,A,A,0,No Deposit,342,0,0,Transient,150.74,0,0,Canceled,2016-06-15
City Hotel,0,137,2017,May,16,18,0,1,1,2,0,0,2,BB,PRT,Online TA,TA/TO,0,1,0,A,G,0,No Deposit,114,22,0,Transient-Party,49.6,0,0,Check-Out,2016-06-15
City Hotel,1,266,2015,May,45,2,3,1,4,2,0,0,2,BB,BRA,Corporate,TA/TO,0,0,0,A,A,0,Non Refund,245,0,0,Transient,104.19,0,1,Canceled,2016-06-15
Resort Hotel,0,238,2016,September,4,21,1,2,3,3,0,0,3,BB,ITA,Offline TA/TO,TA/TO,0,0,0,D,D,2,No Deposit,370,22,0,Transient,133.42,0,0,Check-Out,2016-06-15
Resort Hotel,0,5,2016,April,10,11,2,1,3,2,0,0,2,BB,FRA,Direct,TA/TO,0,0,0,A,A,0,Non Refund,473,0,0,Transient,110.44,0,1,Check-Out,2016-06-15
City Hotel,0,23,2017,February,28,20,0,3,3,2,2,0,4,HB,GBR,Offline TA/TO,TA/TO,0,0,0,A,A,1,No Deposit,113,22,0,Transient,159.66,1,0,Check-Out,2016-06-15
Resort Hotel,0,64,2015,July,41,24,1,6,7,2,0,0,2,BB,PRT,Online TA,Direct,0,0,0,A,A,0,No Deposit,466,22,0,Transient,34.42,0,0,Check-Out,2016-06-15
City Hotel,0,56,2017,August,18,4,0,2,2,2,0,0,2,HB,ESP,Direct,Direct,0,0,0,A,A,0,No Deposit,320,22,0,Transient,125.75,0,0,Check-Out,2016-06-15
City Hotel,1,102,2016,July,9,24,2,2,4,2,0,0,2,SC,ESP,Online TA,TA/TO,0,0,0,E,E,0,No Deposit,40,0,0,Transient,61.02,0,0,Canceled,2016-06-15
City Hotel,1,289,2015,August,22,14,0,2,2,2,0,0,2,BB,FRA,Offline TA/TO,TA/TO,0,0,0,A,A,0,No Deposit,223,22,0,Transient-Party,113.02,0,1,Canceled,2016-06-15
City Hotel,1,11,2015,January,10,21,1,5,6,3,0,0,3,SC,PRT,Online TA,TA/TO,0,0,0,G,G,0,No Deposit,173,22,0,Transient,9.37,0,2,Canceled,2016-06-15
City Hotel,0,60,2017,June,40,17,0,3,3,2,0,0,2,BB,NLD,Online TA,TA/TO,0,1,0,A,A,0,No Deposit,361,0,0,Transient,122.46,0,1,Check-Out,2016-06-15
City Hotel,0,21,2015,April,23,25,1,7,8,1,0,0,1,BB,PRT,Groups,TA/TO,0,0,0,A,A,0,No Deposit,385,0,0,Transient,174.77,0,0,Check-Out,2016-06-15
City Hotel,0,224,2015,September,43,8,1,3,4,1,2,0,3,BB,ITA,Online TA,TA/TO,0,0,0,A,A,1,No Deposit,208,0,0,Transient,118.22,0,0,Check-Out,2016-06-15
City Hotel,1,334,2016,October,13,1,1,3,4,2,0,0,2,BB,NLD,Online TA,Direct,0,0,0,A,A,0,No Deposit,442,0,0,Transient-Party,120.73,0,1,Canceled,2016-06-15
Resort Hotel,0,65,2016,April,24,28,0,1,1,1,0,0,1,HB,DEU,Groups,TA/TO,0,0,2,A,A,0,No Deposit,172,22,0,Transient,88.2,0,2,Check-Out,2016-06-15
City Hotel,0,10,2016,February,13,19,1,6,7,2,1,0,3,BB,GBR,Offline TA/TO,Direct,0,0,0,A,A,0,No Deposit,419,22,0,Transient,136.34,0,2,Check-Out,2016-06-15
City Hotel,0,153,2016,April,48,19,1,3,4,1,0,0,1,BB,PRT,Online TA,Direct,0,0,0,A,A,0,No Deposit,192,0,0,Transient,123.14,0,1,Check-Out,2016-06-15
City Hotel,0,119,2017,February,45,21,3,2,5,1,0,0,1,BB,NLD,Offline TA/TO,TA/TO,0,0,0,A,A,1,No Deposit,480,22,0,Transient,97.36,0,0,Check-Out,2016-06-15
City Hotel,1,43,2017,May,25,7,0,2,2,2,0,0,2,BB,FRA,Online TA,TA/TO,0,0,0,A,A,0,No Deposit,372,0,0,Transient,93.64,0,0,Canceled,2016-06-15
City Hotel,1,218,2016,July,44,1,2,1,3,2,0,0,2,BB,ESP,Groups,Direct,0,0,0,A,A,0,No Deposit,53,22,0,Transient-Party,131.56,1,0,Canceled,2016-06-15
City Hotel,0,372,2017,December,47,1,1,1,2,2,0,0,2,HB,ESP,Groups,TA/TO,0,0,0,D,A,0,No Deposit,145,22,0,Transient-Party,94.19,0,0,Check-Out,2016-06-15
City Hotel,0,81,2017,May,29,10,0,1,1,1,0,0,1,BB,ESP,Online TA,TA/TO,0,0,0,E,E,3,No Deposit,237,22,0,Transient,150.91,0,2,Check-Out,2016-06-15
City Hotel,0,83,2016,April,16,13,1,7,8,2,0,0,2,BB,NLD,Online TA,TA/TO,0,0,0,A,A,0,No Deposit,459,0,0,Transient,90.05,0,1,Check-Out,2016-06-15
City Hotel,0,35,2016,March,40,22,1,4,5,2,0,0,2,BB,NLD,Online TA,Corporate,0,0,0,D,D,0,No Deposit,397,22,0,Transient,100.11,1,0,Check-Out,2016-06-15
City Hotel,0,87,2016,March,6,5,0,4,4,2,0,0,2,BB,PRT,Offline TA/TO,TA/TO,0,0,0,A,A,1,No Deposit,69,22,0,Transient,122.22,0,1,Check-Out,2016-06-15
City Hotel,0,57,2016,March,8,12,1,3,4,2,0,1,3,BB,FRA,Offline TA/TO,TA/TO,0,0,0,A,A,0,No Deposit,75,0,0,Transient,121.28,0,1,Check-Out,2016-06-15
Resort Hotel,1,35,2016,September,34,28,1,2,3,2,0,0,2,HB,ESP,Offline TA/TO,TA/TO,0,0,0,E,E,0,No Deposit,343,22,0,Transient,103.82,0,1,Canceled,2016-06-15
City Hotel,1,6,2017,February,18,3,1,1,2,2,2,0,4,BB,NLD,Direct,TA/TO,0,0,1,A,A,0,No Deposit,273,22,0,Transient-Party,99.45,0,2,Canceled,2016-06-15
City Hotel,0,29,2017,December,43,19,1,1,2,2,0,0,2,BB,PRT,Online TA,TA/TO,0,0,0,A,A,0,No Deposit,99,0,0,Transient,150.51,1,1,Check-Out,2016-06-15
Resort Hotel,0,22,2015,July,32,4,1,5,6,2,0,0,2,BB,NLD,Groups,TA/TO,0,0,2,E,E,0,No Deposit,424,0,0,Transient,49.88,0,1,Check-Out,2016-06-15
City Hotel,0,78,2015,July,49,15,0,1,1,2,0,0,2,BB,DEU,Online TA,TA/TO,0,0,0,A,A,0,No Deposit,336,0,0,Transient,147.54,0,0,Check-Out,2016-06-15
Resort Hotel,0,92,2015,May,10,13,0,3,3,2,0,0,2,BB,BEL,Groups,TA/TO,0,0,0,A,A,0,No Deposit,468,22,0,Transient,34.13,0,0,Check-Out,2016-06-15
Resort Hotel,1,93,2017,August,34,11,1,3,4,1,0,0,1,BB,PRT,Online TA,Direct,0,0,0,F,F,0,No Deposit,290,0,0,Transient,120.4,0,0,Canceled,2016-06-15
City Hotel,0,49,2015,June,23,26,0,2,2,2,0,0,2,BB,BRA,Groups,TA/TO,0,0,0,A,A,0,No Deposit,51,0,0,Transient,91.49,0,0,Check-Out,2016-06-15
Resort Hotel,0,54,2016,May,19,2,0,7,7,2,0,0,2,BB,PRT,Groups,TA/TO,0,0,0,A,A,0,No Deposit,107,0,0,Transient-Party,78.57,0,1,Check-Out,2016-06-15
City Hotel,0,179,2016,April,20,9,0,1,1,2,0,0,2,BB,ITA,Online TA,TA/TO,0,0,0,A,A,0,Non Refund,439,22,0,Transient,181.29,0,0,Check-Out,2016-06-15
City Hotel,0,64,2016,November,52,12,0,4,4,1,0,0,1,HB,NLD,Offline TA/TO,TA/TO,1,0,0,D,D,0,No Deposit,255,22,0,Transient-Party,68.3,0,2,Check-Out,2016-06-15
City Hotel,1,440,2016,April,52,4,1,3,4,2,0,0,2,BB,NLD,Online TA,TA/TO,0,0,0,A,G,0,Non Refund,215,0,0,Transient,65.08,0,0,Canceled,2016-06-15
Resort Hotel,0,57,2017,June,34,26,1,7,8,1,0,0,1,BB,ESP,Online TA,TA/TO,0,0,0,A,A,0,No Deposit,296,22,0,Transient,75.05,0,0,Check-Out,2016-06-15
Resort Hotel,0,104,2016,May,38,19,2,6,8,2,0,0,2,BB,GBR,Online TA,TA/TO,0,0,0,A,F,0,No Deposit,391,22,5,Transient,160.17,0,0,Check-Out,2016-06-15
City Hotel,0,5,2017,February,17,10,0,1,1,2,0,0,2,BB,PRT,Online TA,TA/TO,0,0,0,A,A,0,No Deposit,211,22,0,Transient,110.79,0,1,Check-Out,2016-06-15
City Hotel,1,105,2016,March,44,11,0,2,2,2,0,0,2,BB,PRT,Online TA,Direct,0,0,0,F,F,0,No Deposit,290,0,0,Transient,103.02,0,0,Canceled,2016-06-15
City Hotel,0,190,2015,March,5,7,1,5,6,2,0,0,2,BB,PRT,Direct,TA/TO,0,0,0,A,A,0,No Deposit,236,22,0,Transient,72.66,0,0,Check-Out,2016-06-15
Resort Hotel,0,285,2015,August,2,13,4,1,5,2,0,0,2,HB,GBR,Online TA,TA/TO,0,0,0,A,A,0,No Deposit,120,0,0,Transient,42.52,0,1,Check-Out,2016-06-15
City Hotel,0,592,2017,June,41,9,2,2,4,2,0,0,2,SC,PRT,Online TA,TA/TO,0,0,0,A,A,1,No Deposit,420,0,0,Transient,80.4,0,0,Check-Out,2016-06-15
City Hotel,0,33,2017,September,34,12,1,3,4,2,0,0,2,BB,PRT,Online TA,TA/TO,0,0,0,A,A,2,No Deposit,40,22,0,Transient,92.51,0,1,Check-Out,2016-06-15
City Hotel,0,85,2015,August,20,2,1,3,4,1,0,0,1,BB,PRT,Online TA,TA/TO,0,0,3,A,F,0,No Deposit,146,22,0,Transient,91.84,0,1,Check-Out,2016-06-15
Resort Hotel,1,59,2017,March,46,22,1,3,4,1,0,0,1,BB,FRA,Offline TA/TO,TA/TO,0,0,0,A,A,0,No Deposit,236,22,5,Transient,104.21,0,2,Canceled,2016-06-15
City Hotel,0,82,2016,July,47,21,1,3,4,2,0,0,2,BB,ESP,Direct,TA/TO,0,0,0,E,E,0,No Deposit,200,0,0,Transient-Party,115.16,0,3,Check-Out,2016-06-15
City Hotel,0,17,2016,September,2,1,1,3,4,2,2,0,4,BB,IRL,Online TA,TA/TO,0,0,0,A,A,0,No Deposit,280,22,0,Transient,67.56,0,0,Check-Out,2016-06-15
City Hotel,1,193,2015,August,28,27,0,3,3,2,0,0,2,HB,FRA,Offline TA/TO,TA/TO,0,0,0,A,A,0,No Deposit,111,22,5,Transient,109.51,0,1,Canceled,2016-06-15
City Hotel,0,240,2017,July,18,7,0,7,7,3,2,0,5,BB,ITA,Groups,TA/TO,0,0,0,A,A,0,No Deposit,234,22,0,Transient,77.99,0,0,Check-Out,2016-06-15
City Hotel,0,59,2015,August,44,1,2,2,4,2,2,0,4,HB,NLD,Online TA,TA/TO,0,0,0,A,D,0,No Deposit,230,0,0,Transient,93.86,0,1,Check-Out,2016-06-15
City Hotel,1,32,2016,January,39,26,2,1,3,2,0,0,2,FB,GBR,Direct,TA/TO,0,0,0,A,A,0,No Deposit,159,0,0,Transient,154.57,0,0,Canceled,2016-06-15
Resort Hotel,0,15,2016,August,48,25,0,2,2,1,0,0,1,BB,ITA,Online TA,TA/TO,0,0,0,E,E,1,No Deposit,487,0,0,Transient,53.36,0,0,Check-Out,2016-06-15
City Hotel,1,115,2015,April,51,16,2,5,7,2,0,0,2,SC,DEU,Online TA,Corporate,0,0,0,A,A,0,No Deposit,439,22,0,Transient,147.74,0,0,Canceled,2016-06-15
City Hotel,1,37,2016,July,35,4,1,1,2,2,1,0,3,BB,DEU,Online TA,TA/TO,0,0,0,F,F,0,Non Refund,499,0,0,Transient-Party,140.33,0,0,Canceled,2016-06-15
Resort Hotel,0,240,2015,April,15,8,0,3,3,2,0,0,2,BB,ESP,Online TA,TA/TO,0,0,0,A,A,0,No Deposit,209,0,0,Transient,45.53,0,0,Check-Out,2016-06-15
Resort Hotel,0,111,2016,October,47,17,1,2,3,2,0,0,2,BB,BEL,Groups,TA/TO,0,0,3,A,A,0,No Deposit,88,22,0,Transient-Party,74.84,0,0,Check-Out,2016-06-15
City Hotel,0,103,2017,June,39,21,2,5,7,2,0,0,2,BB,NLD,Offline TA/TO,TA/TO,0,0,0,A,A,0,Non Refund,397,0,0,Transient,84.29,0,0,Check-Out,2016-06-15
Resort Hotel,0,81,2016,August,40,19,0,5,5,2,0,0,2,BB,GBR,Online TA,Direct,1,0,0,A,A,0,No Deposit,102,22,0,Transient,60.68,1,1,Check-Out,2016-06-15
City Hotel,1,4,2016,September,39,4,2,4,6,2,0,0,2,HB,DEU,Online TA,TA/TO,0,0,0,F,F,0,No Deposit,445,0,0,Transient,115.68,0,0,Canceled,2016-06-15
City Hotel,1,268,2016,October,3,28,0,1,1,1,0,0,1,BB,PRT,Online TA,TA/TO,0,0,0,A,A,0,No Deposit,230,22,0,Transient,79.21,1,0,Canceled,2016-06-15
City Hotel,1,98,2016,August,19,4,2,1,3,2,0,0,2,BB,BRA,Direct,Direct,0,0,0,D,D,1,No Deposit,407,22,0,Transient,38.3,0,1,Canceled,2016-06-15
Resort Hotel,0,512,2017,March,23,8,2,1,3,2,0,0,2,BB,NLD,Online TA,TA/TO,0,0,0,A,A,1,No Deposit,27,0,0,Transient-Party,97.75,0,3,Check-Out,2016-06-15
City Hotel,0,77,2015,October,19,10,2,2,4,2,0,0,2,BB,NLD,Offline TA/TO,TA/TO,0,0,0,D,D,0,No Deposit,90,22,0,Transient,92.88,0,0,Check-Out,2016-06-15
City Hotel,0,123,2017,July,18,26,4,1,5,1,0,0,1,BB,FRA,Direct,TA/TO,0,1,0,A,A,0,No Deposit,297,0,0,Transient,88.73,0,0,Check-Out,2016-06-15
City Hotel,1,5,2017,July,30,16,0,2,2,2,0,0,2,BB,PRT,Groups,TA/TO,0,0,0,A,A,0,Non Refund,299,22,0,Transient,50.68,0,2,Canceled,2016-06-15
City Hotel,0,99,2017,November,39,19,0,1,1,2,0,0,2,BB,NLD,Online TA,Corporate,0,0,0,A,A,0,No Deposit,151,0,0,Transient,122.15,0,0,Check-Out,2016-06-15
Resort Hotel,1,144,2015,April,19,1,1,4,5,2,0,0,2,BB,NLD,Online TA,Corporate,0,0,0,A,B,0,No Deposit,395,0,0,Transient-Party,72.05,0,0,Canceled,2016-06-15
City Hotel,1,150,2015,April,5,5,1,4,5,2,0,0,2,BB,IRL,Corporate,Direct,0,0,2,A,A,0,No Deposit,251,22,0,Transient,103.61,0,0,Canceled,2016-06-15
Resort Hotel,0,147,2016,July,13,2,2,2,4,2,0,0,2,BB,NLD,Direct,TA/TO,0,0,0,A,G,3,No Deposit,461,22,0,Transient,136.29,1,0,Check-Out,2016-06-15
Resort Hotel,0,25,2017,September,34,27,0,6,6,2,0,0,2,BB,ESP,Direct,Direct,0,0,0,A,A,0,No Deposit,19,22,0,Group,82.57,0,0,Check-Out,2016-06-15
Resort Hotel,1,370,2016,June,24,16,2,1,3,2,0,0,2,BB,NLD,Direct,TA/TO,0,0,0,D,D,0,No Deposit,478,0,0,Transient-Party,156.03,0,1,Canceled,2016-06-15
City Hotel,0,533,2016,August,18,13,2,1,3,2,0,0,2,BB,NLD,Offline TA/TO,TA/TO,0,0,0,A,A,0,No Deposit,495,22,0,Transient,70.12,0,2,Check-Out,2016-06-15
City Hotel,1,7,2015,June,4,6,0,1,1,4,0,0,4,FB,PRT,Groups,TA/TO,0,0,0,D,D,0,No Deposit,376,0,0,Transient,182.98,0,1,Canceled,2016-06-15
City Hotel,0,275,2016,July,36,4,1,7,8,1,0,0,1,BB,GBR,Offline TA/TO,TA/TO,0,0,0,A,A,0,No Deposit,391,22,0,Transient,73.74,0,0,Check-Out,2016-06-15
City Hotel,0,34,2017,September,8,25,0,2,2,2,0,0,2,BB,PRT,Offline TA/TO,TA/TO,0,0,0,D,D,0,No Deposit,213,22,0,Transient-Party,86.09,0,0,Check-Out,2016-06-15
Resort Hotel,0,116,2015,March,43,7,2,5,7,1,0,0,1,BB,PRT,Offline TA/TO,TA/TO,0,0,0,A,A,0,No Deposit,367,22,0,Transient,124.91,0,0,Check-Out,2016-06-15
City Hotel,0,41,2015,August,1,2,0,1,1,3,0,0,3,BB,FRA,Online TA,TA/TO,0,0,0,D,D,2,Non Refund,92,22,0,Transient-Party,89.2,0,0,Check-Out,2016-06-15
City Hotel,0,343,2016,September,41,23,0,4,4,2,0,0,2,BB,GBR,Online TA,Direct,0,0,0,A,A,0,No Deposit,368,22,0,Transient-Party,122.91,0,0,Check-Out,2016-06-15
City Hotel,0,10,2016,June,38,10,0,2,2,1,0,0,1,BB,NLD,Online TA,TA/TO,0,2,0,A,A,1,No Deposit,379,22,0,Transient,90.7,0,1,Check-Out,2016-06-15
Resort Hotel,0,68,2017,May,36,14,0,3,3,2,0,0,2,BB,PRT,Online TA,Corporate,0,0,0,A,A,0,No Deposit,191,0,0,Transient,107.38,0,0,Check-Out,2016-06-15
City Hotel,0,55,2017,January,38,8,1,7,8,1,0,0,1,BB,PRT,Groups,TA/TO,1,0,0,A,A,1,Non Refund,110,0,0,Transient,96.56,0,1,Check-Out,2016-06-15
City Hotel,1,39,2016,September,13,3,2,6,8,2,0,0,2,HB,NLD,Direct,TA/TO,1,0,0,A,A,0,No Deposit,231,22,0,Group,132.52,0,1,Canceled,2016-06-15
Resort Hotel,0,103,2015,May,22,3,1,4,5,2,0,0,2,BB,PRT,Online TA,TA/TO,0,0,0,F,F,0,No Deposit,303,22,0,Transient-Party,56.76,0,0,Check-Out,2016-06-15
Resort Hotel,0,14,2016,May,29,27,0,1,1,2,0,0,2,BB,PRT,Offline TA/TO,TA/TO,0,0,0,A,A,0,No Deposit,153,22,0,Transient,94.2,0,0,Check-Out,2016-06-15
City Hotel,0,126,2017,May,9,2,0,3,3,2,0,0,2,BB,GBR,Groups,TA/TO,0,0,0,A,A,0,No Deposit,215,0,0,Transient,106.38,0,1,Check-Out,2016-06-15
City Hotel,0,394,2017,June,27,28,0,4,4,2,0,0,2,BB,PRT,Offline TA/TO,Direct,0,0,0,A,A,1,No Deposit,480,0,0,Transient,132.42,0,0,Check-Out,2016-06-15
Resort Hotel,0,163,2017,August,46,17,1,2,3,2,0,0,2,HB,PRT,Groups,Corporate,0,0,0,A,A,0,No Deposit,496,0,0,Transient,51.61,0,0,Check-Out,2016-06-15
City Hotel,1,196,2016,September,44,19,1,3,4,2,0,0,2,BB,ESP,Direct,TA/TO,0,0,0,A,A,0,No Deposit,13,0,0,Contract,133.88,0,1,Canceled,2016-06-15
Resort Hotel,0,44,2017,May,4,10,1,1,2,2,0,0,2,BB,PRT,Direct,Corporate,0,0,0,A,A,0,No Deposit,250,0,0,Transient-Party,110.15,0,1,Check-Out,2016-06-15
City Hotel,0,39,2017,August,40,12,0,1,1,2,0,0,2,BB,NLD,Online TA,TA/TO,0,0,0,C,C,0,No Deposit,460,0,0,Transient,61.74,0,0,Check-Out,2016-06-15
City Hotel,0,72,2016,August,17,27,1,3,4,2,0,0,2,BB,PRT,Corporate,TA/TO,0,0,0,A,A,0,No Deposit,187,22,0,Transient,122.07,0,0,Check-Out,2016-06-15
City Hotel,0,4,2016,April,37,23,1,2,3,2,0,0,2,BB,PRT,Groups,Direct,0,0,0,D,D,0,No Deposit,437,22,0,Transient,85.05,1,1,Check-Out,2016-06-15
City Hotel,1,290,2017,February,3,11,0,1,1,2,0,0,2,BB,BEL,Direct,TA/TO,0,0,0,D,D,0,No Deposit,442,22,0,Transient,175.83,0,1,Canceled,2016-06-15
City Hotel,0,15,2016,October,4,9,2,2,4,2,0,0,2,BB,NLD,Online TA,TA/TO,0,0,0,A,A,0,No Deposit,128,0,0,Transient-Party,95.14,1,1,Check-Out,2016-06-15
Resort Hotel,1,233,2015,August,40,25,0,3,3,1,0,0,1,BB,PRT,Corporate,TA/TO,0,0,0,A,A,0,No Deposit,38,22,0,Transient,149.46,1,2,Canceled,2016-06-15
City Hotel,1,8,2015,August,16,13,1,3,4,2,0,0,2,BB,PRT,Online TA,TA/TO,1,0,0,D,D,0,No Deposit,143,22,0,Transient,156.65,0,0,Canceled,2016-06-15
City Hotel,0,172,2016,January,11,6,2,1,3,2,0,0,2,BB,FRA,Direct,TA/TO,0,0,0,E,E,0,No Deposit,336,22,0,Transient,75.09,0,0,Check-Out,2016-06-15
City Hotel,0,16,2016,September,27,14,0,6,6,2,0,0,2,BB,ESP,Groups,TA/TO,0,0,0,A,A,0,No Deposit,299,0,0,Transient,112.67,0,3,Check-Out,2016-06-15
Resort Hotel,0,3,2015,July,26,22,0,1,1,2,0,0,2,BB,PRT,Online TA,Direct,0,0,0,E,E,0,No Deposit,254,0,0,Transient-Party,168.36,0,2,Check-Out,2016-06-15
Resort Hotel,0,127,2017,October,31,11,1,3,4,3,0,0,3,BB,GBR,Groups,Corporate,0,0,0,E,E,1,No Deposit,375,0,0,Transient-Party,169.1,0,0,Check-Out,2016-06-15
Resort Hotel,0,32,2017,December,34,5,0,2,2,3,0,0,3,BB,NLD,Groups,TA/TO,0,0,0,A,C,1,No Deposit,301,0,0,Transient,75.85,1,0,Check-Out,2016-06-15
City Hotel,0,125,2017,November,8,2,1,2,3,2,0,0,2,BB,NLD,Offline TA/TO,TA/TO,0,0,0,A,A,0,No Deposit,115,22,0,Transient,142.95,0,0,Check-Out,2016-06-15
City Hotel,1,80,2016,October,39,7,2,3,5,2,0,0,2,HB,PRT,Offline TA/TO,TA/TO,0,0,0,D,D,0,No Deposit,32,22,0,Transient-Party,109.07,0,1,Canceled,2016-06-15
City Hotel,1,11,2016,January,1,17,1,3,4,2,0,0,2,BB,PRT,Online TA,Direct,0,0,0,A,A,0,No Deposit,293,0,0,Contract,71.08,1,0,Canceled,2016-06-15
City Hotel,1,269,2015,October,2,6,1,4,5,2,0,0,2,BB,ESP,Online TA,TA/TO,0,1,0,A,A,0,No Deposit,73,0,0,Transient,71.13,0,0,Canceled,2016-06-15
City Hotel,1,60,2016,February,27,14,1,4,5,1,0,0,1,BB,PRT,Online TA,Direct,0,0,0,A,A,0,No Deposit,289,22,0,Transient,139.36,0,0,Canceled,2016-06-15
Resort Hotel,0,132,2016,October,45,4,2,1,3,1,0,0,1,HB,PRT,Offline TA/TO,TA/TO,0,0,0,A,A,0,No Deposit,54,22,0,Transient,149.79,0,0,Check-Out,2016-06-15
City Hotel,1,69,2017,April,43,3,1,3,4,2,0,0,2,BB,PRT,Online TA,TA/TO,0,0,0,A,A,1,No Deposit,280,22,0,Transient,154.48,0,0,Canceled,2016-06-15
City Hotel,0,92,2016,July,3,11,3,2,5,3,0,0,3,BB,PRT,Online TA,Corporate,0,0,0,A,A,0,No Deposit,388,22,0,Transient,106.79,0,0,Check-Out,2016-06-15
City Hotel,0,36,2015,January,34,1,1,4,5,2,0,0,2,BB,PRT,Online TA,TA/TO,0,0,0,D,D,0,No Deposit,1,0,0,Transient,98.38,0,0,Check-Out,2016-06-15
City Hotel,1,22,2016,September,16,14,0,3,3,2,0,0,2,HB,DEU,Online TA,TA/TO,0,0,0,A,A,0,No Deposit,63,0,0,Transient,115.59,0,0,Canceled,2016-06-15
City Hotel,1,78,2016,February,1,6,0,1,1,2,1,0,3,BB,FRA,Groups,TA/TO,0,0,0,C,C,0,No Deposit,288,22,0,Transient,56.04,0,0,Canceled,2016-06-15
City Hotel,1,58,2017,June,7,23,2,3,5,2,0,0,2,BB,NLD,Online TA,TA/TO,0,0,0,F,F,0,No Deposit,449,0,10,Transient,102.71,0,1,Canceled,2016-06-15
Resort Hotel,0,49,2017,September,35,27,0,5,5,1,0,0,1,BB,BEL,Offline TA/TO,TA/TO,0,0,0,A,B,0,No Deposit,179,0,0,Transient,158.4,0,0,Check-Out,2016-06-15
Resort Hotel,0,111,2015,August,22,17,2,1,3,2,2,0,4,BB,FRA,Offline TA/TO,TA/TO,0,0,0,A,A,0,No Deposit,138,0,0,Contract,105.79,0,1,Check-Out,2016-06-15
City Hotel,1,117,2015,January,48,27,1,2,3,2,0,0,2,BB,PRT,Online TA,TA/TO,0,0,0,D,D,0,No Deposit,366,22,0,Transient,137.17,0,0,Canceled,2016-06-15
City Hotel,0,4,2015,June,32,17,2,3,5,2,0,0,2,BB,NLD,Groups,TA/TO,0,0,0,A,A,0,No Deposit,21,0,0,Transient,122.29,0,0,Check-Out,2016-06-15
City Hotel,0,41,2017,January,26,23,2,1,3,2,0,0,2,BB,PRT,Offline TA/TO,TA/TO,0,0,0,A,E,0,No Deposit,15,22,0,Transient,53.32,1,0,Check-Out,2016-06-15
City Hotel,0,53,2015,August,6,11,1,3,4,2,0,0,2,HB,ITA,Offline TA/TO,TA/TO,0,0,0,A,B,1,No Deposit,336,22,0,Transient,126.4,0,1,Check-Out,2016-06-15
Resort Hotel,1,10,2015,December,46,28,2,1,3,2,0,0,2,BB,PRT,Corporate,Corporate,0,0,1,A,A,0,No Deposit,429,0,0,Transient,123.87,0,1,Canceled,2016-06-15
Resort Hotel,1,26,2016,August,11,22,2,5,7,2,0,0,2,BB,ESP,Groups,TA/TO,0,0,0,A,A,0,Non Refund,52,22,0,Transient-Party,111.64,0,1,Canceled,2016-06-15
City Hotel,0,5,2016,April,31,7,0,4,4,1,0,0,1,SC,NLD,Online TA,TA/TO,0,0,0,A,A,0,No Deposit,265,22,0,Transient,108.34,0,1,Check-Out,2016-06-15
City Hotel,0,558,2015,May,21,13,2,6,8,2,0,0,2,HB,PRT,Online TA,TA/TO,0,0,0,D,D,0,Non Refund,4,22,0,Transient-Party,115.02,0,0,Check-Out,2016-06-15
Resort Hotel,0,133,2016,December,51,8,0,2,2,2,0,0,2,BB,PRT,Offline TA/TO,TA/TO,0,0,0,A,A,3,No Deposit,211,22,0,Transient,76.96,0,1,Check-Out,2016-06-15
City Hotel,1,9,2016,April,22,8,2,1,3,2,1,0,3,BB,PRT,Offline TA/TO,TA/TO,0,0,0,A,A,0,Non Refund,28,0,0,Transient,77.51,0,0,Canceled,2016-06-15
Resort Hotel,1,2,2016,July,1,9,0,2,2,2,0,0,2,BB,FRA,Online TA,TA/TO,0,0,0,D,D,0,No Deposit,218,22,0,Contract,61.87,0,2,Canceled,2016-06-15
City Hotel,0,127,2017,June,21,25,1,2,3,2,0,0,2,BB,BEL,Corporate,Direct,0,0,0,G,G,0,No Deposit,120,22,0,Transient,84.37,0,0,Check-Out,2016-06-15
Resort Hotel,0,57,2015,September,45,7,2,6,8,2,0,0,2,BB,PRT,Online TA,TA/TO,0,0,0,A,A,0,No Deposit,473,0,0,Transient,75.8,0,1,Check-Out,2016-06-15
City Hotel,1,154,2016,October,20,25,1,5,6,2,0,0,2,FB,PRT,Online TA,TA/TO,0,0,0,A,A,1,No Deposit,429,22,0,Transient,77.08,0,0,Canceled,2016-06-15
Resort Hotel,0,257,2017,May,9,22,1,3,4,2,0,0,2,BB,GBR,Online TA,TA/TO,0,0,0,G,G,0,No Deposit,253,22,0,Transient,104.23,0,2,Check-Out,2016-06-15
City Hotel,1,91,2017,August,27,9,0,3,3,2,0,0,2,HB,PRT,Online TA,TA/TO,0,0,0,A,A,0,No Deposit,176,0,0,Transient,68.85,0,0,Canceled,2016-06-15
Resort Hotel,1,20,2016,July,29,11,2,6,8,2,0,0,2,BB,NLD,Online TA,TA/TO,0,0,0,A,A,0,No Deposit,365,0,0,Transient-Party,166.43,0,3,Canceled,2016-06-15
Resort Hotel,1,152,2016,April,43,2,0,5,5,3,0,0,3,BB,FRA,Offline TA/TO,TA/TO,0,0,1,A,A,1,No Deposit,236,22,0,Transient,63.47,0,1,Canceled,2016-06-15
City Hotel,1,311,2015,April,33,27,0,3,3,2,0,0,2,SC,GBR,Online TA,TA/TO,0,0,0,A,A,2,No Deposit,253,22,0,Transient-Party,101.37,0,1,Canceled,2016-06-15
City Hotel,0,86,2017,July,45,18,1,2,3,2,0,0,2,BB,NLD,Corporate,TA/TO,0,0,0,A,A,0,No Deposit,110,0,0,Transient-Party,132.65,0,2,Check-Out,2016-06-15
City Hotel,0,114,2017,March,52,22,1,2,3,2,0,0,2,BB,DEU,Offline TA/TO,Direct,0,0,0,F,F,0,No Deposit,425,0,0,Transient,112.94,0,0,Check-Out,2016-06-15
Resort Hotel,0,41,2016,September,1,3,1,4,5,2,0,0,2,BB,FRA,Offline TA/TO,TA/TO,1,0,0,A,A,1,No Deposit,27,0,0,Transient-Party,90.44,0,0,Check-Out,2016-06-15
City Hotel,0,48,2016,February,3,18,0,4,4,2,0,0,2,SC,PRT,Direct,TA/TO,0,0,0,A,A,0,No Deposit,103,22,0,Transient,111.39,0,1,Check-Out,2016-06-15
City Hotel,1,132,2015,February,32,16,0,1,1,2,0,0,2,BB,PRT,Online TA,TA/TO,0,0,0,A,A,0,No Deposit,20,22,0,Transient,142.26,0,0,Canceled,2016-06-15
City Hotel,0,262,2016,May,20,8,3,2,5,2,0,0,2,BB,GBR,Offline TA/TO,TA/TO,0,0,0,A,A,0,Non Refund,159,22,0,Transient,104.22,0,0,Check-Out,2016-06-15
Resort Hotel,0,99,2016,February,17,23,2,4,6,2,0,0,2,BB,BRA,Online TA,TA/TO,1,0,0,G,G,0,No Deposit,396,22,0,Transient,103.45,1,2,Check-Out,2016-06-15
City Hotel,1,155,2016,June,37,8,2,3,5,2,0,0,2,BB,NLD,Online TA,TA/TO,0,0,0,A,A,0,No Deposit,217,0,0,Transient,173.51,0,0,Canceled,2016-06-15
Resort Hotel,0,18,2015,May,38,6,2,3,5,2,1,0,3,BB,PRT,Online TA,Direct,0,0,0,A,A,0,Non Refund,354,22,0,Transient-Party,184.34,0,0,Check-Out,2016-06-15
Resort Hotel,0,23,2016,August,49,25,0,2,2,1,0,0,1,BB,NLD,Online TA,TA/TO,0,0,0,A,A,0,No Deposit,310,0,0,Transient,105.27,0,0,Check-Out,2016-06-15
City Hotel,0,75,2016,November,10,25,1,3,4,2,0,0,2,SC,PRT,Groups,TA/TO,0,0,0,A,A,0,No Deposit,474,22,0,Transient,133.3,0,1,Check-Out,2016-06-15
Resort Hotel,1,19,2016,September,43,2,2,3,5,2,0,0,2,BB,PRT,Offline TA/TO,TA/TO,0,0,0,A,A,0,No Deposit,363,22,0,Transient-Party,116.52,0,0,Canceled,2016-06-15
City Hotel,0,100,2016,March,45,16,0,2,2,2,0,0,2,BB,PRT,Direct,TA/TO,0,0,0,F,F,0,No Deposit,127,22,0,Transient,115.98,0,1,Check-Out,2016-06-15
City Hotel,1,34,2016,November,29,26,0,6,6,2,1,0,3,HB,FRA,Direct,TA/TO,0,0,0,A,A,0,No Deposit,49,0,0,Transient,119.24,0,1,Canceled,2016-06-15
City Hotel,0,156,2017,May,42,21,1,3,4,2,0,0,2,HB,NLD,Corporate,TA/TO,0,0,0,A,E,0,No Deposit,99,0,0,Transient,127.12,0,2,Check-Out,2016-06-15
City Hotel,1,165,2016,June,46,9,1,5,6,2,0,0,2,HB,ESP,Online TA,TA/TO,1,0,0,A,A,0,No Deposit,119,22,0,Transient,62.64,0,2,Canceled,2016-06-15
Resort Hotel,0,62,2017,June,32,19,0,1,1,2,0,0,2,BB,FRA,Offline TA/TO,TA/TO,0,0,0,A,A,0,Non Refund,384,22,0,Transient-Party,88.44,0,0,Check-Out,2016-06-15
Resort Hotel,1,19,2016,April,13,21,0,4,4,1,0,0,1,BB,PRT,Corporate,Direct,0,0,0,A,A,0,No Deposit,424,0,0,Transient,78.55,0,1,Canceled,2016-06-15
City Hotel,0,104,2017,October,31,15,2,3,5,1,0,0,1,BB,ESP,Groups,GDS,0,0,0,A,A,0,No Deposit,103,0,0,Transient,92.8,0,0,Check-Out,2016-06-15
Resort Hotel,1,493,2017,May,4,24,0,2,2,2,0,0,2,BB,ITA,Online TA,TA/TO,0,0,0,C,C,0,No Deposit,304,22,0,Transient,114.86,0,0,Canceled,2016-06-15
City Hotel,0,97,2016,July,52,2,1,1,2,2,0,0,2,BB,PRT,Online TA,TA/TO,0,1,0,A,A,0,No Deposit,378,0,0,Transient-Party,119.84,0,1,Check-Out,2016-06-15
Resort Hotel,0,3,2015,April,49,15,1,2,3,2,0,0,2,SC,NLD,Offline TA/TO,TA/TO,0,0,0,E,E,0,No Deposit,429,0,0,Transient,76.22,1,0,Check-Out,2016-06-15
Resort Hotel,0,1,2016,September,18,22,2,2,4,2,0,0,2,HB,PRT,Offline TA/TO,TA/TO,0,0,0,D,D,0,No Deposit,92,22,0,Transient-Party,79.42,0,1,Check-Out,2016-06-15
City Hotel,0,38,2017,September,11,11,1,1,2,2,1,0,3,HB,IRL,Online TA,TA/TO,1,0,0,A,A,0,No Deposit,421,0,0,Transient,84.28,0,1,Check-Out,2016-06-15
Resort Hotel,0,21,2016,April,42,20,0,3,3,2,1,0,3,BB,FRA,Groups,TA/TO,0,1,0,E,E,0,No Deposit,90,0,0,Contract,48.66,0,1,Check-Out,2016-06-15
City Hotel,1,167,2016,August,18,12,0,2,2,1,0,0,1,BB,NLD,Offline TA/TO,TA/TO,0,1,0,F,C,2,No Deposit,411,22,0,Transient,72.04,0,1,Canceled,2016-06-15
City Hotel,0,186,2015,August,51,15,1,4,5,2,0,0,2,BB,GBR,Online TA,TA/TO,0,0,0,A,A,0,No Deposit,482,22,0,Contract,101.02,0,0,Check-Out,2016-06-15
City Hotel,1,29,2017,July,41,16,0,3,3,1,0,0,1,BB,FRA,Online TA,TA/TO,0,0,0,D,D,0,No Deposit,149,22,0,Transient,94.18,0,0,Canceled,2016-06-15
Resort Hotel,0,39,2016,July,37,28,0,2,2,2,0,0,2,BB,ESP,Online TA,TA/TO,0,0,0,A,A,0,No Deposit,135,22,0,Transient-Party,80.34,0,1,Check-Out,2016-06-15
Resort Hotel,0,26,2016,July,33,6,0,2,2,2,0,0,2,HB,NLD,Offline TA/TO,TA/TO,0,0,1,G,G,1,No Deposit,288,0,0,Transient,152.75,1,1,Check-Out,2016-06-15
Resort Hotel,0,239,2016,February,37,3,0,6,6,1,0,0,1,BB,NLD,Offline TA/TO,TA/TO,0,0,0,A,A,0,No Deposit,70,0,5,Transient,138.08,0,0,Check-Out,2016-06-15
City Hotel,1,69,2016,August,3,6,0,6,6,2,1,0,3,BB,PRT,Direct,TA/TO,0,0,0,D,D,0,No Deposit,305,0,0,Transient,110.39,0,2,Canceled,2016-06-15
City Hotel,0,106,2016,June,1,23,0,2,2,2,0,0,2,BB,NLD,Offline TA/TO,TA/TO,0,0,0,A,A,1,No Deposit,185,0,0,Transient,172.1,0,0,Check-Out,2016-06-15
Resort Hotel,0,53,2016,June,19,26,0,3,3,2,0,0,2,HB,BRA,Groups,TA/TO,0,0,0,E,E,0,No Deposit,278,22,0,Transient,0.0,0,1,Check-Out,2016-06-15
City Hotel,0,99,2017,October,6,3,2,7,9,2,0,0,2,BB,PRT,Offline TA/TO,TA/TO,0,0,0,D,D,0,No Deposit,419,0,0,Transient,61.72,0,0,Check-Out,2016-06-15
Resort Hotel,0,48,2017,January,10,21,3,7,10,2,0,0,2,BB,PRT,Online TA,TA/TO,0,0,0,A,A,0,No Deposit,131,22,0,Contract,30.03,0,1,Check-Out,2016-06-15
City Hotel,1,41,2017,April,37,13,0,1,1,2,0,0,2,BB,NLD,Online TA,TA/TO,0,0,0,A,A,0,No Deposit,368,22,0,Transient,120.07,0,1,Canceled,2016-06-15
City Hotel,0,100,2015,February,12,12,0,3,3,2,0,0,2,SC,DEU,Groups,TA/TO,0,0,0,A,A,1,No Deposit,150,0,0,Transient,103.32,0,0,Check-Out,2016-06-15
City Hotel,0,89,2017,January,44,8,3,3,6,2,0,0,2,BB,PRT,Groups,Corporate,0,0,0,D,D,1,No Deposit,80,22,0,Transient,135.02,0,1,Check-Out,2016-06-15
City Hotel,0,34,2015,April,17,2,2,1,3,2,0,0,2,BB,PRT,Direct,TA/TO,0,0,0,A,A,0,No Deposit,295,0,0,Transient,60.0,0,0,Check-Out,2016-06-15
City Hotel,0,16,2015,December,27,7,2,4,6,2,2,0,4,BB,PRT,Groups,TA/TO,0,0,0,A,A,0,No Deposit,148,0,0,Transient,123.53,0,0,Check-Out,2016-06-15
City Hotel,0,45,2017,April,2,17,0,2,2,2,0,0,2,BB,PRT,Online TA,TA/TO,0,0,0,A,A,0,No Deposit,141,0,0,Transient,110.38,0,0,Check-Out,2016-06-15
City Hotel,1,53,2017,August,25,7,1,2,3,2,0,0,2,BB,NLD,Offline TA/TO,Direct,0,0,0,A,A,1,Non Refund,39,22,0,Transient,97.2,0,0,Canceled,2016-06-15
Resort Hotel,0,99,2016,February,46,1,2,2,4,2,0,0,2,HB,GBR,Groups,Corporate,0,0,0,A,A,1,No Deposit,451,22,0,Transient,96.44,0,0,Check-Out,2016-06-15
City Hotel,0,245,2017,July,44,4,1,2,3,2,0,0,2,BB,ITA,Online TA,TA/TO,0,0,0,A,A,0,No Deposit,51,22,0,Transient,86.67,1,2,Check-Out,2016-06-15
City Hotel,1,3,2017,December,28,15,1,1,2,2,0,0,2,BB,PRT,Online TA,TA/TO,0,0,0,A,B,0,No Deposit,192,0,0,Transient-Party,28.44,0,0,Canceled,2016-06-15
City Hotel,0,27,2016,April,45,4,2,6,8,1,0,0,1,BB,ESP,Online TA,TA/TO,0,0,0,E,E,0,No Deposit,301,22,0,Transient-Party,99.93,0,1,Check-Out,2016-06-15
City Hotel,0,21,2016,October,37,12,2,2,4,2,0,0,2,BB,GBR,Online TA,TA/TO,0,0,0,A,A,0,No Deposit,404,0,0,Transient-Party,122.77,0,1,Check-Out,2016-06-15
City Hotel,1,69,2017,December,37,16,3,1,4,2,0,0,2,BB,PRT,Online TA,TA/TO,0,0,0,G,F,1,No Deposit,476,0,0,Transient,193.02,0,1,Canceled,2016-06-15
City Hotel,1,56,2016,July,17,21,0,1,1,1,0,0,1,SC,NLD,Offline TA/TO,TA/TO,0,0,0,A,A,0,No Deposit,242,22,0,Transient-Party,151.97,0,0,Canceled,2016-06-15
City Hotel,0,130,2015,May,5,18,0,2,2,1,1,0,2,BB,NLD,Direct,TA/TO,0,0,0,A,A,0,No Deposit,7,0,0,Transient,87.9,0,0,Check-Out,2016-06-15
Resort Hotel,0,27,2017,August,19,14,0,3,3,2,0,0,2,BB,PRT,Online TA,TA/TO,0,0,0,A,A,1,No Deposit,325,22,0,Transient,132.13,0,0,Check-Out,2016-06-15
Resort Hotel,1,90,2016,October,4,14,2,4,6,2,0,0,2,BB,DEU,Offline TA/TO,TA/TO,0,0,0,A,A,3,No Deposit,233,22,0,Transient-Party,148.6,0,0,Canceled,2016-06-15
Resort Hotel,0,215,2015,March,39,28,0,5,5,2,1,0,3,BB,GBR,Offline TA/TO,TA/TO,0,0,0,A,A,2,No Deposit,185,0,0,Transient,151.94,0,0,Check-Out,2016-06-15
Resort Hotel,0,241,2016,June,49,11,0,3,3,2,2,0,4,BB,PRT,Online TA,TA/TO,0,0,0,A,A,0,No Deposit,305,0,0,Transient,100.37,1,0,Check-Out,2016-06-15
City Hotel,0,318,2016,May,43,28,2,2,4,1,0,0,1,BB,GBR,Groups,TA/TO,0,0,0,B,B,3,No Deposit,381,0,0,Transient,88.31,0,0,Check-Out,2016-06-15
Resort Hotel,0,148,2017,April,38,16,1,2,3,2,0,0,2,BB,ESP,Online TA,TA/TO,0,0,0,A,A,0,No Deposit,112,22,0,Transient,117.92,0,0,Check-Out,2016-06-15
City Hotel,0,236,2016,October,45,15,2,3,5,1,1,0,2,BB,PRT,Online TA,Direct,0,0,0,A,A,0,No Deposit,173,22,0,Transient,78.87,1,0,Check-Out,2016-06-15
City Hotel,0,26,2016,June,44,22,1,2,3,2,0,0,2,BB,NLD,Online TA,TA/TO,0,0,0,A,A,0,No Deposit,172,22,0,Transient,97.2,1,0,Check-Out,2016-06-15
Resort Hotel,0,22,2017,May,30,6,0,3,3,3,0,0,3,BB,ESP,Offline TA/TO,TA/TO,0,0,0,A,A,0,No Deposit,394,0,0,Transient,98.24,0,0,Check-Out,2016-06-15
City Hotel,0,0,2017,July,32,24,0,2,2,2,0,0,2,BB,GBR,Online TA,TA/TO,0,0,0,D,D,0,No Deposit,210,0,0,Transient,82.33,0,1,Check-Out,2016-06-15
City Hotel,0,122,2016,April,37,13,1,1,2,2,0,0,2,BB,BEL,Online TA,TA/TO,0,0,0,D,D,0,No Deposit,116,22,0,Transient,138.0,0,1,Check-Out,2016-06-15
City Hotel,0,277,2017,April,27,26,0,2,2,2,0,0,2,BB,GBR,Online TA,Corporate,0,0,0,A,A,0,No Deposit,101,0,0,Transient-Party,81.35,0,0,Check-Out,2016-06-15
City Hotel,0,20,2016,July,32,28,1,1,2,2,0,0,2,BB,PRT,Groups,TA/TO,0,0,0,A,D,1,Non Refund,135,0,0,Transient,132.82,0,0,Check-Out,2016-06-15
City Hotel,1,101,2016,June,42,17,1,1,2,2,0,0,2,HB,PRT,Online TA,TA/TO,0,0,0,D,D,1,No Deposit,373,22,0,Transient,76.76,0,2,Canceled,2016-06-15
Resort Hotel,1,137,2016,April,11,4,0,2,2,2,0,0,2,BB,PRT,Online TA,Direct,0,0,0,A,A,1,No Deposit,477,0,0,Transient,119.32,0,0,Canceled,2016-06-15
City Hotel,0,262,2016,January,41,12,1,3,4,1,0,0,1,BB,PRT,Corporate,TA/TO,0,0,0,A,A,0,No Deposit,417,0,0,Transient,37.49,0,0,Check-Out,2016-06-15
City Hotel,0,104,2016,July,13,18,2,1,3,2,0,0,2,BB,GBR,Online TA,TA/TO,0,0,0,A,A,0,No Deposit,384,0,0,Transient-Party,94.44,1,0,Check-Out,2016-06-15
City Hotel,1,351,2016,September,35,27,3,2,5,1,0,0,1,Undefined,NLD,Groups,TA/TO,0,0,0,A,A,1,No Deposit,468,22,0,Transient,109.62,0,1,Canceled,2016-06-15
Resort Hotel,0,42,2016,October,17,8,1,2,3,2,1,0,3,BB,PRT,Online TA,Corporate,0,0,0,A,A,0,No Deposit,21,22,0,Transient,147.39,0,2,Check-Out,2016-06-15
City Hotel,0,43,2015,April,30,12,0,1,1,1,0,0,1,BB,ESP,Offline TA/TO,TA/TO,0,0,0,D,D,0,Non Refund,47,22,0,Transient,71.32,0,1,Check-Out,2016-06-15
Resort Hotel,1,78,2015,July,18,4,2,7,9,2,1,0,3,BB,NLD,Online TA,TA/TO,0,0,0,A,A,0,No Deposit,396,0,0,Transient,91.59,0,0,Canceled,2016-06-15
Resort Hotel,0,48,2016,October,37,8,1,4,5,1,0,0,1,BB,IRL,Online TA,TA/TO,0,0,1,A,A,1,Non Refund,418,0,0,Transient,115.7,0,3,Check-Out,2016-06-15
Resort Hotel,0,0,2015,June,48,2,3,4,7,2,1,0,3,BB,ESP,Corporate,TA/TO,0,0,0,A,A,0,No Deposit,433,22,0,Transient,140.25,1,0,Check-Out,2016-06-15
City Hotel,1,131,2016,November,30,4,1,3,4,2,0,0,2,BB,NLD,Offline TA/TO,TA/TO,0,0,0,D,D,0,No Deposit,302,0,0,Transient-Party,104.96,0,0,Canceled,2016-06-15
City Hotel,1,139,2016,October,26,12,0,6,6,2,2,0,4,SC,PRT,Online TA,Corporate,0,0,0,D,D,0,No Deposit,62,0,0,Transient,89.34,0,0,Canceled,2016-06-15
City Hotel,1,137,2016,March,16,25,3,3,6,2,0,0,2,BB,PRT,Groups,TA/TO,0,0,0,A,A,0,No Deposit,242,0,0,Transient,84.96,0,0,Canceled,2016-06-15
City Hotel,0,42,2016,April,11,21,1,2,3,2,0,0,2,BB,BRA,Offline TA/TO,TA/TO,0,0,0,A,A,0,No Deposit,112,0,0,Transient,54.32,0,0,Check-Out,2016-06-15
City Hotel,0,73,2016,March,4,22,0,3,3,1,0,0,1,SC,PRT,Direct,TA/TO,0,0,0,A,A,0,No Deposit,116,22,0,Transient,68.16,0,1,Check-Out,2016-06-15
City Hotel,0,44,2017,March,41,10,1,2,3,2,1,0,3,BB,GBR,Online TA,TA/TO,0,0,0,A,A,0,No Deposit,16,22,0,Transient-Party,153.2,0,1,Check-Out,2016-06-15
City Hotel,1,1,2017,October,15,15,0,3,3,1,0,0,1,BB,PRT,Online TA,TA/TO,1,0,0,D,D,0,No Deposit,186,22,0,Transient,68.54,0,0,Canceled,2016-06-15
City Hotel,1,82,2017,November,12,28,2,4,6,3,1,0,4,BB,NLD,Offline TA/TO,GDS,0,0,0,A,A,0,Non Refund,483,22,0,Transient,123.36,0,0,Canceled,2016-06-15
Resort Hotel,1,13,2016,January,27,9,1,2,3,2,0,0,2,HB,GBR,Direct,TA/TO,0,0,0,A,A,0,No Deposit,302,0,0,Transient,53.09,0,1,Canceled,2016-06-15
City Hotel,0,8,2015,July,48,9,0,3,3,2,0,0,2,SC,ITA,Groups,TA/TO,0,0,0,G,G,0,No Deposit,476,22,0,Transient,50.98,0,2,Check-Out,2016-06-15
City Hotel,0,140,2016,July,4,7,2,2,4,2,0,0,2,BB,PRT,Online TA,TA/TO,0,0,0,A,A,0,No Deposit,104,0,0,Transient,120.57,0,0,Check-Out,2016-06-15
City Hotel,0,0,2017,May,35,27,1,6,7,1,0,0,1,BB,NLD,Online TA,TA/TO,1,0,0,A,A,0,No Deposit,96,22,0,Transient-Party,96.4,0,0,Check-Out,2016-06-15
City Hotel,0,319,2016,August,21,2,0,1,1,2,0,0,2,SC,PRT,Online TA,TA/TO,0,0,0,A,A,0,No Deposit,100,22,0,Transient,92.67,0,2,Check-Out,2016-06-15
City Hotel,1,72,2016,November,36,7,0,7,7,2,0,0,2,HB,NLD,Direct,TA/TO,0,0,0,A,A,0,No Deposit,484,0,0,Transient-Party,57.4,0,0,Canceled,2016-06-15
City Hotel,1,407,2015,March,2,9,2,3,5,2,0,0,2,BB,FRA,Groups,TA/TO,1,0,0,F,A,0,No Deposit,85,0,0,Transient,128.96,0,0,Canceled,2016-06-15
City Hotel,0,5,2017,February,51,18,0,2,2,2,0,0,2,SC,GBR,Online TA,TA/TO,0,0,0,A,A,0,No Deposit,385,22,0,Transient,98.07,0,1,Check-Out,2016-06-15
City Hotel,0,87,2016,January,39,23,2,2,4,3,0,0,3,BB,IRL,Online TA,TA/TO,0,0,2,A,A,2,No Deposit,350,22,0,Transient,118.99,0,0,Check-Out,2016-06-15
Resort Hotel,1,42,2015,May,28,12,0,2,2,2,0,0,2,BB,PRT,Groups,Direct,0,0,0,A,G,1,No Deposit,1,22,0,Transient,92.38,0,1,Canceled,2016-06-15
City Hotel,1,185,2017,May,34,7,0,4,4,3,0,0,3,BB,ESP,Online TA,TA/TO,0,0,0,A,A,0,Non Refund,400,22,0,Transient,126.64,0,1,Canceled,2016-06-15
City Hotel,0,44,2016,June,33,19,2,1,3,1,1,0,2,BB,PRT,Offline TA/TO,TA/TO,0,0,0,A,A,0,No Deposit,237,0,0,Transient,126.44,0,1,Check-Out,2016-06-15
Resort Hotel,0,30,2016,July,50,22,1,2,3,2,0,0,2,BB,PRT,Online TA,TA/TO,0,0,0,A,A,0,No Deposit,314,22,0,Transient-Party,143.84,0,0,Check-Out,2016-06-15
City Hotel,0,194,2016,September,8,24,0,1,1,2,0,0,2,SC,NLD,Groups,TA/TO,0,0,0,D,D,1,No Deposit,46,0,0,Transient-Party,76.22,0,0,Check-Out,2016-06-15
City Hotel,0,46,2016,May,8,16,2,2,4,2,0,0,2,BB,NLD,Offline TA/TO,TA/TO,0,0,0,A,A,0,No Deposit,159,22,0,Transient-Party,95.96,0,3,Check-Out,2016-06-15
City Hotel,0,1,2016,May,42,26,0,2,2,2,0,0,2,BB,NLD,Groups,TA/TO,0,2,0,A,A,0,No Deposit,469,0,0,Transient,78.4,0,0,Check-Out,2016-06-15
Resort Hotel,1,49,2016,September,50,8,2,3,5,1,0,0,1,BB,NLD,Groups,TA/TO,0,0,0,A,A,0,No Deposit,86,0,0,Transient,108.16,0,0,Canceled,2016-06-15
City Hotel,0,106,2016,October,22,19,1,7,8,2,2,0,4,BB,NLD,Online TA,TA/TO,0,0,0,A,C,0,No Deposit,495,22,0,Transient-Party,98.94,0,0,Check-Out,2016-06-15
City Hotel,0,29,2017,April,27,6,0,5,5,3,0,0,3,BB,NLD,Groups,Direct,0,0,0,A,A,0,No Deposit,323,22,0,Transient,120.51,0,0,Check-Out,2016-06-15
Resort Hotel,0,56,2016,May,28,2,1,5,6,2,0,0,2,BB,PRT,Online TA,TA/TO,0,0,0,A,A,0,No Deposit,420,22,0,Transient-Party,69.06,0,2,Check-Out,2016-06-15
Resort Hotel,1,5,2016,September,11,2,2,3,5,2,0,0,2,BB,PRT,Online TA,Direct,0,0,0,A,A,1,No Deposit,79,22,0,Transient,78.35,1,0,Canceled,2016-06-15
City Hotel,1,88,2016,February,27,8,1,2,3,2,0,0,2,BB,PRT,Online TA,TA/TO,0,0,0,A,A,0,Non Refund,232,0,0,Transient,108.97,0,1,Canceled,2016-06-15
Resort Hotel,0,141,2017,May,1,27,1,2,3,2,0,0,2,BB,PRT,Online TA,TA/TO,0,0,0,A,A,0,No Deposit,101,0,0,Transient,87.23,0,0,Check-Out,2016-06-15
City Hotel,1,53,2015,June,39,10,0,2,2,1,0,0,1,BB,NLD,Online TA,TA/TO,0,0,0,A,A,0,Refundable,249,0,0,Transient,101.11,0,0,Canceled,2016-06-15
City Hotel,1,54,2015,March,28,21,2,1,3,3,0,0,3,SC,NLD,Offline TA/TO,TA/TO,0,0,0,A,A,0,No Deposit,210,22,0,Transient,110.52,0,0,Canceled,2016-06-15
Resort Hotel,1,9,2016,March,27,21,2,2,4,2,0,0,2,HB,GBR,Groups,TA/TO,0,0,0,A,A,3,No Deposit,310,22,0,Transient,96.83,0,0,Canceled,2016-06-15
City Hotel,0,22,2016,June,8,11,2,5,7,2,0,0,2,HB,PRT,Online TA,TA/TO,0,0,0,A,A,0,Non Refund,190,0,0,Transient-Party,167.7,0,1,Check-Out,2016-06-15
City Hotel,1,16,2016,September,46,20,2,3,5,2,0,0,2,HB,PRT,Groups,TA/TO,0,0,0,A,A,0,No Deposit,441,0,0,Transient-Party,41.64,0,1,Canceled,2016-06-15
City Hotel,1,65,2017,October,24,27,0,7,7,2,0,0,2,BB,IRL,Offline TA/TO,Corporate,0,0,0,A,A,0,Refundable,494,0,0,Transient,60.05,0,2,Canceled,2016-06-15
City Hotel,1,75,2016,December,51,26,2,1,3,2,0,0,2,BB,NLD,Groups,TA/TO,0,0,0,A,A,0,Non Refund,437,22,0,Transient,110.9,0,0,Canceled,2016-06-15
City Hotel,1,297,2017,February,40,20,0,2,2,2,1,0,3,BB,FRA,Direct,TA/TO,0,1,0,F,F,0,No Deposit,333,0,0,Contract,115.59,0,0,Canceled,2016-06-15
Resort Hotel,0,7,2015,April,51,24,2,4,6,2,0,0,2,BB,PRT,Offline TA/TO,TA/TO,0,0,0,D,D,0,No Deposit,85,22,0,Transient,59.9,0,0,Check-Out,2016-06-15
City Hotel,0,91,2017,September,36,3,0,2,2,2,0,0,2,BB,DEU,Direct,TA/TO,0,0,0,D,D,2,No Deposit,237,22,0,Group,82.0,0,1,Check-Out,2016-06-15
City Hotel,0,74,2015,July,24,27,1,2,3,2,0,0,2,BB,PRT,Online TA,TA/TO,0,0,1,A,A,0,No Deposit,363,0,0,Transient,107.98,0,1,Check-Out,2016-06-15
Resort Hotel,0,72,2016,May,42,16,1,4,5,2,0,0,2,BB,NLD,Groups,TA/TO,0,0,0,A,G,0,No Deposit,469,0,0,Transient-Party,135.13,0,1,Check-Out,2016-06-15
City Hotel,0,206,2016,March,22,3,2,2,4,2,0,0,2,BB,GBR,Groups,Corporate,0,0,0,D,D,0,No Deposit,222,0,0,Transient,110.36,0,1,Check-Out,2016-06-15
Resort Hotel,0,23,2016,April,10,8,2,5,7,1,2,0,3,BB,NLD,Direct,TA/TO,0,0,0,A,A,1,No Deposit,283,0,0,Transient,89.81,0,0,Check-Out,2016-06-15
City Hotel,0,4,2017,June,4,19,0,2,2,2,0,0,2,BB,NLD,Online TA,TA/TO,0,0,0,A,A,3,No Deposit,447,22,0,Group,68.42,0,0,Check-Out,2016-06-15
Resort Hotel,1,111,2015,March,8,12,0,5,5,2,0,0,2,BB,ITA,Online TA,TA/TO,0,0,0,A,A,0,No Deposit,326,0,0,Transient,43.07,0,0,Canceled,2016-06-15
City Hotel,0,42,2016,December,39,18,4,2,6,2,0,0,2,BB,DEU,Online TA,Direct,0,0,0,A,A,0,No Deposit,448,22,0,Transient-Party,16.73,0,0,Check-Out,2016-06-15
City Hotel,0,1,2016,February,15,13,0,2,2,1,0,0,1,HB,PRT,Offline TA/TO,TA/TO,0,0,0,A,A,0,Non Refund,30,22,0,Transient,72.2,0,0,Check-Out,2016-06-15
Resort Hotel,0,28,2017,December,8,11,1,2,3,2,0,0,2,HB,PRT,Online TA,TA/TO,0,0,0,A,A,1,No Deposit,32,0,0,Transient,2.08,0,0,Check-Out,2016-06-15
Resort Hotel,0,37,2015,October,29,13,3,2,5,2,0,0,2,SC,NLD,Offline TA/TO,TA/TO,0,0,0,D,D,0,No Deposit,328,22,0,Transient,97.86,0,1,Check-Out,2016-06-15
Resort Hotel,0,95,2017,June,42,21,2,2,4,2,0,0,2,BB,GBR,Direct,TA/TO,0,0,0,D,D,0,No Deposit,48,22,0,Transient,140.23,0,0,Check-Out,2016-06-15
City Hotel,1,18,2017,August,39,27,1,5,6,2,0,0,2,HB,GBR,Online TA,TA/TO,0,0,0,A,A,0,No Deposit,232,0,0,Transient,131.69,0,1,Canceled,2016-06-15
City Hotel,1,53,2017,August,51,3,1,4,5,2,0,0,2,BB,NLD,Online TA,TA/TO,0,0,0,A,A,1,No Deposit,449,0,0,Transient,70.78,0,1,Canceled,2016-06-15
City Hotel,0,65,2015,April,35,6,1,2,3,2,0,0,2,BB,GBR,Direct,TA/TO,0,0,0,A,A,0,No Deposit,404,22,0,Contract,64.38,0,3,Check-Out,2016-06-15
City Hotel,0,61,2016,May,41,27,0,2,2,2,0,0,2,BB,NLD,Offline TA/TO,TA/TO,0,0,0,C,C,2,No Deposit,361,22,0,Transient,149.52,0,1,Check-Out,2016-06-15
Resort Hotel,0,364,2015,July,48,23,0,2,2,1,0,0,1,HB,PRT,Online TA,TA/TO,0,0,0,D,D,0,No Deposit,14,0,0,Transient,93.2,1,0,Check-Out,2016-06-15
City Hotel,0,4,2017,August,14,3,2,1,3,2,0,0,2,BB,IRL,Groups,TA/TO,0,0,0,A,A,2,No Deposit,44,0,0,Transient,94.86,0,0,Check-Out,2016-06-15
City Hotel,1,301,2017,July,32,25,0,3,3,1,1,0,2,BB,PRT,Offline TA/TO,TA/TO,0,0,0,E,E,0,No Deposit,246,0,0,Group,85.9,0,0,Canceled,2016-06-15
Resort Hotel,0,87,2016,June,7,26,1,1,2,2,0,0,2,HB,NLD,Online TA,TA/TO,0,0,0,A,A,0,No Deposit,197,22,0,Transient-Party,101.32,0,0,Check-Out,2016-06-15
Resort Hotel,0,158,2017,June,44,1,1,6,7,2,0,0,2,BB,ESP,Online TA,TA/TO,0,0,0,D,D,0,No Deposit,469,0,0,Transient,74.33,0,2,Check-Out,2016-06-15
Resort Hotel,1,56,2015,June,33,14,0,2,2,1,0,0,1,HB,ESP,Corporate,TA/TO,0,0,0,A,A,0,No Deposit,302,22,0,Contract,100.61,0,1,Canceled,2016-06-15
City Hotel,1,60,2016,June,48,23,0,3,3,2,0,0,2,BB,GBR,Offline TA/TO,TA/TO,0,1,0,A,A,0,No Deposit,398,22,0,Transient-Party,83.17,0,1,Canceled,2016-06-15
City Hotel,0,211,2016,July,35,20,2,4,6,2,0,0,2,HB,NLD,Online TA,TA/TO,0,0,0,A,A,0,Non Refund,212,22,0,Transient-Party,69.01,0,1,Check-Out,2016-06-15
City Hotel,1,226,2017,October,27,7,1,1,2,2,0,0,2,BB,FRA,Online TA,Direct,0,0,0,A,A,0,No Deposit,197,0,0,Transient-Party,95.02,0,1,Canceled,2016-06-15
City Hotel,0,27,2017,August,1,25,2,2,4,2,1,0,3,HB,PRT,Online TA,TA/TO,0,0,0,B,E,0,Non Refund,190,22,0,Transient-Party,152.42,1,1,Check-Out,2016-06-15
City Hotel,0,22,2017,August,6,9,0,1,1,2,0,0,2,BB,NLD,Groups,Direct,0,0,0,D,D,0,No Deposit,242,22,0,Contract,68.67,0,0,Check-Out,2016-06-15
City Hotel,0,68,2017,July,2,1,0,2,2,2,1,0,3,BB,NLD,Offline TA/TO,TA/TO,0,0,0,A,D,0,No Deposit,201,0,0,Transient-Party,60.74,0,0,Check-Out,2016-06-15
City Hotel,1,230,2016,August,7,10,0,3,3,1,0,0,1,SC,PRT,Online TA,TA/TO,0,0,0,D,D,0,No Deposit,467,0,0,Transient,51.82,0,0,Canceled,2016-06-15
Resort Hotel,0,38,2017,July,8,13,0,1,1,2,0,0,2,HB,DEU,Online TA,TA/TO,0,0,0,A,B,0,No Deposit,478,0,0,Transient,86.99,0,1,Check-Out,2016-06-15
Resort Hotel,0,105,2016,January,45,12,0,3,3,2,1,0,3,BB,ESP,Corporate,Direct,0,0,0,A,A,0,No Deposit,417,22,0,Transient,141.13,0,1,Check-Out,2016-06-15
Resort Hotel,0,123,2017,December,29,4,1,2,3,2,0,0,2,BB,DEU,Groups,TA/TO,0,0,0,A,A,0,No Deposit,29,0,0,Transient,89.53,1,2,Check-Out,2016-06-15
Resort Hotel,0,150,2017,January,16,7,0,2,2,2,2,0,4,BB,ESP,Online TA,TA/TO,0,0,0,A,A,0,No Deposit,418,22,0,Transient,204.05,0,1,Check-Out,2016-06-15
City Hotel,0,82,2015,May,29,10,0,5,5,2,0,0,2,BB,PRT,Groups,TA/TO,0,0,0,D,D,0,No Deposit,437,0,0,Transient,78.01,0,0,Check-Out,2016-06-15
City Hotel,0,51,2016,February,31,22,0,2,2,2,1,0,3,BB,GBR,Online TA,TA/TO,0,0,0,A,A,0,No Deposit,364,22,0,Transient,76.72,1,1,Check-Out,2016-06-15
Resort Hotel,1,341,2015,February,22,25,1,2,3,2,0,0,2,BB,NLD,Online TA,TA/TO,0,0,0,D,B,1,No Deposit,74,0,0,Transient,5.91,0,0,Canceled,2016-06-15
Resort Hotel,0,94,2017,September,10,7,1,2,3,2,0,0,2,BB,PRT,Online TA,TA/TO,0,0,0,A,A,1,No Deposit,85,0,0,Transient,101.12,0,1,Check-Out,2016-06-15
City Hotel,1,130,2015,June,4,15,0,3,3,1,0,0,1,HB,ITA,Online TA,TA/TO,0,0,0,D,D,0,Non Refund,315,0,0,Transient,142.05,0,1,Canceled,2016-06-15
City Hotel,0,42,2016,September,25,19,1,2,3,2,0,0,2,HB,NLD,Offline TA/TO,GDS,0,0,0,A,A,0,No Deposit,19,22,0,Transient,90.61,0,1,Check-Out,2016-06-15
Resort Hotel,0,110,2017,April,13,7,1,4,5,2,0,0,2,BB,PRT,Online TA,Direct,0,0,0,F,F,0,No Deposit,374,0,0,Transient,109.46,0,2,Check-Out,2016-06-15
City Hotel,0,29,2016,April,17,26,0,2,2,2,0,0,2,BB,NLD,Online TA,TA/TO,0,0,0,A,A,0,No Deposit,212,22,0,Contract,107.47,0,0,Check-Out,2016-06-15
Resort Hotel,1,28,2016,April,40,14,2,2,4,2,0,0,2,BB,PRT,Online TA,Corporate,0,0,0,A,A,0,No Deposit,194,0,0,Transient,55.36,0,0,Canceled,2016-06-15
Resort Hotel,0,125,2016,July,8,21,0,3,3,2,0,0,2,BB,PRT,Groups,TA/TO,0,0,0,A,A,0,No Deposit,164,0,0,Transient,133.63,0,1,Check-Out,2016-06-15
City Hotel,0,73,2015,September,23,14,0,2,2,2,0,0,2,BB,FRA,Online TA,TA/TO,0,0,0,A,A,0,No Deposit,277,22,0,Transient,6.45,0,0,Check-Out,2016-06-15
City Hotel,0,114,2017,June,7,18,2,1,3,2,2,0,4,BB,IRL,Offline TA/TO,Direct,0,0,0,A,A,2,No Deposit,230,0,0,Transient,140.03,1,1,Check-Out,2016-06-15
Resort Hotel,0,31,2016,May,32,10,0,1,1,2,0,0,2,SC,PRT,Online TA,TA/TO,0,0,0,E,E,0,No Deposit,17,22,0,Transient-Party,99.14,0,2,Check-Out,2016-06-15
City Hotel,1,91,2016,December,24,3,0,5,5,2,0,0,2,HB,PRT,Direct,TA/TO,0,0,0,A,A,2,Non Refund,253,0,0,Transient-Party,100.67,0,1,Canceled,2016-06-15
City Hotel,0,58,2016,February,1,6,2,1,3,1,0,0,1,HB,ESP,Corporate,TA/TO,0,0,0,A,A,0,No Deposit,87,0,0,Transient,67.45,0,0,Check-Out,2016-06-15
City Hotel,1,90,2016,June,47,22,1,1,2,2,0,0,2,BB,PRT,Direct,TA/TO,0,0,0,A,A,1,No Deposit,319,0,0,Transient,100.83,0,2,Canceled,2016-06-15
City Hotel,1,34,2017,June,47,23,0,4,4,2,0,0,2,BB,PRT,Groups,TA/TO,0,0,0,D,D,3,No Deposit,449,0,0,Transient,108.02,0,1,Canceled,2016-06-15
City Hotel,1,125,2017,February,51,22,2,7,9,2,0,0,2,SC,IRL,Online TA,Direct,0,0,0,A,A,1,No Deposit,158,0,0,Transient,65.38,0,0,Canceled,2016-06-15
City Hotel,1,163,2016,April,36,9,0,3,3,2,0,0,2,BB,DEU,Online TA,TA/TO,0,0,0,A,A,0,No Deposit,212,22,0,Transient,71.88,0,0,Canceled,2016-06-15
City Hotel,0,30,2016,January,27,14,0,5,5,2,0,0,2,BB,NLD,Direct,TA/TO,0,0,0,A,A,0,No Deposit,125,0,0,Transient,65.79,0,1,Check-Out,2016-06-15
Resort Hotel,1,35,2016,October,6,21,0,5,5,2,0,0,2,HB,PRT,Groups,TA/TO,0,0,0,A,A,0,No Deposit,330,0,0,Transient,162.82,0,0,Canceled,2016-06-15
Resort Hotel,0,108,2016,July,42,21,2,2,4,1,0,0,1,BB,PRT,Online TA,TA/TO,0,0,0,A,A,0,No Deposit,164,22,30,Transient,67.02,0,0,Check-Out,2016-06-15
Resort Hotel,0,118,2016,September,31,24,0,2,2,2,1,0,3,BB,DEU,Online TA,TA/TO,0,0,0,D,D,0,No Deposit,385,0,0,Contract,142.08,0,2,Check-Out,2016-06-15
City Hotel,0,121,2017,July,12,8,2,3,5,2,0,0,2,BB,NLD,Groups,TA/TO,0,0,0,F,A,2,No Deposit,80,22,0,Transient,125.41,0,0,Check-Out,2016-06-15
Resort Hotel,1,114,2016,July,26,1,0,2,2,1,0,0,1,BB,ESP,Direct,Corporate,0,0,0,D,D,1,No Deposit,441,22,0,Transient-Party,152.05,0,3,Canceled,2016-06-15
City Hotel,0,49,2015,August,25,3,1,1,2,2,0,0,2,BB,PRT,Online TA,TA/TO,0,0,0,A,E,0,No Deposit,377,0,0,Transient-Party,108.64,0,0,Check-Out,2016-06-15
City Hotel,0,50,2016,October,4,22,0,6,6,2,0,0,2,Undefined,NLD,Online TA,TA/TO,0,0,0,A,A,3,No Deposit,243,22,30,Transient,118.23,0,1,Check-Out,2016-06-15
Resort Hotel,0,29,2015,February,6,6,0,3,3,2,0,0,2,BB,DEU,Corporate,TA/TO,0,0,0,A,A,3,No Deposit,315,0,0,Transient,62.76,0,0,Check-Out,2016-06-15
City Hotel,1,17,2017,May,46,1,2,5,7,2,0,0,2,BB,PRT,Direct,TA/TO,0,0,0,A,A,0,No Deposit,175,22,0,Transient,114.71,0,0,Canceled,2016-06-15
City Hotel,0,117,2016,August,13,18,1,3,4,2,0,0,2,BB,NLD,Groups,TA/TO,0,0,0,A,A,1,Non Refund,388,0,0,Transient,152.34,0,1,Check-Out,2016-06-15
City Hotel,1,9,2016,November,25,10,1,2,3,2,2,0,4,BB,PRT,Offline TA/TO,TA/TO,0,0,0,A,A,0,No Deposit,129,0,30,Transient-Party,77.47,0,1,Canceled,2016-06-15
Resort Hotel,1,277,2016,December,31,23,0,5,5,2,0,0,2,HB,NLD,Online TA,TA/TO,0,0,0,C,C,0,No Deposit,465,0,0,Transient-Party,117.04,0,1,Canceled,2016-06-15
City Hotel,1,175,2017,August,22,17,2,4,6,2,0,0,2,HB,DEU,Online TA,GDS,0,0,2,A,A,1,No Deposit,83,22,0,Transient-Party,142.11,0,2,Canceled,2016-06-15
City Hotel,0,194,2015,March,35,26,0,2,2,1,0,0,1,BB,FRA,Offline TA/TO,TA/TO,0,0,0,A,A,0,No Deposit,405,22,0,Transient,95.3,1,0,Check-Out,2016-06-15
City Hotel,0,237,2017,February,21,21,1,4,5,2,0,0,2,BB,PRT,Groups,TA/TO,0,0,0,A,A,0,No Deposit,206,22,0,Transient-Party,124.89,0,0,Check-Out,2016-06-15
City Hotel,0,52,2016,November,15,1,2,2,4,2,0,0,2,BB,PRT,Offline TA/TO,TA/TO,0,0,0,A,A,1,No Deposit,329,0,0,Transient,91.3,0,3,Check-Out,2016-06-15
City Hotel,1,187,2017,June,3,22,0,3,3,2,0,0,2,SC,PRT,Online TA,TA/TO,0,0,0,A,F,0,No Deposit,335,22,0,Transient,89.2,0,0,Canceled,2016-06-15
City Hotel,1,17,2017,March,37,23,0,1,1,2,0,0,2,BB,PRT,Groups,TA/TO,0,0,0,A,A,0,No Deposit,13,22,0,Transient,66.27,0,0,Canceled,2016-06-15
City Hotel,0,2,2015,November,45,8,2,5,7,2,0,0,2,BB,PRT,Online TA,TA/TO,0,0,0,A,A,0,No Deposit,9,22,0,Transient,155.21,0,0,Check-Out,2016-06-15
City Hotel,0,153,2017,February,26,12,0,3,3,2,2,0,4,SC,PRT,Offline TA/TO,TA/TO,0,0,0,D,D,0,No Deposit,210,22,0,Transient,114.62,0,2,Check-Out,2016-06-15
Resort Hotel,1,7,2016,August,47,19,2,1,3,2,1,0,3,BB,ESP,Groups,TA/TO,0,0,0,A,A,1,No Deposit,493,22,0,Transient,76.48,0,1,Canceled,2016-06-15
City Hotel,0,446,2015,August,17,14,0,1,1,1,0,0,1,BB,FRA,Online TA,Corporate,0,0,0,A,A,0,No Deposit,446,0,0,Transient,107.99,0,0,Check-Out,2016-06-15
City Hotel,1,112,2015,February,38,19,1,2,3,2,0,0,2,HB,PRT,Direct,Corporate,0,0,0,A,A,0,Non Refund,331,22,0,Transient,108.31,0,0,Canceled,2016-06-15
City Hotel,0,140,2016,May,50,27,0,3,3,2,0,0,2,BB,FRA,Offline TA/TO,TA/TO,0,0,0,A,A,0,No Deposit,122,0,0,Transient,78.31,0,0,Check-Out,2016-06-15
Resort Hotel,1,28,2016,March,35,17,0,2,2,2,0,0,2,BB,PRT,Groups,TA/TO,0,0,0,A,A,0,No Deposit,165,22,0,Transient,119.13,0,2,Canceled,2016-06-15
City Hotel,0,112,2017,July,41,28,0,7,7,2,0,0,2,BB,NLD,Groups,TA/TO,0,0,0,C,C,0,No Deposit,378,22,0,Transient,110.03,0,0,Check-Out,2016-06-15
City Hotel,0,4,2017,June,8,16,0,6,6,2,0,0,2,BB,PRT,Online TA,TA/TO,0,1,0,D,D,0,No Deposit,383,22,0,Transient-Party,100.79,0,3,Check-Out,2016-06-15
City Hotel,1,181,2016,January,52,19,0,3,3,1,1,0,2,BB,BEL,Online TA,TA/TO,0,0,0,A,A,0,No Deposit,147,0,0,Transient,122.52,0,3,Canceled,2016-06-15
Resort Hotel,0,18,2017,December,11,5,1,2,3,2,0,0,2,BB,PRT,Direct,TA/TO,0,0,0,A,A,0,No Deposit,70,0,0,Transient,144.37,0,1,Check-Out,2016-06-15
City Hotel,0,119,2016,May,24,22,0,5,5,2,0,0,2,BB,FRA,Online TA,TA/TO,0,0,0,A,D,0,No Deposit,99,0,0,Transient,123.83,0,1,Check-Out,2016-06-15
City Hotel,1,25,2016,April,43,19,0,4,4,2,0,0,2,HB,NLD,Online TA,Corporate,0,0,0,D,D,0,No Deposit,16,0,0,Transient,106.38,0,0,Canceled,2016-06-15
Resort Hotel,0,7,2017,April,8,4,0,1,1,2,0,0,2,BB,NLD,Offline TA/TO,TA/TO,0,0,0,D,D,0,No Deposit,370,0,0,Transient,49.21,0,0,Check-Out,2016-06-15
City Hotel,0,65,2015,March,30,5,0,2,2,2,0,0,2,BB,NLD,Groups,TA/TO,0,0,0,A,A,0,No Deposit,42,22,0,Transient,105.28,0,0,Check-Out,2016-06-15
City Hotel,0,18,2016,December,1,5,2,7,9,2,0,0,2,BB,NLD,Online TA,Direct,0,0,0,A,A,0,No Deposit,163,0,0,Transient,46.8,1,2,Check-Out,2016-06-15
City Hotel,1,130,2017,April,34,25,1,2,3,1,0,0,1,BB,NLD,Offline TA/TO,TA/TO,0,0,0,D,D,0,No Deposit,322,0,0,Transient,140.28,1,0,Canceled,2016-06-15
City Hotel,1,27,2016,June,20,24,2,6,8,2,0,0,2,BB,BRA,Online TA,TA/TO,0,0,0,A,E,2,No Deposit,161,22,0,Transient,127.37,0,2,Canceled,2016-06-15
City Hotel,1,41,2015,October,36,1,0,7,7,2,0,0,2,HB,NLD,Online TA,TA/TO,0,0,3,F,F,0,Refundable,304,0,0,Transient,90.14,0,1,Canceled,2016-06-15
City Hotel,1,83,2015,August,34,18,0,2,2,2,0,0,2,BB,GBR,Online TA,TA/TO,0,0,0,D,D,1,No Deposit,432,22,0,Transient,130.91,0,0,Canceled,2016-06-15
City Hotel,1,33,2016,May,34,28,0,6,6,2,2,0,4,BB,FRA,Groups,TA/TO,0,0,0,A,A,0,No Deposit,286,0,0,Transient-Party,66.15,0,0,Canceled,2016-06-15
City Hotel,1,47,2017,October,13,15,0,1,1,3,0,0,3,BB,DEU,Direct,TA/TO,0,0,0,A,A,0,Non Refund,439,0,0,Transient,64.08,0,0,Canceled,2016-06-15
Resort Hotel,0,169,2016,September,52,21,2,1,3,1,0,0,1,BB,PRT,Online TA,Direct,0,0,0,A,D,0,Refundable,342,0,0,Transient,111.18,0,0,Check-Out,2016-06-15
City Hotel,1,19,2016,April,6,28,1,2,3,2,0,0,2,BB,FRA,Direct,TA/TO,0,0,0,A,A,1,No Deposit,292,0,0,Transient,78.45,0,0,Canceled,2016-06-15
City Hotel,0,8,2016,August,36,19,1,2,3,2,0,0,2,BB,PRT,Groups,TA/TO,0,0,0,A,A,0,No Deposit,77,22,0,Contract,95.51,0,0,Check-Out,2016-06-15
City Hotel,0,39,2016,November,25,23,0,1,1,1,0,0,1,BB,DEU,Groups,TA/TO,0,0,0,A,A,0,No Deposit,243,0,0,Transient,156.61,0,2,Check-Out,2016-06-15
City Hotel,0,55,2015,June,27,14,2,2,4,3,0,0,3,BB,PRT,Online TA,TA/TO,0,0,0,A,A,0,No Deposit,326,0,0,Transient,149.84,0,0,Check-Out,2016-06-15
City Hotel,0,78,2016,August,47,27,1,1,2,2,0,0,2,BB,FRA,Online TA,TA/TO,0,0,0,E,E,0,No Deposit,336,0,0,Transient,87.22,0,0,Check-Out,2016-06-15
City Hotel,1,46,2016,December,31,6,1,2,3,1,0,0,1,BB,FRA,Online TA,Corporate,0,0,0,A,A,0,Non Refund,356,0,0,Transient,78.75,0,0,Canceled,2016-06-15
Resort Hotel,0,156,2015,August,3,18,2,4,6,2,0,0,2,BB,PRT,Offline TA/TO,Direct,0,0,0,A,A,1,No Deposit,416,22,0,Transient,16.4,0,0,Check-Out,2016-06-15
City Hotel,1,4,2015,February,28,8,2,3,5,2,1,0,3,BB,GBR,Direct,TA/TO,0,0,0,A,A,0,No Deposit,486,22,0,Contract,197.84,0,0,Canceled,2016-06-15
Resort Hotel,0,56,2017,April,4,5,0,4,4,1,0,0,1,BB,ITA,Online TA,TA/TO,0,0,0,A,A,0,No Deposit,281,22,5,Transient,0.0,0,0,Check-Out,2016-06-15
Resort Hotel,0,48,2017,July,17,22,0,1,1,2,0,0,2,SC,ESP,Corporate,TA/TO,0,0,0,A,A,0,No Deposit,455,0,0,Transient,104.17,0,0,Check-Out,2016-06-15
City Hotel,0,104,2017,April,38,8,0,2,2,2,0,0,2,HB,FRA,Online TA,TA/TO,1,0,0,A,A,0,No Deposit,147,0,0,Transient,68.74,0,1,Check-Out,2016-06-15
City Hotel,1,338,2016,November,34,6,1,1,2,2,0,0,2,BB,GBR,Direct,TA/TO,0,0,0,A,A,0,No Deposit,252,0,0,Transient,130.84,0,0,Canceled,2016-06-15
City Hotel,0,71,2015,June,20,10,0,2,2,2,0,0,2,HB,PRT,Offline TA/TO,TA/TO,0,0,0,A,A,0,No Deposit,52,0,0,Transient,93.63,1,0,Check-Out,2016-06-15
City Hotel,0,433,2017,June,13,3,2,3,5,2,0,0,2,SC,NLD,Groups,TA/TO,0,0,0,D,A,2,No Deposit,377,0,0,Transient,102.2,0,0,Check-Out,2016-06-15
City Hotel,1,35,2015,August,47,13,1,3,4,2,0,0,2,BB,GBR,Groups,TA/TO,0,0,0,A,A,0,No Deposit,222,0,0,Transient-Party,90.81,0,0,Canceled,2016-06-15
Resort Hotel,1,3,2016,July,5,7,2,1,3,2,0,0,2,SC,GBR,Online TA,Direct,0,0,0,A,A,0,No Deposit,430,22,0,Transient,91.2,0,0,Canceled,2016-06-15
City Hotel,0,18,2017,May,24,4,1,1,2,2,0,0,2,SC,PRT,Groups,TA/TO,0,0,0,D,D,0,No Deposit,365,22,0,Transient,114.52,0,1,Check-Out,2016-06-15
Resort Hotel,0,50,2017,February,51,13,2,2,4,2,0,0,2,BB,ESP,Corporate,Direct,0,0,0,A,A,0,No Deposit,182,22,0,Transient,89.29,0,3,Check-Out,2016-06-15
Resort Hotel,1,38,2017,July,38,6,0,4,4,1,0,0,1,HB,NLD,Offline TA/TO,TA/TO,0,0,0,A,A,0,No Deposit,18,0,0,Transient,114.82,0,0,Canceled,2016-06-15
City Hotel,1,10,2017,October,17,16,2,1,3,2,0,0,2,SC,PRT,Offline TA/TO,TA/TO,0,0,0,D,D,1,No Deposit,122,22,0,Group,123.78,0,0,Canceled,2016-06-15
City Hotel,0,56,2016,August,31,22,1,3,4,2,2,0,4,BB,PRT,Online TA,Direct,0,0,0,A,A,0,No Deposit,88,0,0,Transient-Party,64.8,0,0,Check-Out,2016-06-15
City Hotel,0,41,2016,May,28,27,1,1,2,1,0,0,1,HB,PRT,Online TA,Corporate,0,1,0,A,A,0,No Deposit,190,0,0,Transient,156.95,0,0,Check-Out,2016-06-15
City Hotel,0,13,2017,February,1,21,0,6,6,2,0,0,2,BB,NLD,Offline TA/TO,TA/TO,0,1,0,A,A,0,Non Refund,371,0,0,Transient-Party,96.02,0,3,Check-Out,2016-06-15
City Hotel,0,35,2015,September,2,1,2,2,4,1,0,0,1,HB,FRA,Online TA,TA/TO,0,0,0,D,C,0,No Deposit,323,22,0,Transient,99.9,1,3,Check-Out,2016-06-15
City Hotel,1,217,2017,November,33,24,0,1,1,2,0,0,2,BB,NLD,Online TA,TA/TO,1,0,0,A,A,0,No Deposit,453,22,0,Transient,45.97,0,1,Canceled,2016-06-15
City Hotel,0,35,2016,May,40,13,2,3,5,1,0,0,1,BB,NLD,Online TA,TA/TO,0,0,0,G,E,0,No Deposit,473,0,0,Transient,99.44,0,0,Check-Out,2016-06-15
City Hotel,0,125,2015,August,29,26,1,2,3,1,0,0,1,SC,BRA,Groups,Direct,0,0,0,A,A,1,Refundable,74,0,0,Transient,68.02,0,0,Check-Out,2016-06-15
Resort Hotel,0,94,2017,June,4,2,2,5,7,2,0,0,2,BB,PRT,Offline TA/TO,Corporate,0,0,0,A,A,2,No Deposit,199,0,0,Transient,132.72,0,1,Check-Out,2016-06-15
City Hotel,0,55,2015,July,18,20,2,3,5,2,0,0,2,HB,PRT,Offline TA/TO,TA/TO,0,1,0,A,A,0,No Deposit,431,22,0,Transient,101.79,0,0,Check-Out,2016-06-15
City Hotel,0,27,2017,October,24,28,1,3,4,1,0,0,1,BB,PRT,Online TA,TA/TO,0,0,0,E,E,0,No Deposit,280,0,0,Transient,73.21,0,1,Check-Out,2016-06-15
City Hotel,1,46,2016,February,32,19,1,4,5,2,0,0,2,HB,IRL,Online TA,TA/TO,0,0,0,G,G,3,No Deposit,151,0,0,Transient,106.79,0,1,Canceled,2016-06-15
City Hotel,1,89,2017,July,9,6,0,2,2,1,1,0,2,BB,BRA,Online TA,TA/TO,1,0,0,A,A,0,No Deposit,152,22,0,Transient,122.44,0,0,Canceled,2016-06-15
City Hotel,1,43,2016,April,47,11,0,4,4,2,1,0,3,SC,NLD,Groups,Direct,0,0,0,A,A,0,No Deposit,31,22,0,Transient-Party,20.74,0,1,Canceled,2016-06-15
City Hotel,1,24,2016,May,16,17,1,1,2,2,0,0,2,BB,PRT,Online TA,TA/TO,0,0,0,A,A,0,No Deposit,56,22,0,Transient,103.24,0,0,Canceled,2016-06-15
City Hotel,1,12,2016,August,21,9,0,4,4,2,0,0,2,BB,PRT,Online TA,Direct,0,0,0,A,A,0,No Deposit,146,22,0,Transient,40.01,0,0,Canceled,2016-06-15
City Hotel,0,211,2015,January,30,5,0,3,3,2,0,0,2,SC,NLD,Offline TA/TO,Direct,1,0,0,A,A,0,No Deposit,398,22,0,Transient,111.53,0,0,Check-Out,2016-06-15
City Hotel,1,58,2017,July,3,5,0,3,3,2,0,0,2,BB,ITA,Groups,TA/TO,0,0,0,A,A,0,No Deposit,402,22,0,Transient,134.98,0,1,Canceled,2016-06-15
City Hotel,1,98,2015,April,33,16,0,2,2,1,0,0,1,BB,BRA,Offline TA/TO,TA/TO,0,0,0,A,A,3,Non Refund,329,22,0,Contract,114.44,1,0,Canceled,2016-06-15
Resort Hotel,0,67,2016,August,31,4,1,1,2,2,0,0,2,HB,PRT,Online TA,TA/TO,1,0,0,A,A,0,No Deposit,36,0,0,Transient,103.22,0,2,Check-Out,2016-06-15
Resort Hotel,1,206,2016,March,45,20,0,3,3,1,0,0,1,SC,GBR,Direct,GDS,0,0,0,D,D,0,No Deposit,150,22,0,Transient,134.05,0,0,Canceled,2016-06-15
Resort Hotel,0,79,2016,August,14,13,2,2,4,1,0,0,1,SC,PRT,Offline TA/TO,TA/TO,0,0,0,F,F,0,Non Refund,79,22,0,Transient,92.55,0,0,Check-Out,2016-06-15
City Hotel,1,65,2015,August,6,17,0,1,1,2,0,0,2,BB,DEU,Groups,TA/TO,0,0,0,A,A,0,No Deposit,87,22,0,Transient,144.27,0,0,Canceled,2016-06-15
City Hotel,1,258,2015,December,5,9,0,1,1,2,0,0,2,BB,FRA,Online TA,Corporate,0,0,0,A,A,0,Non Refund,225,0,0,Transient,124.46,0,0,Canceled,2016-06-15
Resort Hotel,0,127,2015,November,29,25,0,2,2,1,0,0,1,BB,FRA,Groups,TA/TO,1,0,0,C,C,1,No Deposit,207,22,0,Transient,134.17,0,0,Check-Out,2016-06-15
City Hotel,0,11,2017,April,37,13,0,1,1,2,0,0,2,BB,NLD,Online TA,Corporate,0,0,0,D,D,3,No Deposit,312,0,0,Transient,46.89,1,0,Check-Out,2016-06-15
Resort Hotel,0,19,2015,January,36,16,1,5,6,2,0,0,2,BB,BRA,Corporate,TA/TO,0,0,0,A,A,1,No Deposit,235,22,0,Transient,114.83,0,2,Check-Out,2016-06-15
City Hotel,0,154,2017,August,21,20,0,1,1,2,0,0,2,BB,NLD,Direct,TA/TO,0,0,0,A,A,0,No Deposit,225,22,0,Transient,137.89,0,1,Check-Out,2016-06-15
City Hotel,1,180,2015,July,12,10,1,1,2,1,0,0,1,SC,PRT,Online TA,TA/TO,0,0,0,D,D,0,No Deposit,58,22,0,Transient,106.31,0,0,Canceled,2016-06-15
Resort Hotel,0,78,2015,January,46,10,0,2,2,2,0,0,2,HB,DEU,Online TA,TA/TO,0,1,0,D,D,0,No Deposit,408,22,0,Transient,173.15,0,1,Check-Out,2016-06-15
City Hotel,0,80,2016,February,23,20,0,1,1,2,2,0,4,BB,DEU,Groups,TA/TO,0,0,0,A,A,0,Refundable,206,22,0,Transient,114.64,0,0,Check-Out,2016-06-15
Resort Hotel,1,99,2015,July,14,28,1,4,5,4,0,0,4,BB,PRT,Online TA,Corporate,0,1,3,F,D,0,No Deposit,143,0,0,Transient-Party,82.67,0,1,Canceled,2016-06-15
Resort Hotel,0,57,2016,November,43,16,2,2,4,1,0,0,1,BB,NLD,Direct,TA/TO,0,0,0,D,D,0,No Deposit,49,22,0,Transient,100.41,0,2,Check-Out,2016-06-15
Resort Hotel,1,114,2017,October,42,23,0,1,1,2,0,0,2,BB,PRT,Online TA,TA/TO,0,0,0,A,A,0,No Deposit,66,0,0,Transient,169.76,0,0,Canceled,2016-06-15
City Hotel,0,11,2015,March,10,20,0,7,7,3,0,0,3,BB,IRL,Offline TA/TO,TA/TO,0,0,0,D,D,0,No Deposit,402,0,0,Transient,160.91,0,2,Check-Out,2016-06-15
City Hotel,1,325,2017,May,27,1,1,1,2,2,0,0,2,FB,PRT,Online TA,TA/TO,0,0,0,A,A,0,Non Refund,372,22,0,Transient,67.55,0,1,Canceled,2016-06-15
Resort Hotel,1,138,2016,January,41,11,2,1,3,2,0,0,2,BB,DEU,Direct,Direct,0,0,0,D,D,0,No Deposit,338,22,0,Transient,70.81,0,0,Canceled,2016-06-15
City Hotel,1,99,2015,June,2,13,1,2,3,2,0,0,2,BB,FRA,Online TA,TA/TO,0,0,0,A,A,0,No Deposit,150,22,0,Transient,154.76,1,2,Canceled,2016-06-15
City Hotel,1,38,2015,September,14,25,0,2,2,1,0,0,1,SC,FRA,Online TA,TA/TO,0,0,0,A,A,0,No Deposit,397,0,0,Transient,99.61,0,0,Canceled,2016-06-15
Resort Hotel,0,17,2017,September,7,18,1,4,5,1,0,0,1,BB,GBR,Online TA,TA/TO,0,0,0,C,C,0,No Deposit,199,22,0,Transient,110.2,0,0,Check-Out,2016-06-15
City Hotel,0,52,2015,June,17,5,4,6,10,2,0,0,2,BB,GBR,Offline TA/TO,Direct,0,0,0,A,A,0,No Deposit,129,22,0,Transient,105.06,0,0,Check-Out,2016-06-15
Resort Hotel,1,108,2017,February,20,4,0,4,4,2,0,0,2,BB,FRA,Offline TA/TO,Direct,0,0,0,A,A,0,No Deposit,130,22,0,Transient-Party,119.38,0,1,Canceled,2016-06-15
Resort Hotel,1,100,2016,May,8,24,1,3,4,2,0,0,2,BB,PRT,Online TA,TA/TO,0,0,0,D,D,1,No Deposit,87,0,0,Transient,123.57,0,2,Canceled,2016-06-15
City Hotel,1,48,2015,November,20,6,0,7,7,3,0,0,3,BB,NLD,Groups,TA/TO,0,0,0,C,C,1,No Deposit,435,22,0,Transient,82.45,0,0,Canceled,2016-06-15
Resort Hotel,0,95,2016,April,36,15,1,4,5,2,1,0,3,BB,NLD,Online TA,TA/TO,0,0,0,A,A,0,No Deposit,221,22,0,Transient,128.58,0,2,Check-Out,2016-06-15
City Hotel,1,168,2017,May,5,23,0,1,1,2,0,0,2,SC,PRT,Offline TA/TO,Direct,0,0,0,B,B,0,No Deposit,240,0,0,Group,120.99,0,0,Canceled,2016-06-15
City Hotel,0,2,2017,September,13,2,0,2,2,2,0,0,2,BB,NLD,Offline TA/TO,TA/TO,0,0,0,A,A,0,No Deposit,485,22,0,Transient,196.92,0,0,Check-Out,2016-06-15
Resort Hotel,0,59,2016,August,39,4,2,2,4,1,0,0,1,BB,BRA,Online TA,Direct,0,0,0,G,G,0,Refundable,226,0,0,Transient-Party,132.77,0,0,Check-Out,2016-06-15
City Hotel,1,142,2017,November,38,14,0,2,2,2,0,0,2,BB,NLD,Online TA,TA/TO,0,0,0,A,A,0,No Deposit,109,22,0,Transient,151.2,0,1,Canceled,2016-06-15
Resort Hotel,0,78,2015,May,17,4,2,1,3,2,0,0,2,BB,PRT,Online TA,TA/TO,0,0,0,A,A,0,No Deposit,28,22,0,Transient,95.31,1,0,Check-Out,2016-06-15
City Hotel,0,105,2017,July,6,28,0,3,3,1,0,0,1,BB,PRT,Online TA,Direct,0,0,0,A,A,0,No Deposit,19,22,0,Transient,145.91,0,0,Check-Out,2016-06-15
City Hotel,0,72,2017,June,19,18,1,2,3,2,2,0,4,BB,PRT,Direct,TA/TO,0,0,3,A,A,1,No Deposit,459,0,0,Transient,154.82,0,0,Check-Out,2016-06-15
City Hotel,0,481,2017,November,25,26,0,3,3,2,0,0,2,BB,GBR,Offline TA/TO,TA/TO,0,0,0,F,F,0,No Deposit,250,22,0,Transient,109.8,1,1,Check-Out,2016-06-15
City Hotel,0,5,2017,September,3,20,1,2,3,2,0,0,2,BB,ESP,Corporate,Direct,0,0,0,F,F,0,No Deposit,406,22,0,Transient,132.67,0,0,Check-Out,2016-06-15
Resort Hotel,0,67,2016,October,41,16,2,2,4,2,0,0,2,BB,NLD,Online TA,Direct,0,0,0,F,F,0,No Deposit,303,22,0,Transient,98.28,0,0,Check-Out,2016-06-15
City Hotel,0,9,2016,March,28,9,0,2,2,2,0,0,2,BB,NLD,Online TA,TA/TO,0,0,0,A,A,0,No Deposit,46,22,0,Transient,39.63,0,0,Check-Out,2016-06-15
City Hotel,0,17,2016,September,26,8,2,2,4,2,0,0,2,BB,FRA,Online TA,TA/TO,1,0,0,A,A,0,No Deposit,119,0,0,Transient,130.4,0,3,Check-Out,2016-06-15
City Hotel,0,48,2016,June,47,11,1,3,4,1,0,0,1,Undefined,PRT,Direct,TA/TO,0,0,0,A,A,0,No Deposit,4,0,0,Transient,120.31,0,1,Check-Out,2016-06-15
City Hotel,1,16,2016,January,8,14,1,5,6,2,0,0,2,BB,PRT,Groups,TA/TO,0,0,0,C,C,0,No Deposit,429,0,0,Transient-Party,149.73,0,2,Canceled,2016-06-15
City Hotel,0,331,2016,February,15,17,0,2,2,1,0,0,1,SC,PRT,Online TA,TA/TO,0,0,0,A,A,0,No Deposit,488,22,0,Transient,106.63,0,0,Check-Out,2016-06-15
Resort Hotel,0,293,2016,August,1,13,2,3,5,1,0,0,1,BB,DEU,Online TA,Direct,0,0,0,A,A,0,No Deposit,271,22,0,Transient,112.44,0,0,Check-Out,2016-06-15
Resort Hotel,0,40,2016,May,40,8,0,5,5,2,0,0,2,BB,IRL,Online TA,Direct,0,0,0,B,B,3,Non Refund,386,22,0,Transient,107.56,0,0,Check-Out,2016-06-15
City Hotel,0,102,2015,October,23,14,3,1,4,2,0,0,2,SC,DEU,Direct,TA/TO,0,0,0,G,G,0,Non Refund,308,0,0,Transient,17.98,0,0,Check-Out,2016-06-15
City Hotel,0,76,2016,August,36,11,2,1,3,2,0,0,2,BB,PRT,Online TA,TA/TO,0,0,0,D,D,0,No Deposit,221,22,0,Transient,101.98,0,0,Check-Out,2016-06-15
City Hotel,1,169,2017,January,42,9,1,2,3,2,0,0,2,BB,NLD,Groups,TA/TO,0,0,0,A,A,0,No Deposit,405,0,0,Contract,132.57,0,0,Canceled,2016-06-15
City Hotel,1,98,2016,August,16,8,2,2,4,2,0,0,2,BB,ESP,Online TA,Direct,0,0,3,A,A,0,No Deposit,323,0,0,Transient,105.72,0,0,Canceled,2016-06-15
City Hotel,0,0,2017,March,50,14,0,7,7,2,0,0,2,BB,ESP,Online TA,TA/TO,0,0,0,A,A,0,Non Refund,68,0,0,Transient-Party,112.54,0,1,Check-Out,2016-06-15
Resort Hotel,0,144,2015,June,4,15,4,3,7,2,0,0,2,BB,NLD,Offline TA/TO,Corporate,0,0,0,F,F,0,No Deposit,69,0,0,Transient,139.44,0,0,Check-Out,2016-06-15
City Hotel,0,137,2016,August,8,26,2,2,4,2,0,0,2,BB,PRT,Offline TA/TO,TA/TO,0,0,0,A,A,0,No Deposit,229,0,0,Transient-Party,107.14,0,1,Check-Out,2016-06-15
Resort Hotel,0,71,2015,October,36,1,0,3,3,2,0,0,2,BB,PRT,Offline TA/TO,Corporate,0,0,0,A,A,0,No Deposit,205,0,0,Transient,112.05,0,3,Check-Out,2016-06-15
City Hotel,0,233,2015,June,10,24,1,5,6,2,0,0,2,BB,ESP,Online TA,TA/TO,0,0,0,A,A,0,No Deposit,468,22,0,Transient-Party,55.1,0,0,Check-Out,2016-06-15
City Hotel,0,239,2016,September,52,12,2,1,3,2,0,0,2,BB,DEU,Groups,TA/TO,0,0,1,A,A,0,No Deposit,76,22,0,Transient,79.73,0,0,Check-Out,2016-06-15
City Hotel,1,74,2016,September,30,5,1,2,3,2,0,0,2,BB,FRA,Groups,TA/TO,0,0,0,A,A,0,Non Refund,183,0,0,Transient,147.62,0,1,Canceled,2016-06-15
Resort Hotel,0,93,2016,June,36,25,1,2,3,1,0,0,1,BB,NLD,Groups,TA/TO,0,0,0,E,E,0,No Deposit,319,0,0,Transient,124.75,0,0,Check-Out,2016-06-15
City Hotel,0,566,2016,July,16,14,0,4,4,1,0,0,1,HB,GBR,Online TA,TA/TO,0,0,0,F,F,0,No Deposit,96,0,0,Transient,139.83,0,1,Check-Out,2016-06-15
City Hotel,0,35,2017,August,30,25,0,4,4,2,0,0,2,BB,PRT,Online TA,TA/TO,0,0,0,A,A,0,No Deposit,32,22,0,Transient-Party,156.74,0,0,Check-Out,2016-06-15
City Hotel,0,39,2015,January,44,22,2,6,8,1,0,0,1,BB,PRT,Direct,TA/TO,0,0,0,E,E,0,Non Refund,66,22,0,Transient,108.55,0,1,Check-Out,2016-06-15
Resort Hotel,0,20,2015,October,10,16,0,2,2,2,0,0,2,HB,NLD,Offline TA/TO,Direct,0,0,0,E,E,1,No Deposit,336,0,0,Transient,73.67,0,1,Check-Out,2016-06-15
City Hotel,0,226,2016,September,11,19,3,1,4,2,0,0,2,BB,NLD,Online TA,TA/TO,0,0,0,A,A,0,No Deposit,387,0,0,Transient,83.12,0,0,Check-Out,2016-06-15
City Hotel,1,136,2015,April,34,28,0,5,5,1,0,0,1,BB,PRT,Direct,TA/TO,0,0,0,A,A,0,Non Refund,25,22,0,Transient-Party,89.47,0,0,Canceled,2016-06-15
Resort Hotel,1,11,2017,December,16,16,0,5,5,1,0,0,1,BB,PRT,Online TA,TA/TO,0,1,0,A,F,0,No Deposit,468,0,0,Transient,107.32,0,2,Canceled,2016-06-15
Resort Hotel,0,400,2016,March,19,7,0,1,1,2,0,0,2,BB,NLD,Groups,TA/TO,0,0,0,A,A,1,Non Refund,195,0,0,Transient-Party,73.86,0,0,Check-Out,2016-06-15
Resort Hotel,0,131,2016,November,44,3,2,2,4,2,0,0,2,BB,PRT,Online TA,TA/TO,0,0,0,A,A,0,Non Refund,459,0,0,Contract,72.22,0,1,Check-Out,2016-06-15
City Hotel,0,190,2016,May,4,23,0,2,2,2,0,0,2,BB,ESP,Offline TA/TO,TA/TO,0,0,0,A,A,0,No Deposit,70,0,0,Transient-Party,159.54,0,0,Check-Out,2016-06-15
City Hotel,0,4,2016,September,49,8,0,2,2,2,0,0,2,BB,FRA,Online TA,TA/TO,0,0,0,A,A,2,No Deposit,46,22,0,Transient,129.56,0,1,Check-Out,2016-06-15
City Hotel,0,70,2015,June,44,21,2,4,6,2,2,0,4,HB,GBR,Direct,TA/TO,0,0,0,A,A,0,No Deposit,345,0,0,Transient,157.1,0,0,Check-Out,2016-06-15
Resort Hotel,0,119,2017,August,31,21,2,1,3,1,0,0,1,Undefined,GBR,Online TA,TA/TO,0,0,0,A,A,0,No Deposit,92,22,0,Transient,71.45,0,0,Check-Out,2016-06-15
City Hotel,1,78,2016,March,48,14,2,3,5,2,0,0,2,BB,IRL,Online TA,TA/TO,0,0,0,A,D,0,No Deposit,260,22,0,Transient,129.48,0,1,Canceled,2016-06-15
City Hotel,1,109,2015,April,35,20,2,2,4,2,0,0,2,BB,PRT,Online TA,TA/TO,0,0,0,D,D,0,No Deposit,222,0,5,Transient,164.35,0,2,Canceled,2016-06-15
City Hotel,0,170,2016,February,34,3,2,1,3,2,2,0,4,BB,GBR,Online TA,TA/TO,0,0,1,A,A,0,No Deposit,386,0,0,Transient,95.73,0,1,Check-Out,2016-06-15
City Hotel,1,46,2015,October,26,28,2,2,4,2,0,0,2,BB,NLD,Online TA,TA/TO,0,0,0,A,A,0,No Deposit,175,0,0,Transient,82.73,0,0,Canceled,2016-06-15
Resort Hotel,0,188,2015,April,39,24,1,2,3,2,0,0,2,BB,NLD,Online TA,TA/TO,0,0,0,A,A,0,No Deposit,200,22,0,Transient,123.54,0,0,Check-Out,2016-06-15
City Hotel,0,17,2016,August,6,11,1,5,6,1,2,0,3,BB,PRT,Online TA,TA/TO,0,0,0,A,A,0,No Deposit,364,0,0,Transient,125.9,0,1,Check-Out,2016-06-15
City Hotel,0,31,2016,September,33,22,0,3,3,2,0,0,2,SC,FRA,Offline TA/TO,TA/TO,0,0,0,E,E,0,No Deposit,191,22,0,Transient,105.06,0,0,Check-Out,2016-06-15
City Hotel,0,4,2016,October,47,14,2,3,5,2,2,0,4,BB,PRT,Offline TA/TO,TA/TO,0,0,0,D,D,0,No Deposit,302,0,0,Transient,118.48,0,1,Check-Out,2016-06-15
City Hotel,1,45,2015,February,27,22,0,1,1,2,0,0,2,SC,FRA,Online TA,TA/TO,0,0,0,A,A,0,No Deposit,379,22,0,Transient,171.35,0,2,Canceled,2016-06-15
City Hotel,0,47,2016,October,12,2,2,1,3,2,0,0,2,BB,PRT,Online TA,TA/TO,1,0,0,D,D,0,No Deposit,370,22,0,Transient,121.39,0,0,Check-Out,2016-06-15
City Hotel,0,163,2015,March,45,4,1,1,2,1,0,0,1,BB,GBR,Online TA,TA/TO,0,0,0,A,A,0,Non Refund,445,0,0,Transient,164.36,0,0,Check-Out,2016-06-15
Resort Hotel,0,105,2016,August,8,21,4,1,5,1,1,0,2,BB,ESP,Direct,TA/TO,0,0,0,A,A,0,No Deposit,398,0,0,Transient,76.77,0,1,Check-Out,2016-06-15
Resort Hotel,0,57,2016,August,9,27,0,3,3,2,0,0,2,BB,GBR,Online TA,TA/TO,0,0,0,D,D,0,No Deposit,388,22,0,Transient,45.3,0,1,Check-Out,2016-06-15
City Hotel,1,105,2016,January,1,26,2,2,4,2,0,0,2,BB,ESP,Corporate,TA/TO,0,0,0,A,A,1,No Deposit,306,22,0,Transient,112.9,0,0,Canceled,2016-06-15
City Hotel,0,5,2017,April,5,5,1,1,2,2,0,0,2,SC,NLD,Online TA,TA/TO,0,0,0,A,A,0,No Deposit,57,0,0,Transient,143.31,0,0,Check-Out,2016-06-15
Resort Hotel,0,19,2017,June,7,19,2,2,4,2,0,0,2,BB,PRT,Offline TA/TO,TA/TO,0,0,0,D,D,0,No Deposit,173,0,0,Transient,68.24,0,2,Check-Out,2016-06-15
Resort Hotel,0,98,2017,June,18,10,0,1,1,2,0,0,2,BB,ESP,Offline TA/TO,GDS,0,1,0,A,A,0,No Deposit,241,0,0,Transient,95.51,0,2,Check-Out,2016-06-15
Resort Hotel,0,102,2017,November,40,21,0,7,7,2,0,0,2,HB,FRA,Online TA,TA/TO,0,0,0,A,A,1,No Deposit,353,22,0,Transient,159.36,1,0,Check-Out,2016-06-15
City Hotel,0,148,2017,May,24,21,1,2,3,3,0,0,3,HB,NLD,Offline TA/TO,Direct,0,0,0,A,A,0,No Deposit,272,0,0,Contract,149.2,0,1,Check-Out,2016-06-15
Resort Hotel,0,51,2017,November,26,2,1,2,3,2,0,0,2,BB,PRT,Offline TA/TO,TA/TO,0,0,0,A,A,0,No Deposit,39,22,0,Transient,95.69,0,3,Check-Out,2016-06-15
Resort Hotel,1,128,2017,June,10,21,0,3,3,2,0,0,2,BB,DEU,Offline TA/TO,TA/TO,0,0,0,A,A,2,No Deposit,471,0,0,Transient,120.36,0,0,Canceled,2016-06-15
Resort Hotel,1,115,2017,December,40,3,4,2,6,2,0,0,2,BB,IRL,Online TA,TA/TO,0,1,0,A,A,0,No Deposit,136,22,0,Transient,137.66,0,0,Canceled,2016-06-15
City Hotel,1,330,2015,August,44,15,0,3,3,2,0,0,2,BB,NLD,Online TA,TA/TO,0,0,0,A,A,0,No Deposit,467,0,0,Transient,120.32,0,0,Canceled,2016-06-15
Resort Hotel,0,24,2015,September,48,19,1,5,6,2,0,0,2,BB,PRT,Online TA,Direct,0,0,0,A,A,0,No Deposit,46,0,0,Transient,161.05,1,0,Check-Out,2016-06-15
City Hotel,0,80,2017,February,12,21,0,2,2,2,0,0,2,HB,NLD,Direct,TA/TO,0,0,0,F,F,0,No Deposit,320,0,0,Transient,84.26,0,1,Check-Out,2016-06-15
Resort Hotel,0,92,2016,July,22,25,0,2,2,2,0,0,2,HB,BEL,Offline TA/TO,TA/TO,0,0,0,D,D,0,No Deposit,308,22,0,Transient-Party,122.25,0,0,Check-Out,2016-06-15
City Hotel,0,660,2017,March,27,2,4,2,6,2,0,0,2,HB,FRA,Online TA,TA/TO,0,0,0,D,D,0,No Deposit,251,22,0,Transient,134.71,0,0,Check-Out,2016-06-15
Resort Hotel,0,22,2016,April,3,25,1,3,4,1,0,0,1,BB,PRT,Online TA,Corporate,0,0,0,A,A,0,Non Refund,403,22,0,Transient,59.77,0,0,Check-Out,2016-06-15
City Hotel,0,74,2016,August,18,3,2,4,6,2,0,0,2,BB,DEU,Direct,Direct,0,0,0,A,A,0,No Deposit,474,0,0,Transient,70.58,0,0,Check-Out,2016-06-15
City Hotel,1,42,2017,August,5,12,2,2,4,2,0,0,2,SC,PRT,Offline TA/TO,TA/TO,0,0,0,A,A,0,No Deposit,210,0,0,Transient,107.68,0,0,Canceled,2016-06-15
City Hotel,1,74,2017,January,14,23,2,1,3,2,0,0,2,BB,NLD,Corporate,TA/TO,0,0,0,A,A,0,No Deposit,374,22,0,Transient,146.26,0,0,Canceled,2016-06-15
City Hotel,0,26,2015,July,25,28,1,3,4,3,0,0,3,BB,PRT,Online TA,Corporate,0,0,0,A,A,0,No Deposit,29,0,0,Transient,122.28,0,2,Check-Out,2016-06-15
Resort Hotel,1,4,2017,July,52,14,2,7,9,2,0,0,2,BB,NLD,Online TA,TA/TO,0,0,0,A,A,0,No Deposit,51,0,0,Contract,88.15,0,0,Canceled,2016-06-15
Resort Hotel,0,84,2017,February,31,17,0,5,5,2,0,0,2,BB,GBR,Online TA,TA/TO,0,0,0,A,A,0,No Deposit,14,22,0,Transient,100.85,0,1,Check-Out,2016-06-15
City Hotel,1,40,2016,July,21,16,1,4,5,2,0,0,2,BB,PRT,Online TA,TA/TO,0,0,0,D,D,0,Non Refund,420,0,0,Transient,149.11,0,0,Canceled,2016-06-15
City Hotel,0,20,2016,August,48,17,0,1,1,2,0,0,2,BB,NLD,Online TA,TA/TO,0,0,0,A,A,0,No Deposit,241,0,0,Transient,123.06,0,0,Check-Out,2016-06-15
City Hotel,0,39,2015,January,38,24,1,3,4,1,0,0,1,HB,NLD,Offline TA/TO,TA/TO,0,0,0,A,A,1,No Deposit,11,0,0,Transient,116.9,0,3,Check-Out,2016-06-15
City Hotel,0,5,2015,September,48,9,4,1,5,2,0,0,2,BB,PRT,Offline TA/TO,TA/TO,0,0,0,A,A,0,No Deposit,184,0,0,Transient,105.52,0,1,Check-Out,2016-06-15
City Hotel,1,300,2016,July,20,3,1,2,3,2,0,0,2,SC,NLD,Online TA,TA/TO,0,0,0,D,D,0,No Deposit,50,0,0,Transient-Party,100.18,0,0,Canceled,2016-06-15
City Hotel,0,87,2015,October,14,22,2,2,4,1,1,0,2,SC,GBR,Direct,TA/TO,0,0,0,A,A,2,No Deposit,301,0,0,Transient,90.93,0,0,Check-Out,2016-06-15
Resort Hotel,0,168,2015,April,20,14,0,5,5,4,0,0,4,SC,PRT,Online TA,TA/TO,0,1,0,A,E,0,No Deposit,201,0,0,Transient-Party,143.17,0,1,Check-Out,2016-06-15
City Hotel,0,55,2017,October,37,3,3,1,4,2,1,0,3,BB,FRA,Online TA,TA/TO,0,0,0,A,A,0,No Deposit,479,22,0,Transient-Party,89.32,0,0,Check-Out,2016-06-15
City Hotel,0,233,2016,February,46,6,0,4,4,1,0,0,1,BB,PRT,Online TA,TA/TO,0,0,0,D,D,0,No Deposit,423,22,0,Transient,150.65,0,0,Check-Out,2016-06-15
Resort Hotel,0,66,2016,June,30,23,2,1,3,2,0,0,2,BB,PRT,Online TA,TA/TO,0,0,0,D,D,1,No Deposit,231,22,0,Transient,70.85,0,0,Check-Out,2016-06-15
City Hotel,0,85,2015,March,43,21,2,3,5,2,0,0,2,SC,ESP,Online TA,TA/TO,0,0,0,A,A,0,No Deposit,65,0,0,Transient-Party,86.93,0,1,Check-Out,2016-06-15
Resort Hotel,1,67,2017,October,41,19,0,2,2,2,1,1,4,BB,GBR,Groups,Corporate,0,0,0,A,A,0,No Deposit,34,22,0,Transient,210.75,0,0,Canceled,2016-06-15
City Hotel,1,132,2017,August,20,24,1,7,8,2,0,0,2,BB,PRT,Groups,TA/TO,0,0,0,A,A,0,Non Refund,30,0,0,Transient,144.63,0,1,Canceled,2016-06-15
Resort Hotel,0,83,2016,January,7,13,2,3,5,2,0,0,2,BB,PRT,Offline TA/TO,TA/TO,0,0,0,A,A,0,No Deposit,277,22,0,Transient,63.3,0,0,Check-Out,2016-06-15
City Hotel,1,31,2017,January,5,5,1,2,3,2,0,0,2,SC,DEU,Offline TA/TO,TA/TO,0,0,0,A,A,0,No Deposit,203,22,0,Transient,137.27,0,2,Canceled,2016-06-15
City Hotel,0,15,2017,April,31,1,0,1,1,2,0,0,2,SC,NLD,Online TA,TA/TO,0,0,0,D,D,0,No Deposit,3,22,0,Transient-Party,142.38,0,0,Check-Out,2016-06-15
City Hotel,0,93,2017,March,29,12,2,3,5,2,1,0,3,BB,PRT,Groups,TA/TO,0,0,0,A,A,0,No Deposit,232,0,0,Transient,130.18,0,0,Check-Out,2016-06-15
City Hotel,1,67,2017,August,15,15,1,2,3,2,0,0,2,BB,PRT,Corporate,Direct,0,0,0,A,A,2,No Deposit,235,0,0,Transient-Party,98.37,0,0,Canceled,2016-06-15
City Hotel,0,10,2015,August,25,25,0,1,1,2,0,0,2,BB,ITA,Offline TA/TO,TA/TO,0,0,0,A,A,0,No Deposit,32,0,30,Transient-Party,78.23,0,0,Check-Out,2016-06-15
City Hotel,1,50,2016,November,13,19,0,3,3,1,1,0,2,HB,NLD,Offline TA/TO,TA/TO,0,0,0,A,A,1,No Deposit,256,0,0,Transient,144.22,1,0,Canceled,2016-06-15
Resort Hotel,0,72,2015,November,44,2,1,3,4,2,0,0,2,BB,ITA,Offline TA/TO,TA/TO,0,0,0,D,D,0,No Deposit,185,0,0,Transient-Party,102.7,0,3,Check-Out,2016-06-15
City Hotel,1,175,2015,August,24,3,0,1,1,2,0,0,2,BB,PRT,Direct,TA/TO,0,0,0,A,A,0,No Deposit,196,22,0,Transient,60.72,0,1,Canceled,2016-06-15
Resort Hotel,0,7,2015,January,15,7,2,2,4,2,0,0,2,BB,PRT,Offline TA/TO,Corporate,0,0,0,A,A,0,No Deposit,470,22,0,Transient,88.66,0,0,Check-Out,2016-06-15
City Hotel,0,42,2017,May,24,28,2,3,5,2,0,0,2,BB,GBR,Direct,TA/TO,0,0,0,E,E,0,No Deposit,313,22,0,Transient,52.35,0,1,Check-Out,2016-06-15
City Hotel,0,172,2016,July,26,11,0,6,6,2,0,0,2,BB,PRT,Offline TA/TO,GDS,0,0,0,E,E,1,No Deposit,407,22,0,Transient,72.89,0,0,Check-Out,2016-06-15
City Hotel,1,104,2017,June,19,28,1,4,5,1,0,0,1,BB,PRT,Groups,TA/TO,0,0,0,A,A,0,No Deposit,50,22,0,Transient,136.55,0,0,Canceled,2016-06-15
City Hotel,1,34,2016,July,24,10,1,2,3,2,0,0,2,HB,PRT,Offline TA/TO,Direct,0,0,0,A,E,0,No Deposit,484,22,0,Transient,102.65,0,1,Canceled,2016-06-15
City Hotel,0,186,2016,December,19,8,3,4,7,1,0,0,1,BB,GBR,Online TA,TA/TO,0,0,0,A,G,1,No Deposit,143,22,0,Transient-Party,148.13,0,1,Check-Out,2016-06-15
City Hotel,1,67,2016,October,42,2,1,2,3,1,0,0,1,BB,GBR,Online TA,Direct,0,0,0,A,A,0,No Deposit,434,22,0,Transient,73.79,0,2,Canceled,2016-06-15
Resort Hotel,0,68,2016,February,17,14,4,1,5,2,0,0,2,BB,FRA,Online TA,Direct,0,0,0,D,D,0,No Deposit,319,0,0,Transient,58.58,0,0,Check-Out,2016-06-15
City Hotel,0,375,2017,April,48,13,0,2,2,2,0,0,2,HB,NLD,Direct,TA/TO,0,0,0,A,A,0,No Deposit,276,0,0,Transient,123.5,0,1,Check-Out,2016-06-15
Resort Hotel,0,293,2017,October,5,7,1,4,5,1,0,0,1,SC,NLD,Offline TA/TO,Direct,0,0,0,D,D,0,Non Refund,361,0,0,Transient,65.74,1,1,Check-Out,2016-06-15
City Hotel,1,44,2015,September,4,27,0,6,6,1,0,0,1,BB,PRT,Direct,Corporate,0,0,0,A,A,0,No Deposit,169,22,0,Transient,79.36,0,0,Canceled,2016-06-15
City Hotel,1,15,2017,April,22,21,1,7,8,2,0,0,2,HB,FRA,Online TA,TA/TO,0,0,0,A,A,1,No Deposit,47,22,0,Transient,83.7,0,0,Canceled,2016-06-15
City Hotel,1,39,2017,August,10,9,1,3,4,2,0,0,2,BB,BRA,Offline TA/TO,TA/TO,0,1,0,A,A,0,No Deposit,422,22,0,Transient,114.43,0,0,Canceled,2016-06-15
Resort Hotel,0,3,2015,August,21,7,2,2,4,2,0,0,2,BB,PRT,Groups,TA/TO,0,0,0,G,G,0,No Deposit,6,22,0,Transient,59.22,0,0,Check-Out,2016-06-15
Resort Hotel,0,2,2016,June,25,1,4,1,5,2,0,0,2,BB,NLD,Online TA,TA/TO,0,0,0,C,C,0,No Deposit,66,22,0,Transient,112.01,0,1,Check-Out,2016-06-15
Resort Hotel,0,50,2016,March,6,1,4,1,5,2,0,0,2,BB,NLD,Online TA,TA/TO,0,0,0,D,D,0,No Deposit,94,22,0,Transient,148.57,0,0,Check-Out,2016-06-15
City Hotel,0,283,2016,October,30,6,0,2,2,2,0,0,2,BB,PRT,Groups,TA/TO,0,0,0,A,A,0,No Deposit,428,22,0,Transient,92.89,0,0,Check-Out,2016-06-15
Resort Hotel,1,205,2017,August,29,25,0,3,3,2,0,0,2,BB,NLD,Offline TA/TO,TA/TO,0,0,0,A,A,0,No Deposit,19,22,0,Transient,85.84,0,1,Canceled,2016-06-15
City Hotel,0,71,2015,March,11,1,0,2,2,2,0,0,2,BB,ESP,Offline TA/TO,Direct,0,0,0,D,D,2,No Deposit,286,0,0,Transient,122.33,0,1,Check-Out,2016-06-15
City Hotel,0,83,2016,August,11,16,0,3,3,1,2,0,3,BB,PRT,Online TA,TA/TO,0,0,0,A,A,1,No Deposit,113,0,0,Transient-Party,106.01,1,0,Check-Out,2016-06-15
Resort Hotel,1,0,2015,September,48,3,0,3,3,1,0,0,1,BB,PRT,Offline TA/TO,TA/TO,0,0,0,A,A,0,No Deposit,217,0,0,Transient,106.6,0,0,Canceled,2016-06-15
City Hotel,0,24,2017,October,46,13,1,6,7,2,0,0,2,BB,PRT,Offline TA/TO,TA/TO,0,0,0,A,A,0,No Deposit,112,0,0,Transient,137.35,0,0,Check-Out,2016-06-15
City Hotel,0,2,2017,April,27,21,2,1,3,2,0,0,2,BB,NLD,Online TA,TA/TO,0,0,0,A,A,0,No Deposit,109,0,0,Transient,118.38,0,0,Check-Out,2016-06-15
City Hotel,0,140,2015,December,19,4,1,3,4,2,0,0,2,BB,NLD,Online TA,TA/TO,0,0,0,G,E,0,No Deposit,290,0,0,Transient,94.26,0,1,Check-Out,2016-06-15
City Hotel,0,15,2016,March,22,17,2,2,4,1,0,0,1,BB,PRT,Offline TA/TO,TA/TO,0,0,0,G,G,0,No Deposit,438,22,0,Transient,84.0,1,0,Check-Out,2016-06-15
City Hotel,0,203,2015,July,28,10,3,2,5,2,0,0,2,BB,BRA,Offline TA/TO,TA/TO,0,0,0,A,A,1,Refundable,285,22,0,Transient,134.98,0,1,Check-Out,2016-06-15
City Hotel,1,103,2017,August,4,4,0,2,2,2,0,0,2,HB,PRT,Online TA,GDS,0,0,2,A,A,1,No Deposit,324,22,0,Transient,76.95,0,0,Canceled,2016-06-15
City Hotel,1,26,2015,June,37,20,2,2,4,2,0,0,2,BB,NLD,Offline TA/TO,TA/TO,0,0,0,A,A,0,No Deposit,10,22,0,Transient,117.68,0,3,Canceled,2016-06-15
City Hotel,1,17,2017,June,19,27,0,2,2,2,0,0,2,BB,NLD,Offline TA/TO,TA/TO,0,0,0,A,F,3,No Deposit,83,0,0,Transient,112.03,1,0,Canceled,2016-06-15
Resort Hotel,0,98,2017,October,17,12,1,3,4,2,0,0,2,BB,PRT,Direct,TA/TO,0,0,0,A,A,0,No Deposit,352,22,0,Transient,93.89,0,0,Check-Out,2016-06-15
City Hotel,1,231,2016,August,50,26,0,5,5,2,0,0,2,SC,PRT,Groups,TA/TO,1,0,0,E,E,0,No Deposit,412,0,0,Transient-Party,37.68,1,1,Canceled,2016-06-15
Resort Hotel,0,126,2016,June,40,13,0,4,4,2,0,0,2,HB,GBR,Groups,TA/TO,0,1,0,A,A,0,No Deposit,58,0,0,Transient,149.37,0,0,Check-Out,2016-06-15
City Hotel,0,42,2016,February,36,4,1,2,3,2,0,0,2,HB,NLD,Online TA,Direct,0,0,0,A,A,2,No Deposit,58,0,0,Transient,28.8,0,1,Check-Out,2016-06-15
City Hotel,0,88,2016,January,23,16,1,6,7,2,0,0,2,BB,GBR,Online TA,TA/TO,1,0,0,C,C,0,No Deposit,142,22,0,Transient-Party,20.49,0,0,Check-Out,2016-06-15
City Hotel,1,37,2016,February,50,19,2,5,7,2,0,0,2,BB,PRT,Online TA,TA/TO,0,0,0,A,A,0,No Deposit,229,22,0,Transient,125.66,0,2,Canceled,2016-06-15
City Hotel,0,700,2016,November,28,7,2,3,5,2,0,0,2,BB,DEU,Online TA,Corporate,0,1,1,A,A,0,No Deposit,379,0,0,Transient,128.65,0,0,Check-Out,2016-06-15
City Hotel,0,138,2016,September,11,1,1,1,2,2,0,0,2,BB,PRT,Offline TA/TO,TA/TO,0,0,0,D,F,0,No Deposit,395,22,0,Transient,72.73,0,0,Check-Out,2016-06-15
City Hotel,0,95,2016,December,14,16,1,1,2,2,0,0,2,HB,DEU,Online TA,TA/TO,0,0,0,A,A,0,No Deposit,76,22,0,Transient-Party,154.43,0,0,Check-Out,2016-06-15
Resort Hotel,0,55,2017,January,13,2,0,4,4,2,0,0,2,BB,FRA,Online TA,TA/TO,0,0,0,A,G,0,Non Refund,425,22,0,Transient,64.04,0,2,Check-Out,2016-06-15
Resort Hotel,0,96,2015,August,24,1,1,2,3,2,0,0,2,HB,BEL,Groups,Direct,0,0,0,A,A,1,No Deposit,453,0,0,Contract,134.27,0,0,Check-Out,2016-06-15
City Hotel,0,41,2016,January,16,14,0,1,1,3,0,0,3,BB,ESP,Online TA,TA/TO,0,0,0,A,A,0,No Deposit,335,22,0,Transient,134.9,0,0,Check-Out,2016-06-15
Resort Hotel,0,2,2017,September,28,20,0,2,2,2,0,0,2,BB,PRT,Groups,Direct,0,0,0,D,D,0,No Deposit,22,0,0,Transient,120.7,0,0,Check-Out,2016-06-15
City Hotel,0,50,2015,May,30,5,0,1,1,1,1,0,2,HB,NLD,Direct,TA/TO,0,0,0,D,C,0,No Deposit,197,0,0,Transient-Party,152.17,0,1,Check-Out,2016-06-15
City Hotel,1,266,2017,February,44,27,1,5,6,2,0,0,2,BB,FRA,Groups,TA/TO,0,0,0,A,A,0,Non Refund,361,22,0,Transient,74.8,0,2,Canceled,2016-06-15
City Hotel,0,98,2017,July,41,15,1,5,6,2,0,0,2,BB,BRA,Online TA,TA/TO,0,0,0,A,B,1,No Deposit,463,22,0,Contract,85.42,0,0,Check-Out,2016-06-15
City Hotel,1,8,2016,April,39,10,0,2,2,2,0,0,2,HB,ESP,Groups,TA/TO,0,0,0,D,A,1,No Deposit,375,0,0,Transient,85.63,0,0,Canceled,2016-06-15
City Hotel,0,216,2015,August,42,21,0,1,1,2,0,0,2,BB,NLD,Offline TA/TO,TA/TO,0,1,0,A,A,0,No Deposit,453,0,0,Transient,146.97,0,0,Check-Out,2016-06-15
Resort Hotel,1,31,2015,August,27,2,2,2,4,2,0,0,2,HB,PRT,Offline TA/TO,TA/TO,0,0,0,A,A,0,No Deposit,249,22,0,Transient,105.81,0,0,Canceled,2016-06-15
City Hotel,0,27,2016,August,17,11,2,1,3,2,2,0,4,SC,DEU,Online TA,TA/TO,0,0,0,A,A,1,No Deposit,332,0,0,Transient,79.83,0,0,Check-Out,2016-06-15
City Hotel,0,35,2016,December,50,16,1,2,3,2,0,0,2,BB,PRT,Online TA,TA/TO,0,1,0,E,E,0,No Deposit,55,22,0,Transient,54.05,0,0,Check-Out,2016-06-15
City Hotel,0,86,2017,May,26,19,0,4,4,2,0,0,2,BB,PRT,Online TA,TA/TO,0,0,0,A,A,0,No Deposit,274,22,0,Transient,41.15,0,0,Check-Out,2016-06-15
City Hotel,0,78,2016,June,7,4,0,2,2,2,0,0,2,HB,NLD,Groups,TA/TO,0,0,0,A,A,0,No Deposit,103,22,0,Transient,147.87,0,0,Check-Out,2016-06-15
City Hotel,0,67,2016,September,35,10,0,2,2,2,0,0,2,BB,NLD,Online TA,TA/TO,0,0,0,G,G,0,No Deposit,306,22,0,Transient,121.12,0,2,Check-Out,2016-06-15
Resort Hotel,0,126,2017,July,15,22,2,1,3,1,0,0,1,HB,GBR,Online TA,TA/TO,0,0,0,F,F,0,No Deposit,451,22,0,Transient,157.16,0,1,Check-Out,2016-06-15
City Hotel,0,38,2017,January,16,22,1,2,3,2,0,0,2,BB,ITA,Offline TA/TO,TA/TO,0,0,0,A,A,1,No Deposit,157,0,0,Transient,112.53,0,0,Check-Out,2016-06-15
City Hotel,1,152,2016,October,21,12,2,1,3,2,0,0,2,BB,NLD,Groups,TA/TO,0,0,0,A,A,0,Non Refund,408,22,0,Transient,98.77,0,0,Canceled,2016-06-15
Resort Hotel,1,19,2016,January,17,2,1,2,3,2,0,0,2,FB,PRT,Offline TA/TO,TA/TO,0,0,0,D,D,0,No Deposit,109,22,0,Transient,117.83,0,0,Canceled,2016-06-15
City Hotel,0,152,2015,March,45,2,2,2,4,2,0,0,2,BB,NLD,Groups,Direct,0,0,0,A,A,1,Non Refund,277,22,0,Transient,168.85,0,1,Check-Out,2016-06-15
Resort Hotel,0,109,2017,February,26,9,1,5,6,1,0,0,1,BB,NLD,Online TA,Direct,0,0,0,A,A,0,No Deposit,242,0,0,Transient,80.39,0,0,Check-Out,2016-06-15
Resort Hotel,0,114,2016,February,35,12,0,2,2,2,0,0,2,BB,IRL,Offline TA/TO,TA/TO,0,0,0,D,D,0,No Deposit,362,22,0,Transient,110.66,0,0,Check-Out,2016-06-15
Resort Hotel,1,65,2017,January,20,2,0,3,3,2,1,0,3,BB,ESP,Offline TA/TO,TA/TO,0,0,0,A,A,0,No Deposit,295,0,0,Transient,62.36,0,1,Canceled,2016-06-15
City Hotel,1,109,2016,January,20,18,2,7,9,2,0,0,2,BB,NLD,Online TA,TA/TO,0,0,0,F,F,0,Non Refund,210,22,0,Contract,36.31,0,0,Canceled,2016-06-15
City Hotel,0,8,2017,June,23,16,1,3,4,2,0,0,2,BB,BEL,Groups,TA/TO,0,0,0,G,G,3,No Deposit,179,22,0,Transient,116.72,0,1,Check-Out,2016-06-15
City Hotel,0,190,2015,April,5,19,0,2,2,2,0,0,2,BB,ESP,Groups,TA/TO,0,0,0,A,A,0,No Deposit,353,0,0,Transient,118.93,0,1,Check-Out,2016-06-15
City Hotel,1,5,2017,February,9,15,2,1,3,1,0,0,1,BB,NLD,Offline TA/TO,TA/TO,0,0,0,F,F,0,No Deposit,329,0,0,Transient-Party,104.59,0,0,Canceled,2016-06-15
Resort Hotel,0,16,2017,August,23,25,0,4,4,2,0,0,2,HB,PRT,Online TA,TA/TO,0,0,0,A,A,0,No Deposit,281,22,0,Contract,89.09,0,1,Check-Out,2016-06-15
City Hotel,0,85,2016,April,18,16,1,3,4,2,0,0,2,BB,PRT,Offline TA/TO,TA/TO,0,0,0,D,D,3,No Deposit,336,0,0,Transient-Party,134.64,0,0,Check-Out,2016-06-15
City Hotel,0,134,2017,January,29,6,4,1,5,1,0,0,1,BB,NLD,Online TA,TA/TO,0,0,0,D,D,0,No Deposit,113,22,0,Transient,96.88,0,0,Check-Out,2016-06-15
Resort Hotel,0,7,2017,June,11,27,0,1,1,1,0,0,1,BB,PRT,Online TA,TA/TO,0,0,0,A,E,0,Non Refund,346,0,0,Transient,117.2,0,1,Check-Out,2016-06-15
City Hotel,1,253,2017,May,43,15,0,2,2,2,0,0,2,BB,PRT,Online TA,TA/TO,0,0,0,A,E,0,No Deposit,274,22,0,Transient-Party,164.13,0,1,Canceled,2016-06-15
Resort Hotel,1,363,2016,May,48,12,1,1,2,2,0,0,2,BB,NLD,Online TA,TA/TO,0,0,0,A,A,0,Non Refund,489,0,0,Contract,126.43,0,1,Canceled,2016-06-15
City Hotel,1,93,2016,June,8,22,1,3,4,1,0,0,1,BB,GBR,Direct,TA/TO,0,0,0,A,A,0,No Deposit,238,22,0,Transient,139.79,0,0,Canceled,2016-06-15
City Hotel,1,65,2017,August,27,12,0,1,1,2,0,0,2,BB,NLD,Offline TA/TO,TA/TO,0,0,0,F,F,2,No Deposit,312,22,0,Transient-Party,113.81,1,3,Canceled,2016-06-15
Resort Hotel,1,135,2017,July,2,10,1,2,3,1,0,0,1,BB,PRT,Online TA,TA/TO,0,0,0,A,A,0,No Deposit,497,0,30,Transient-Party,32.05,0,3,Canceled,2016-06-15
Resort Hotel,0,39,2016,November,23,21,0,1,1,1,0,0,1,BB,PRT,Offline TA/TO,TA/TO,0,0,0,E,E,0,No Deposit,61,22,0,Transient,138.16,0,0,Check-Out,2016-06-15
City Hotel,1,67,2017,July,21,15,0,2,2,2,0,0,2,HB,NLD,Online TA,TA/TO,0,0,0,A,G,0,No Deposit,234,0,0,Transient-Party,127.39,0,0,Canceled,2016-06-15
City Hotel,1,247,2015,June,10,23,2,1,3,2,0,0,2,BB,ESP,Online TA,TA/TO,0,0,0,A,A,0,No Deposit,394,0,0,Transient-Party,104.51,0,3,Canceled,2016-06-15
Resort Hotel,0,311,2017,April,38,27,2,3,5,2,0,0,2,BB,DEU,Online TA,TA/TO,0,0,0,A,D,0,No Deposit,278,0,0,Transient,66.16,0,3,Check-Out,2016-06-15
City Hotel,0,261,2016,September,4,4,2,5,7,1,2,0,3,HB,NLD,Groups,TA/TO,0,0,0,A,A,0,Non Refund,53,0,0,Transient,135.95,0,2,Check-Out,2016-06-15
Resort Hotel,0,30,2016,March,21,10,0,4,4,2,0,0,2,BB,GBR,Corporate,TA/TO,0,0,0,A,A,0,Non Refund,282,22,0,Transient,103.78,0,0,Check-Out,2016-06-15
City Hotel,0,26,2016,June,37,26,2,1,3,1,0,0,1,BB,PRT,Online TA,Direct,0,0,0,A,A,0,No Deposit,179,22,0,Transient,92.87,1,1,Check-Out,2016-06-15
City Hotel,0,35,2016,June,43,19,1,2,3,2,0,0,2,SC,ESP,Offline TA/TO,TA/TO,0,0,0,D,D,0,No Deposit,285,22,0,Transient-Party,102.25,0,0,Check-Out,2016-06-15
Resort Hotel,0,58,2016,August,12,23,1,2,3,2,0,0,2,SC,GBR,Online TA,Direct,0,0,0,F,F,1,Non Refund,84,0,0,Transient,60.46,0,0,Check-Out,2016-06-15
Resort Hotel,0,37,2016,November,48,14,1,6,7,2,0,0,2,BB,PRT,Direct,TA/TO,0,0,0,A,A,1,No Deposit,95,22,0,Transient-Party,116.03,0,3,Check-Out,2016-06-15
Resort Hotel,1,46,2016,November,52,10,2,4,6,2,0,0,2,BB,PRT,Online TA,TA/TO,0,0,0,A,B,0,No Deposit,362,0,0,Transient,92.75,0,2,Canceled,2016-06-15
Resort Hotel,0,96,2015,March,46,17,1,1,2,2,0,0,2,BB,BEL,Offline TA/TO,Direct,0,0,0,A,A,1,No Deposit,473,22,0,Transient,110.3,0,0,Check-Out,2016-06-15
Resort Hotel,0,143,2017,April,14,22,1,1,2,2,0,0,2,BB,PRT,Offline TA/TO,TA/TO,0,0,0,D,D,0,No Deposit,153,0,0,Transient,70.51,0,0,Check-Out,2016-06-15
City Hotel,1,133,2016,September,52,27,2,3,5,2,0,0,2,BB,FRA,Offline TA/TO,Direct,0,0,0,A,A,0,No Deposit,22,22,0,Transient,163.98,0,0,Canceled,2016-06-15
Resort Hotel,0,168,2016,July,20,27,2,1,3,2,0,0,2,BB,PRT,Online TA,TA/TO,0,0,0,A,A,0,No Deposit,77,22,0,Transient,107.13,0,0,Check-Out,2016-06-15
City Hotel,0,3,2016,June,47,11,0,6,6,2,0,0,2,BB,PRT,Groups,TA/TO,0,0,0,A,A,0,Non Refund,441,22,0,Transient,88.6,0,0,Check-Out,2016-06-15
City Hotel,0,4,2017,August,8,18,1,7,8,2,0,0,2,BB,NLD,Direct,Direct,0,0,0,C,C,0,No Deposit,76,22,0,Transient,50.91,0,0,Check-Out,2016-06-15
City Hotel,1,155,2017,July,27,2,0,4,4,2,0,0,2,BB,BRA,Online TA,TA/TO,0,0,0,D,D,1,No Deposit,332,22,0,Transient,109.69,0,0,Canceled,2016-06-15
City Hotel,1,76,2015,December,37,11,0,1,1,2,0,0,2,BB,NLD,Groups,TA/TO,0,0,0,E,E,0,No Deposit,382,22,0,Transient-Party,98.74,0,2,Canceled,2016-06-15
Resort Hotel,0,86,2017,July,41,8,2,2,4,2,0,0,2,BB,GBR,Groups,TA/TO,0,0,0,F,F,1,No Deposit,316,22,0,Transient,167.73,1,0,Check-Out,2016-06-15
City Hotel,0,5,2017,June,21,19,2,2,4,2,0,0,2,HB,DEU,Online TA,TA/TO,0,0,0,A,A,0,No Deposit,24,0,0,Transient,87.82,0,1,Check-Out,2016-06-15
City Hotel,1,29,2016,July,48,25,0,4,4,3,0,0,3,SC,PRT,Corporate,TA/TO,0,0,0,A,A,0,No Deposit,360,22,0,Transient,117.89,0,0,Canceled,2016-06-15
City Hotel,0,101,2017,September,35,16,0,2,2,2,0,0,2,HB,PRT,Online TA,TA/TO,0,0,0,A,A,0,No Deposit,132,0,0,Transient,84.75,0,1,Check-Out,2016-06-15
Resort Hotel,0,196,2016,July,44,4,1,2,3,2,0,0,2,BB,PRT,Online TA,TA/TO,0,0,0,D,D,1,No Deposit,21,0,0,Group,85.17,0,0,Check-Out,2016-06-15
City Hotel,0,248,2016,August,39,14,0,1,1,2,0,0,2,BB,FRA,Offline TA/TO,TA/TO,0,0,0,A,A,0,No Deposit,184,0,0,Transient,150.2,1,2,Check-Out,2016-06-15
City Hotel,1,69,2016,December,49,22,1,2,3,2,0,0,2,HB,PRT,Groups,TA/TO,0,0,0,A,A,0,No Deposit,67,22,0,Transient-Party,97.02,0,0,Canceled,2016-06-15
Resort Hotel,0,78,2016,July,15,17,1,7,8,2,0,0,2,BB,ESP,Online TA,TA/TO,0,0,0,A,A,0,No Deposit,446,0,0,Transient,81.99,1,1,Check-Out,2016-06-15
City Hotel,0,179,2016,May,47,11,0,6,6,1,0,0,1,BB,PRT,Offline TA/TO,TA/TO,0,0,0,A,A,1,No Deposit,56,0,0,Transient,97.72,0,1,Check-Out,2016-06-15
City Hotel,1,77,2015,August,12,26,0,4,4,2,0,0,2,BB,NLD,Offline TA/TO,TA/TO,0,0,0,A,A,0,No Deposit,207,0,0,Transient,58.66,0,0,Canceled,2016-06-15
City Hotel,0,72,2015,August,34,26,2,5,7,2,1,0,3,BB,PRT,Groups,TA/TO,0,0,3,A,A,0,No Deposit,269,0,0,Transient,80.96,0,0,Check-Out,2016-06-15
City Hotel,0,235,2016,January,8,3,0,1,1,2,0,0,2,BB,NLD,Offline TA/TO,TA/TO,0,0,0,A,A,1,No Deposit,167,0,0,Transient,145.71,0,0,Check-Out,2016-06-15
City Hotel,0,156,2016,June,37,4,0,3,3,1,0,0,1,HB,BEL,Online TA,TA/TO,0,0,0,D,D,0,No Deposit,40,22,0,Transient,92.24,0,0,Check-Out,2016-06-15
Resort Hotel,1,239,2016,September,30,21,1,2,3,2,0,0,2,BB,ESP,Offline TA/TO,TA/TO,0,0,0,A,A,0,No Deposit,466,22,0,Transient,152.69,0,0,Canceled,2016-06-15
City Hotel,0,24,2016,June,3,13,0,2,2,2,0,0,2,BB,BEL,Online TA,TA/TO,0,0,0,A,A,0,No Deposit,385,0,0,Transient,112.99,0,1,Check-Out,2016-06-15
City Hotel,1,74,2017,September,30,17,2,2,4,2,0,0,2,BB,GBR,Online TA,Corporate,0,0,0,D,D,0,No Deposit,76,22,0,Transient,158.02,0,0,Canceled,2016-06-15
Resort Hotel,0,184,2016,June,29,20,0,5,5,2,0,0,2,HB,PRT,Direct,TA/TO,0,0,3,A,A,0,No Deposit,10,22,0,Transient,104.99,0,0,Check-Out,2016-06-15
Resort Hotel,0,11,2016,December,1,21,3,2,5,2,0,0,2,SC,PRT,Online TA,TA/TO,0,0,0,A,A,0,No Deposit,78,22,0,Transient,160.81,0,2,Check-Out,2016-06-15
City Hotel,1,158,2015,April,16,20,0,3,3,2,0,0,2,BB,ESP,Online TA,TA/TO,0,0,0,A,A,0,Non Refund,242,22,0,Transient,85.4,0,1,Canceled,2016-06-15
Resort Hotel,0,20,2016,February,42,10,0,3,3,1,0,0,1,HB,PRT,Offline TA/TO,TA/TO,0,0,0,A,A,0,No Deposit,43,22,0,Transient,171.59,0,0,Check-Out,2016-06-15
City Hotel,0,165,2015,June,31,26,1,1,2,2,0,0,2,BB,PRT,Direct,TA/TO,0,0,0,A,A,0,No Deposit,224,22,0,Transient,128.74,0,1,Check-Out,2016-06-15
Resort Hotel,1,94,2016,July,10,23,2,1,3,1,0,0,1,BB,NLD,Groups,TA/TO,0,0,0,A,A,0,No Deposit,325,0,0,Transient,74.17,0,0,Canceled,2016-06-15
Resort Hotel,1,21,2017,May,30,24,2,4,6,2,0,0,2,BB,BEL,Online TA,TA/TO,0,0,0,A,A,0,No Deposit,169,0,0,Transient,15.3,0,0,Canceled,2016-06-15
Resort Hotel,0,64,2015,April,43,12,0,2,2,2,0,0,2,SC,NLD,Offline TA/TO,TA/TO,0,2,0,A,A,0,No Deposit,56,0,0,Transient,100.95,0,0,Check-Out,2016-06-15
City Hotel,0,114,2016,August,26,8,1,4,5,1,0,0,1,BB,ITA,Direct,TA/TO,0,0,0,A,A,0,No Deposit,244,22,0,Transient,80.54,0,0,Check-Out,2016-06-15
City Hotel,0,100,2015,May,12,3,1,2,3,2,0,0,2,BB,NLD,Direct,TA/TO,0,0,0,A,A,0,No Deposit,76,0,0,Transient,157.72,1,0,Check-Out,2016-06-15
City Hotel,1,55,2017,August,40,21,2,5,7,2,0,0,2,BB,PRT,Offline TA/TO,Corporate,0,0,0,A,A,0,No Deposit,496,22,0,Transient,127.05,0,1,Canceled,2016-06-15
City Hotel,0,229,2017,September,5,10,1,4,5,1,0,0,1,BB,BEL,Online TA,TA/TO,0,0,0,F,F,0,No Deposit,459,0,0,Transient,91.17,0,2,Check-Out,2016-06-15
Resort Hotel,1,73,2015,September,9,24,1,2,3,2,0,0,2,BB,PRT,Offline TA/TO,TA/TO,0,0,0,A,F,1,No Deposit,355,22,0,Transient,99.99,0,1,Canceled,2016-06-15
City Hotel,0,70,2016,May,11,7,2,2,4,2,1,0,3,BB,PRT,Direct,Direct,0,0,0,A,A,1,No Deposit,340,0,0,Transient,109.97,0,0,Check-Out,2016-06-15
City Hotel,0,6,2017,July,47,25,0,2,2,2,0,0,2,SC,NLD,Offline TA/TO,TA/TO,0,0,0,F,F,0,No Deposit,175,0,0,Transient,152.05,0,1,Check-Out,2016-06-15
City Hotel,0,255,2016,June,23,10,4,1,5,1,0,0,1,HB,GBR,Groups,TA/TO,0,0,0,A,A,0,No Deposit,40,22,0,Transient,114.19,0,0,Check-Out,2016-06-15
Resort Hotel,0,19,2016,October,17,7,2,3,5,2,0,0,2,BB,PRT,Online TA,TA/TO,0,0,0,A,A,0,No Deposit,184,0,0,Transient,104.18,0,0,Check-Out,2016-06-15
City Hotel,0,75,2016,October,43,18,2,2,4,2,0,0,2,BB,PRT,Offline TA/TO,TA/TO,0,0,0,A,A,1,No Deposit,262,0,0,Transient,100.56,0,1,Check-Out,2016-06-15
Resort Hotel,0,162,2016,May,13,20,2,5,7,2,0,0,2,BB,FRA,Offline TA/TO,TA/TO,0,0,0,A,A,1,Non Refund,76,0,0,Transient,138.41,0,0,Check-Out,2016-06-15
Resort Hotel,0,24,2017,February,17,28,0,5,5,2,1,0,3,BB,PRT,Offline TA/TO,Corporate,0,0,0,A,A,1,No Deposit,244,0,0,Transient-Party,98.1,0,0,Check-Out,2016-06-15
City Hotel,1,74,2017,March,23,14,1,3,4,2,0,0,2,BB,ESP,Groups,TA/TO,1,0,0,A,C,0,Non Refund,419,0,0,Transient,132.82,0,0,Canceled,2016-06-15
City Hotel,0,27,2017,May,39,12,0,1,1,2,0,0,2,HB,ITA,Direct,TA/TO,0,0,1,A,A,0,No Deposit,72,22,30,Transient,98.21,0,0,Check-Out,2016-06-15
City Hotel,1,142,2016,July,9,8,2,1,3,2,0,0,2,BB,DEU,Direct,Direct,0,1,0,A,A,0,No Deposit,210,0,0,Transient,88.16,0,0,Canceled,2016-06-15
City Hotel,0,83,2016,August,18,25,1,4,5,2,0,0,2,HB,GBR,Online TA,TA/TO,0,0,0,A,B,0,No Deposit,296,22,0,Transient,133.37,0,3,Check-Out,2016-06-15
City Hotel,0,193,2016,May,18,7,1,5,6,2,0,0,2,BB,IRL,Offline TA/TO,TA/TO,0,0,2,A,A,0,Non Refund,373,0,0,Transient,81.78,0,1,Check-Out,2016-06-15
City Hotel,1,224,2017,August,30,5,2,2,4,3,0,0,3,BB,PRT,Online TA,Direct,0,0,0,A,A,0,No Deposit,361,22,0,Transient,100.4,0,0,Canceled,2016-06-15
City Hotel,1,104,2017,November,42,1,2,2,4,2,0,0,2,BB,NLD,Online TA,Direct,0,0,0,A,A,1,No Deposit,80,22,30,Transient,143.58,0,2,Canceled,2016-06-15
City Hotel,0,129,2016,August,44,15,0,2,2,2,0,0,2,BB,PRT,Offline TA/TO,TA/TO,0,1,0,E,E,0,No Deposit,394,22,0,Transient-Party,118.34,0,0,Check-Out,2016-06-15
City Hotel,0,79,2015,March,26,9,0,4,4,2,0,0,2,BB,NLD,Groups,Corporate,0,0,0,A,A,0,No Deposit,79,22,0,Transient,155.58,0,1,Check-Out,2016-06-15
Resort Hotel,0,48,2016,July,18,12,0,3,3,2,0,0,2,BB,GBR,Direct,TA/TO,0,0,0,A,A,0,No Deposit,264,0,0,Transient,81.97,0,3,Check-Out,2016-06-15
City Hotel,1,104,2017,July,21,22,0,1,1,2,0,0,2,BB,PRT,Offline TA/TO,Direct,0,0,0,A,A,1,No Deposit,79,22,0,Transient-Party,122.65,0,1,Canceled,2016-06-15
City Hotel,0,238,2016,October,41,18,0,3,3,1,1,0,2,BB,DEU,Corporate,TA/TO,0,0,0,A,A,3,No Deposit,62,0,0,Transient,169.37,0,1,Check-Out,2016-06-15
Resort Hotel,1,53,2015,May,41,11,0,1,1,2,0,0,2,BB,NLD,Offline TA/TO,TA/TO,0,0,0,A,A,0,No Deposit,371,0,0,Transient,111.4,0,2,Canceled,2016-06-15
City Hotel,0,37,2015,June,42,10,1,3,4,3,0,0,3,BB,GBR,Groups,TA/TO,0,0,0,A,A,0,Non Refund,68,0,0,Transient,123.42,0,0,Check-Out,2016-06-15
Resort Hotel,0,49,2016,July,33,10,0,4,4,2,0,0,2,HB,PRT,Online TA,TA/TO,0,0,0,A,A,0,No Deposit,492,22,0,Transient,151.07,0,1,Check-Out,2016-06-15
City Hotel,0,57,2017,July,43,18,0,4,4,2,0,0,2,HB,GBR,Online TA,TA/TO,0,0,0,A,A,1,No Deposit,95,22,0,Transient,145.94,0,0,Check-Out,2016-06-15
City Hotel,0,7,2017,August,14,26,2,3,5,2,0,0,2,BB,PRT,Online TA,GDS,0,0,0,C,C,0,No Deposit,444,0,5,Transient,156.13,0,0,Check-Out,2016-06-15
City Hotel,0,69,2017,January,10,1,1,1,2,2,0,0,2,SC,PRT,Direct,TA/TO,0,0,0,A,A,0,No Deposit,457,0,0,Transient,77.55,0,0,Check-Out,2016-06-15
City Hotel,1,68,2017,July,28,28,0,4,4,2,0,0,2,BB,PRT,Online TA,TA/TO,0,0,0,A,A,0,Non Refund,127,0,0,Transient,112.93,0,0,Canceled,2016-06-15
City Hotel,1,88,2016,February,14,20,0,5,5,1,0,0,1,SC,GBR,Offline TA/TO,TA/TO,0,0,0,D,D,1,No Deposit,294,0,0,Transient,124.67,1,0,Canceled,2016-06-15
City Hotel,1,45,2016,May,19,26,2,3,5,1,0,0,1,BB,PRT,Offline TA/TO,TA/TO,0,0,0,A,A,1,No Deposit,185,0,0,Transient,97.55,0,1,Canceled,2016-06-15
City Hotel,1,94,2016,August,26,11,2,2,4,2,0,0,2,BB,NLD,Groups,Direct,0,0,0,A,A,1,No Deposit,463,0,0,Transient,67.2,0,1,Canceled,2016-06-15
Resort Hotel,0,210,2017,March,10,2,1,1,2,2,0,0,2,BB,NLD,Online TA,TA/TO,0,0,0,A,A,0,No Deposit,435,22,0,Transient,87.56,0,0,Check-Out,2016-06-15
City Hotel,0,311,2016,May,17,26,2,1,3,1,0,0,1,BB,GBR,Online TA,TA/TO,0,0,0,A,A,0,No Deposit,440,0,0,Transient-Party,13.49,0,1,Check-Out,2016-06-15
Resort Hotel,1,87,2016,August,34,11,1,1,2,2,0,0,2,SC,NLD,Online TA,Direct,0,1,0,A,A,0,No Deposit,319,0,0,Transient-Party,119.08,0,1,Canceled,2016-06-15
City Hotel,0,4,2015,August,14,25,0,1,1,2,0,0,2,BB,GBR,Online TA,TA/TO,0,0,0,F,F,0,No Deposit,153,22,0,Transient,40.15,0,0,Check-Out,2016-06-15
City Hotel,0,348,2016,February,26,2,0,2,2,2,0,0,2,BB,DEU,Online TA,TA/TO,0,0,0,A,A,0,No Deposit,188,0,0,Transient,81.62,0,0,Check-Out,2016-06-15
City Hotel,0,122,2017,July,50,27,0,5,5,2,0,0,2,BB,NLD,Online TA,TA/TO,0,0,0,A,A,2,No Deposit,193,0,0,Transient,139.18,1,0,Check-Out,2016-06-15
Resort Hotel,0,40,2017,March,34,9,1,3,4,2,0,0,2,HB,ITA,Online TA,TA/TO,0,0,0,G,G,1,No Deposit,347,22,0,Transient,94.63,0,0,Check-Out,2016-06-15
Resort Hotel,1,15,2016,April,52,1,0,2,2,2,2,0,4,HB,PRT,Groups,Direct,0,1,0,A,A,0,Non Refund,297,0,0,Transient-Party,115.37,0,1,Canceled,2016-06-15
City Hotel,1,15,2015,June,19,23,1,1,2,2,0,0,2,BB,PRT,Offline TA/TO,TA/TO,0,0,0,A,A,0,No Deposit,448,22,0,Transient-Party,177.62,0,0,Canceled,2016-06-15
Resort Hotel,0,18,2017,February,24,6,1,7,8,2,0,0,2,BB,ESP,Offline TA/TO,TA/TO,0,0,0,A,A,0,No Deposit,474,0,0,Transient-Party,102.53,0,0,Check-Out,2016-06-15
Resort Hotel,0,4,2017,December,31,22,0,2,2,2,0,0,2,BB,PRT,Groups,TA/TO,0,0,0,A,A,0,No Deposit,395,22,0,Transient-Party,120.41,0,1,Check-Out,2016-06-15
Resort Hotel,0,232,2016,March,40,2,0,7,7,2,0,0,2,SC,NLD,Online TA,TA/TO,0,0,0,A,A,0,No Deposit,44,0,0,Transient,137.23,0,2,Check-Out,2016-06-15
City Hotel,0,77,2016,September,6,15,0,3,3,2,0,0,2,BB,PRT,Groups,TA/TO,0,0,0,D,D,1,No Deposit,50,22,0,Transient,83.32,0,0,Check-Out,2016-06-15
City Hotel,0,120,2016,September,20,1,2,1,3,1,0,0,1,SC,BRA,Online TA,TA/TO,0,0,0,F,F,0,No Deposit,172,0,0,Transient-Party,59.43,0,2,Check-Out,2016-06-15
City Hotel,0,176,2016,December,39,26,2,5,7,3,0,0,3,BB,PRT,Groups,TA/TO,0,0,0,A,B,0,No Deposit,469,0,0,Transient,135.11,0,0,Check-Out,2016-06-15
Resort Hotel,1,156,2017,June,45,24,1,2,3,2,0,0,2,BB,DEU,Offline TA/TO,TA/TO,0,0,0,A,A,0,Non Refund,304,0,0,Transient-Party,126.58,0,0,Canceled,2016-06-15
City Hotel,0,214,2015,October,34,24,0,2,2,2,0,0,2,BB,GBR,Groups,TA/TO,0,0,0,E,E,0,No Deposit,494,0,0,Transient-Party,87.14,0,1,Check-Out,2016-06-15
City Hotel,1,341,2015,November,22,18,0,4,4,2,0,0,2,HB,DEU,Online TA,TA/TO,0,0,0,D,D,0,No Deposit,415,22,0,Transient,71.9,0,1,Canceled,2016-06-15
City Hotel,1,57,2015,March,7,4,3,4,7,2,0,0,2,BB,NLD,Direct,TA/TO,0,0,0,A,A,1,No Deposit,483,22,0,Transient-Party,136.98,0,3,Canceled,2016-06-15
Resort Hotel,0,300,2016,June,33,13,0,4,4,2,0,0,2,HB,PRT,Online TA,TA/TO,0,0,0,A,A,0,No Deposit,417,0,0,Transient,114.6,0,1,Check-Out,2016-06-15
Resort Hotel,0,128,2015,February,6,4,0,4,4,2,0,0,2,HB,FRA,Offline TA/TO,TA/TO,0,0,0,A,A,1,Non Refund,21,22,0,Transient,91.24,0,0,Check-Out,2016-06-15
Resort Hotel,0,7,2016,August,16,15,1,3,4,2,0,0,2,BB,NLD,Online TA,TA/TO,0,0,0,A,A,0,No Deposit,476,22,0,Transient-Party,140.13,0,0,Check-Out,2016-06-15
City Hotel,1,114,2015,July,8,2,0,3,3,2,0,0,2,BB,PRT,Online TA,TA/TO,0,0,0,A,A,0,No Deposit,61,22,0,Transient,86.93,0,1,Canceled,2016-06-15
City Hotel,0,116,2016,March,45,27,3,5,8,2,2,0,4,BB,PRT,Online TA,TA/TO,0,0,0,B,B,0,No Deposit,7,22,0,Transient,31.31,0,1,Check-Out,2016-06-15
Resort Hotel,0,236,2016,September,23,9,1,3,4,2,2,0,4,SC,NLD,Online TA,TA/TO,0,0,0,A,A,1,No Deposit,284,0,0,Transient,85.51,0,1,Check-Out,2016-06-15
Resort Hotel,0,46,2015,January,18,12,3,1,4,2,0,0,2,BB,BRA,Online TA,TA/TO,0,0,0,A,D,0,No Deposit,157,22,0,Transient,81.23,0,1,Check-Out,2016-06-15
Resort Hotel,0,87,2016,September,14,14,2,3,5,2,0,0,2,BB,GBR,Online TA,TA/TO,0,0,0,A,A,0,No Deposit,50,22,0,Transient-Party,88.43,0,1,Check-Out,2016-06-15
City Hotel,0,1,2016,January,50,20,2,1,3,2,0,0,2,BB,NLD,Corporate,TA/TO,0,0,0,F,F,1,No Deposit,386,22,0,Transient-Party,85.98,0,0,Check-Out,2016-06-15
Resort Hotel,0,40,2015,August,36,4,2,1,3,2,0,0,2,Undefined,ESP,Online TA,TA/TO,0,0,0,A,A,0,No Deposit,139,0,0,Transient,24.33,1,0,Check-Out,2016-06-15
City Hotel,1,6,2016,February,15,15,1,1,2,2,0,0,2,BB,FRA,Online TA,TA/TO,0,0,0,A,A,0,Non Refund,131,0,0,Transient-Party,132.53,0,0,Canceled,2016-06-15
City Hotel,1,73,2017,April,5,4,0,1,1,2,0,0,2,HB,NLD,Online TA,TA/TO,0,0,3,A,A,2,No Deposit,266,0,0,Transient-Party,77.36,0,0,Canceled,2016-06-15
City Hotel,1,170,2017,August,46,5,0,1,1,1,0,0,1,BB,PRT,Online TA,TA/TO,0,0,0,A,A,1,No Deposit,237,22,0,Transient,33.79,0,0,Canceled,2016-06-15
Resort Hotel,1,23,2015,April,48,10,0,1,1,2,0,0,2,BB,PRT,Online TA,TA/TO,0,0,0,A,A,0,No Deposit,408,22,0,Transient-Party,123.17,0,1,Canceled,2016-06-15
Resort Hotel,0,74,2017,July,15,12,1,3,4,2,0,0,2,BB,FRA,Groups,TA/TO,0,0,0,A,A,0,No Deposit,86,22,0,Transient-Party,12.36,0,0,Check-Out,2016-06-15
City Hotel,1,22,2016,November,11,12,1,1,2,3,0,0,3,BB,PRT,Direct,TA/TO,0,0,0,D,D,0,No Deposit,371,22,0,Transient,82.17,0,0,Canceled,2016-06-15
City Hotel,1,12,2015,January,2,8,0,2,2,2,0,0,2,BB,NLD,Offline TA/TO,TA/TO,0,0,0,A,A,0,No Deposit,499,22,0,Transient-Party,157.21,0,1,Canceled,2016-06-15
City Hotel,0,71,2016,September,23,4,0,4,4,1,0,0,1,BB,PRT,Offline TA/TO,TA/TO,0,0,0,A,A,0,No Deposit,330,0,0,Transient,42.38,0,2,Check-Out,2016-06-15
City Hotel,1,8,2016,February,24,3,0,5,5,2,0,0,2,BB,NLD,Corporate,Direct,0,0,0,E,E,0,No Deposit,23,22,0,Transient,145.81,0,0,Canceled,2016-06-15
Resort Hotel,0,88,2016,February,18,27,2,2,4,2,0,0,2,BB,FRA,Direct,TA/TO,0,0,0,A,A,0,No Deposit,45,22,0,Transient,89.35,0,0,Check-Out,2016-06-15
City Hotel,0,3,2016,February,4,1,2,5,7,1,0,1,2,SC,NLD,Online TA,Direct,0,1,0,A,A,0,No Deposit,195,22,0,Transient,109.42,0,2,Check-Out,2016-06-15
City Hotel,1,11,2017,December,15,18,2,3,5,1,0,0,1,BB,GBR,Groups,TA/TO,0,0,0,E,E,0,No Deposit,194,22,0,Transient-Party,134.32,0,1,Canceled,2016-06-15
Resort Hotel,0,79,2016,March,12,20,0,1,1,2,0,0,2,HB,NLD,Online TA,Corporate,0,0,0,A,A,0,No Deposit,21,0,0,Transient-Party,64.43,0,1,Check-Out,2016-06-15
City Hotel,1,89,2016,October,3,25,0,4,4,2,0,0,2,BB,BRA,Online TA,TA/TO,0,0,0,A,B,0,Non Refund,328,22,0,Transient,63.4,0,0,Canceled,2016-06-15
City Hotel,0,2,2016,December,32,14,0,5,5,2,0,0,2,BB,NLD,Online TA,TA/TO,0,0,0,A,A,0,Non Refund,48,22,0,Transient-Party,63.3,0,0,Check-Out,2016-06-15
City Hotel,0,85,2016,May,36,17,1,3,4,2,0,0,2,BB,DEU,Offline TA/TO,TA/TO,0,0,0,A,A,0,No Deposit,17,0,0,Transient-Party,76.23,0,1,Check-Out,2016-06-15
City Hotel,1,182,2017,August,21,6,0,1,1,2,0,0,2,BB,PRT,Offline TA/TO,Direct,0,0,3,A,A,0,No Deposit,273,0,0,Transient,92.66,0,0,Canceled,2016-06-15
City Hotel,1,128,2017,September,48,6,2,1,3,2,0,0,2,SC,ESP,Online TA,Corporate,0,0,0,A,A,0,No Deposit,113,22,0,Transient,40.5,0,2,Canceled,2016-06-15
City Hotel,0,14,2017,May,6,10,1,1,2,2,0,0,2,BB,PRT,Direct,TA/TO,0,0,0,A,F,2,No Deposit,84,22,0,Transient,110.09,0,1,Check-Out,2016-06-15
Resort Hotel,0,89,2016,March,2,19,0,2,2,1,0,0,1,BB,PRT,Offline TA/TO,Direct,0,0,0,A,A,2,No Deposit,184,0,0,Transient-Party,128.41,0,0,Check-Out,2016-06-15
City Hotel,1,111,2016,June,9,10,4,2,6,2,1,0,3,BB,NLD,Online TA,TA/TO,0,0,0,G,G,0,No Deposit,104,22,0,Transient-Party,68.99,0,1,Canceled,2016-06-15
City Hotel,0,3,2016,September,12,25,2,2,4,2,0,0,2,BB,PRT,Offline TA/TO,TA/TO,0,1,0,D,B,1,No Deposit,454,22,0,Transient,65.03,1,2,Check-Out,2016-06-15
Resort Hotel,0,193,2016,September,44,26,2,2,4,2,0,1,3,BB,DEU,Online TA,TA/TO,0,0,0,A,A,0,Non Refund,87,22,0,Transient,86.68,0,0,Check-Out,2016-06-15
City Hotel,1,236,2016,April,24,3,0,2,2,2,1,0,3,BB,IRL,Direct,TA/TO,0,1,0,A,A,0,No Deposit,442,0,0,Transient,112.4,0,0,Canceled,2016-06-15
City Hotel,0,190,2017,March,14,1,2,2,4,2,0,0,2,BB,NLD,Online TA,TA/TO,0,0,0,A,A,0,No Deposit,456,22,0,Transient,93.44,0,0,Check-Out,2016-06-15
City Hotel,0,174,2016,November,49,18,1,1,2,2,0,0,2,BB,BRA,Online TA,TA/TO,0,0,0,A,A,0,No Deposit,98,22,0,Transient,168.54,0,0,Check-Out,2016-06-15
City Hotel,0,136,2016,January,41,15,0,2,2,2,0,0,2,BB,GBR,Online TA,Direct,0,0,0,A,A,0,No Deposit,349,22,0,Transient,128.88,0,0,Check-Out,2016-06-15
City Hotel,1,100,2017,August,12,20,1,7,8,2,0,0,2,BB,NLD,Online TA,TA/TO,0,0,1,A,A,0,No Deposit,310,22,0,Transient-Party,107.28,0,0,Canceled,2016-06-15
Resort Hotel,0,113,2017,January,27,4,0,3,3,1,2,0,3,HB,DEU,Online TA,TA/TO,0,0,0,F,F,0,No Deposit,180,22,0,Transient-Party,73.14,0,1,Check-Out,2016-06-15
Resort Hotel,1,164,2016,October,10,18,2,2,4,1,0,0,1,BB,ESP,Groups,TA/TO,0,0,0,D,D,0,No Deposit,465,22,0,Group,94.83,0,1,Canceled,2016-06-15
Resort Hotel,1,108,2016,October,43,10,2,1,3,2,0,0,2,BB,PRT,Offline TA/TO,TA/TO,0,0,0,F,F,0,No Deposit,251,0,0,Transient,96.03,0,0,Canceled,2016-06-15
City Hotel,1,39,2015,April,2,22,1,1,2,2,0,0,2,BB,ESP,Direct,Direct,0,0,0,D,D,0,No Deposit,44,22,0,Transient,190.64,0,1,Canceled,2016-06-15
City Hotel,0,47,2016,February,31,22,0,3,3,2,0,0,2,BB,NLD,Corporate,TA/TO,0,0,0,A,A,1,No Deposit,282,0,0,Transient-Party,88.08,0,1,Check-Out,2016-06-15
Resort Hotel,0,227,2015,June,28,19,1,2,3,2,0,0,2,HB,GBR,Corporate,TA/TO,0,0,0,A,A,0,No Deposit,65,22,0,Transient,151.25,0,0,Check-Out,2016-06-15
City Hotel,1,1,2015,April,16,17,0,1,1,3,0,0,3,BB,IRL,Online TA,TA/TO,0,0,0,A,A,0,No Deposit,325,22,0,Transient-Party,66.05,0,0,Canceled,2016-06-15
City Hotel,1,120,2016,June,1,10,0,1,1,2,0,0,2,BB,NLD,Direct,TA/TO,0,0,0,A,A,0,No Deposit,403,0,0,Transient,116.04,0,1,Canceled,2016-06-15
City Hotel,1,309,2016,August,22,25,1,2,3,3,0,0,3,BB,ESP,Online TA,TA/TO,1,0,0,A,A,0,Non Refund,397,22,0,Transient,141.48,0,2,Canceled,2016-06-15
City Hotel,0,122,2017,March,1,4,0,1,1,2,0,0,2,BB,PRT,Offline TA/TO,Direct,0,0,0,A,A,0,No Deposit,350,0,0,Transient-Party,119.71,0,1,Check-Out,2016-06-15
Resort Hotel,0,510,2017,May,31,25,2,6,8,2,0,0,2,BB,PRT,Direct,TA/TO,0,0,0,B,B,0,No Deposit,313,0,0,Transient,116.34,0,1,Check-Out,2016-06-15
City Hotel,1,116,2015,September,22,5,0,1,1,2,0,0,2,BB,NLD,Online TA,Direct,0,0,0,A,A,0,No Deposit,116,22,0,Transient,102.77,0,1,Canceled,2016-06-15
City Hotel,0,3,2017,August,34,7,2,7,9,3,0,0,3,HB,PRT,Online TA,TA/TO,0,0,0,A,A,0,No Deposit,161,22,0,Transient-Party,107.42,1,1,Check-Out,2016-06-15
City Hotel,1,175,2016,May,12,19,0,3,3,2,0,0,2,BB,NLD,Groups,TA/TO,0,0,0,A,G,2,No Deposit,183,0,0,Transient,94.55,0,1,Canceled,2016-06-15
City Hotel,1,33,2015,August,23,19,1,2,3,1,0,0,1,BB,PRT,Online TA,TA/TO,0,0,0,A,A,0,Non Refund,490,22,0,Transient-Party,69.24,0,2,Canceled,2016-06-15
City Hotel,0,59,2016,September,28,8,2,2,4,2,0,0,2,BB,NLD,Offline TA/TO,TA/TO,0,0,0,A,A,0,No Deposit,150,0,0,Transient,121.79,0,2,Check-Out,2016-06-15
City Hotel,1,37,2016,July,52,1,0,2,2,2,2,0,4,BB,NLD,Online TA,TA/TO,0,0,0,A,A,0,No Deposit,68,0,0,Transient,115.01,0,1,Canceled,2016-06-15
Resort Hotel,1,31,2016,April,50,24,2,3,5,2,0,0,2,HB,PRT,Corporate,TA/TO,0,0,0,A,A,0,No Deposit,282,0,0,Transient-Party,118.04,0,0,Canceled,2016-06-15
City Hotel,0,56,2017,January,12,8,2,1,3,2,0,0,2,SC,ESP,Offline TA/TO,TA/TO,0,0,0,A,A,0,No Deposit,87,0,0,Transient,55.85,1,0,Check-Out,2016-06-15
City Hotel,0,47,2016,September,27,19,1,1,2,2,1,0,3,BB,NLD,Direct,TA/TO,0,0,0,A,A,0,No Deposit,491,22,0,Transient-Party,85.34,0,1,Check-Out,2016-06-15
City Hotel,0,100,2017,September,23,17,0,2,2,2,0,0,2,BB,NLD,Groups,Corporate,0,0,0,A,A,0,No Deposit,340,0,0,Transient,97.59,0,1,Check-Out,2016-06-15
Resort Hotel,0,167,2016,August,1,9,2,1,3,2,0,0,2,BB,NLD,Corporate,TA/TO,0,0,0,E,E,2,No Deposit,38,0,0,Transient,112.43,0,1,Check-Out,2016-06-15
Resort Hotel,0,35,2015,February,43,20,1,2,3,1,0,0,1,BB,PRT,Offline TA/TO,TA/TO,0,0,3,D,D,0,No Deposit,3,22,0,Transient,47.69,0,0,Check-Out,2016-06-15
Resort Hotel,0,24,2016,July,2,23,1,5,6,2,0,0,2,BB,PRT,Online TA,TA/TO,0,0,0,A,A,1,No Deposit,101,22,0,Transient,34.23,0,1,Check-Out,2016-06-15
City Hotel,1,109,2015,September,44,16,2,5,7,1,0,0,1,BB,PRT,Offline TA/TO,TA/TO,0,0,0,A,A,0,No Deposit,44,0,0,Transient,136.02,0,1,Canceled,2016-06-15
City Hotel,0,110,2016,May,31,9,0,4,4,2,0,0,2,Undefined,PRT,Corporate,TA/TO,0,0,0,A,A,0,No Deposit,193,22,0,Transient,88.79,0,0,Check-Out,2016-06-15
Resort Hotel,0,231,2016,March,2,19,0,2,2,2,0,0,2,BB,ITA,Groups,TA/TO,0,0,0,D,D,0,No Deposit,156,22,0,Transient,146.16,0,0,Check-Out,2016-06-15
City Hotel,1,1,2016,July,49,16,0,1,1,2,0,0,2,BB,NLD,Online TA,TA/TO,0,0,0,A,A,0,No Deposit,205,0,0,Transient,109.97,0,2,Canceled,2016-06-15
City Hotel,0,191,2015,September,25,21,0,1,1,1,1,0,2,SC,PRT,Groups,TA/TO,0,0,0,A,A,0,No Deposit,491,22,0,Transient,125.61,0,0,Check-Out,2016-06-15
City Hotel,1,73,2016,January,38,26,0,5,5,2,0,0,2,SC,NLD,Groups,TA/TO,0,0,0,A,A,0,No Deposit,142,22,0,Transient,102.79,0,0,Canceled,2016-06-15
City Hotel,0,97,2015,July,48,27,1,4,5,2,0,0,2,HB,BRA,Direct,Direct,0,0,0,D,D,0,No Deposit,127,22,0,Transient,114.76,0,1,Check-Out,2016-06-15
City Hotel,0,9,2016,August,19,13,1,2,3,2,0,0,2,BB,ESP,Online TA,Direct,0,0,0,A,A,0,No Deposit,174,22,0,Transient-Party,138.8,0,1,Check-Out,2016-06-15
City Hotel,0,56,2017,July,28,19,0,3,3,2,0,0,2,BB,NLD,Online TA,TA/TO,0,0,0,A,A,0,No Deposit,118,0,0,Transient,67.1,0,0,Check-Out,2016-06-15
Resort Hotel,0,25,2017,August,6,5,2,5,7,2,0,0,2,BB,PRT,Online TA,TA/TO,0,0,0,A,A,0,Non Refund,25,0,0,Transient-Party,55.75,0,1,Check-Out,2016-06-15
City Hotel,0,29,2015,August,39,27,0,3,3,1,2,0,3,BB,PRT,Groups,TA/TO,0,0,0,D,D,0,No Deposit,270,0,0,Transient,102.23,0,0,Check-Out,2016-06-15
City Hotel,1,70,2016,March,19,2,2,5,7,2,0,0,2,SC,PRT,Groups,TA/TO,0,0,0,C,C,2,No Deposit,318,0,0,Transient,50.77,1,0,Canceled,2016-06-15
City Hotel,0,167,2016,April,52,4,1,1,2,1,0,0,1,BB,FRA,Groups,TA/TO,0,1,0,A,A,0,No Deposit,227,0,0,Transient,43.46,1,0,Check-Out,2016-06-15
City Hotel,0,136,2017,July,17,12,2,2,4,1,0,0,1,BB,GBR,Offline TA/TO,TA/TO,0,0,0,D,D,0,Non Refund,174,22,0,Transient,73.09,0,0,Check-Out,2016-06-15
City Hotel,0,89,2016,January,6,18,0,3,3,2,0,0,2,BB,NLD,Online TA,TA/TO,0,0,0,A,A,1,No Deposit,225,22,0,Transient,135.01,0,0,Check-Out,2016-06-15
Resort Hotel,0,77,2015,August,15,3,1,3,4,2,0,0,2,BB,NLD,Online TA,TA/TO,0,0,0,A,A,0,No Deposit,265,22,0,Transient-Party,116.65,0,1,Check-Out,2016-06-15
City Hotel,1,55,2016,August,22,21,3,7,10,1,0,0,1,BB,NLD,Groups,TA/TO,0,0,0,A,A,0,No Deposit,118,22,0,Transient,183.43,0,0,Canceled,2016-06-15
Resort Hotel,0,360,2016,April,41,25,1,4,5,1,0,1,2,BB,NLD,Online TA,TA/TO,0,0,0,A,A,0,No Deposit,233,22,0,Transient,126.62,0,0,Check-Out,2016-06-15
Resort Hotel,0,82,2017,July,34,19,2,1,3,2,0,0,2,BB,DEU,Corporate,TA/TO,0,0,0,A,A,1,No Deposit,179,22,0,Transient,152.86,0,1,Check-Out,2016-06-15
City Hotel,0,29,2017,July,5,26,0,1,1,2,0,0,2,HB,DEU,Online TA,TA/TO,0,0,0,A,A,0,No Deposit,262,22,0,Transient,95.71,0,0,Check-Out,2016-06-15
City Hotel,0,26,2015,April,23,22,2,3,5,1,0,0,1,BB,PRT,Online TA,TA/TO,0,0,0,A,A,0,No Deposit,131,22,10,Transient,96.56,0,0,Check-Out,2016-06-15
Resort Hotel,0,94,2017,June,5,4,0,1,1,1,1,0,2,BB,PRT,Online TA,TA/TO,0,0,0,A,A,0,No Deposit,360,0,0,Transient,163.24,0,0,Check-Out,2016-06-15
City Hotel,1,73,2015,October,44,4,1,1,2,2,0,0,2,BB,NLD,Online TA,TA/TO,1,0,0,A,A,0,No Deposit,166,0,30,Transient,90.2,0,0,Canceled,2016-06-15
City Hotel,1,0,2017,June,10,16,0,3,3,2,0,0,2,BB,PRT,Corporate,TA/TO,0,0,0,F,F,0,Non Refund,41,0,0,Transient-Party,113.03,0,2,Canceled,2016-06-15
Resort Hotel,0,177,2017,August,4,11,1,2,3,2,0,0,2,BB,FRA,Online TA,Corporate,0,0,0,A,G,0,No Deposit,387,22,0,Transient,158.86,1,2,Check-Out,2016-06-15
City Hotel,0,121,2016,January,12,26,1,4,5,2,0,0,2,BB,GBR,Online TA,TA/TO,0,0,2,A,A,0,No Deposit,463,22,0,Transient,113.63,0,2,Check-Out,2016-06-15
City Hotel,1,108,2017,February,47,26,1,2,3,2,0,0,2,BB,ITA,Corporate,TA/TO,0,0,0,G,G,0,No Deposit,45,0,0,Transient,147.81,0,0,Canceled,2016-06-15
City Hotel,1,7,2015,February,10,13,2,2,4,2,0,0,2,BB,PRT,Groups,TA/TO,0,0,0,E,E,0,No Deposit,284,22,0,Transient,33.77,0,0,Canceled,2016-06-15
Resort Hotel,1,44,2015,September,30,21,0,1,1,1,0,0,1,BB,ITA,Corporate,Direct,0,0,0,D,D,0,Non Refund,57,0,0,Transient,66.57,0,0,Canceled,2016-06-15
City Hotel,0,273,2015,May,50,11,4,3,7,2,0,0,2,HB,NLD,Online TA,TA/TO,0,0,0,A,C,0,No Deposit,312,22,0,Transient,131.83,0,1,Check-Out,2016-06-15
City Hotel,0,198,2015,April,24,7,2,3,5,1,0,0,1,BB,PRT,Online TA,TA/TO,0,0,0,D,D,0,No Deposit,292,22,0,Transient,82.11,0,1,Check-Out,2016-06-15
City Hotel,0,33,2016,September,5,27,1,1,2,2,0,0,2,BB,GBR,Online TA,TA/TO,0,0,0,A,A,0,No Deposit,111,0,0,Transient,110.57,0,1,Check-Out,2016-06-15
Resort Hotel,1,17,2016,March,13,14,0,2,2,1,1,0,2,BB,GBR,Online TA,TA/TO,0,0,0,A,A,0,No Deposit,321,0,0,Transient,95.68,0,0,Canceled,2016-06-15
City Hotel,0,59,2017,April,36,4,0,1,1,2,0,0,2,BB,PRT,Online TA,TA/TO,0,0,0,A,F,0,No Deposit,351,0,0,Transient,78.18,0,2,Check-Out,2016-06-15
Resort Hotel,0,43,2016,June,9,8,0,3,3,2,0,0,2,BB,PRT,Direct,Direct,0,0,0,A,A,0,No Deposit,357,0,0,Transient-Party,40.17,0,1,Check-Out,2016-06-15
City Hotel,0,114,2016,May,18,12,2,1,3,2,0,0,2,BB,DEU,Corporate,TA/TO,0,0,0,A,A,1,No Deposit,206,0,0,Transient,116.84,0,2,Check-Out,2016-06-15
Resort Hotel,1,339,2016,July,35,13,0,1,1,2,0,0,2,BB,ESP,Corporate,TA/TO,0,0,0,A,A,0,No Deposit,479,0,0,Transient,78.55,0,1,Canceled,2016-06-15
City Hotel,0,45,2016,May,31,25,0,1,1,2,0,0,2,BB,FRA,Online TA,TA/TO,0,0,0,A,A,0,No Deposit,362,22,0,Transient-Party,141.47,0,0,Check-Out,2016-06-15
City Hotel,1,6,2016,May,24,9,0,4,4,2,0,0,2,BB,NLD,Online TA,Direct,0,0,0,A,A,0,No Deposit,315,22,0,Transient,138.55,0,0,Canceled,2016-06-15
Resort Hotel,0,227,2016,October,43,9,0,1,1,2,0,0,2,HB,PRT,Online TA,TA/TO,0,0,0,G,G,0,No Deposit,242,0,0,Contract,88.47,0,0,Check-Out,2016-06-15
Resort Hotel,0,3,2017,October,4,2,0,1,1,1,0,0,1,HB,PRT,Online TA,TA/TO,0,0,0,A,A,1,No Deposit,341,22,0,Transient,117.63,0,0,Check-Out,2016-06-15
Resort Hotel,1,305,2016,September,41,3,0,1,1,1,0,0,1,BB,FRA,Offline TA/TO,TA/TO,0,0,0,A,A,0,No Deposit,95,0,0,Transient,90.83,0,2,Canceled,2016-06-15
City Hotel,1,109,2016,October,26,21,3,2,5,1,0,0,1,BB,GBR,Groups,TA/TO,0,0,0,A,A,1,No Deposit,385,22,0,Contract,82.21,0,0,Canceled,2016-06-15
City Hotel,0,284,2017,July,44,12,0,3,3,3,0,0,3,BB,PRT,Offline TA/TO,TA/TO,0,0,0,A,A,0,No Deposit,474,0,0,Transient,103.78,0,2,Check-Out,2016-06-15
City Hotel,0,22,2015,August,42,17,0,2,2,2,1,0,3,BB,IRL,Direct,TA/TO,0,0,0,A,A,1,No Deposit,64,0,0,Transient,120.82,0,0,Check-Out,2016-06-15
City Hotel,0,4,2016,July,10,4,2,2,4,2,0,0,2,BB,FRA,Direct,TA/TO,0,0,0,A,A,0,No Deposit,79,22,0,Transient,132.35,0,0,Check-Out,2016-06-15
City Hotel,0,66,2016,September,41,27,1,5,6,2,0,0,2,BB,PRT,Direct,TA/TO,0,0,0,E,E,0,No Deposit,451,0,0,Transient,73.8,0,1,Check-Out,2016-06-15
City Hotel,0,59,2017,July,42,14,0,4,4,2,0,0,2,HB,PRT,Online TA,TA/TO,0,0,0,A,F,1,Non Refund,398,0,0,Transient,63.08,0,0,Check-Out,2016-06-15
City Hotel,1,40,2017,February,9,21,0,2,2,2,0,0,2,SC,BEL,Corporate,TA/TO,0,0,0,F,F,0,No Deposit,119,22,0,Transient-Party,89.5,0,1,Canceled,2016-06-15
City Hotel,1,316,2017,September,1,9,0,1,1,2,0,0,2,Undefined,PRT,Direct,TA/TO,0,0,0,A,A,0,No Deposit,28,22,0,Transient-Party,72.85,0,0,Canceled,2016-06-15
City Hotel,0,172,2016,September,16,8,1,3,4,2,2,0,4,BB,PRT,Online TA,Direct,0,0,0,A,A,0,No Deposit,492,22,10,Transient,66.49,0,0,Check-Out,2016-06-15
City Hotel,1,108,2015,September,46,1,0,3,3,2,0,0,2,BB,NLD,Online TA,TA/TO,0,0,0,D,D,0,No Deposit,7,22,0,Contract,94.33,0,0,Canceled,2016-06-15
Resort Hotel,0,17,2017,March,13,13,1,6,7,2,1,0,3,HB,PRT,Online TA,TA/TO,0,0,3,A,A,0,No Deposit,308,22,0,Transient,71.35,0,0,Check-Out,2016-06-15
City Hotel,0,132,2016,April,38,28,1,5,6,2,0,0,2,BB,PRT,Direct,TA/TO,0,0,0,A,A,0,No Deposit,430,0,0,Transient-Party,101.41,0,0,Check-Out,2016-06-15
City Hotel,0,129,2015,April,14,3,0,3,3,2,0,0,2,BB,IRL,Online TA,TA/TO,0,0,0,A,A,1,No Deposit,51,0,0,Transient,116.59,0,0,Check-Out,2016-06-15
City Hotel,1,55,2017,July,40,14,1,1,2,2,1,0,3,BB,GBR,Offline TA/TO,TA/TO,0,0,0,A,A,1,No Deposit,223,0,0,Transient,86.41,0,2,Canceled,2016-06-15
Resort Hotel,1,258,2016,March,23,19,3,1,4,2,0,0,2,BB,BRA,Groups,TA/TO,0,0,0,A,A,0,Non Refund,100,22,0,Transient,112.1,1,2,Canceled,2016-06-15
City Hotel,0,18,2015,May,18,27,2,4,6,2,0,0,2,BB,ESP,Direct,TA/TO,0,0,0,A,A,0,No Deposit,436,0,0,Transient,109.91,1,0,Check-Out,2016-06-15
City Hotel,1,31,2017,March,28,6,2,3,5,2,1,0,3,BB,PRT,Offline TA/TO,GDS,0,0,0,E,E,0,No Deposit,493,22,0,Transient-Party,139.31,0,1,Canceled,2016-06-15
City Hotel,1,6,2016,April,20,4,1,3,4,2,0,0,2,BB,ITA,Groups,TA/TO,0,0,0,B,B,0,No Deposit,127,22,0,Transient,101.7,0,0,Canceled,2016-06-15
Resort Hotel,0,158,2016,August,1,20,0,3,3,1,0,0,1,BB,NLD,Groups,TA/TO,0,0,0,D,D,1,No Deposit,46,22,0,Transient-Party,63.46,0,2,Check-Out,2016-06-15
City Hotel,0,97,2017,October,12,1,1,2,3,1,0,0,1,BB,ESP,Online TA,TA/TO,0,0,0,A,A,0,No Deposit,8,0,0,Transient,72.37,0,0,Check-Out,2016-06-15
City Hotel,0,37,2017,January,27,28,2,3,5,3,0,0,3,BB,PRT,Direct,Corporate,0,0,0,A,A,0,No Deposit,50,22,0,Transient,162.19,0,1,Check-Out,2016-06-15
City Hotel,0,17,2015,July,43,10,1,1,2,1,0,0,1,BB,PRT,Online TA,TA/TO,0,0,0,E,E,0,No Deposit,229,0,0,Transient,60.03,0,0,Check-Out,2016-06-15
City Hotel,0,4,2016,January,13,13,2,2,4,2,2,0,4,BB,NLD,Online TA,TA/TO,0,0,0,F,F,0,Non Refund,181,22,0,Transient-Party,64.53,1,1,Check-Out,2016-06-15
City Hotel,1,18,2017,February,4,12,3,1,4,2,0,0,2,BB,IRL,Offline TA/TO,TA/TO,0,0,0,D,D,0,No Deposit,171,22,0,Transient-Party,16.22,0,3,Canceled,2016-06-15
City Hotel,0,60,2016,August,25,11,1,3,4,1,0,0,1,SC,PRT,Groups,TA/TO,0,1,0,A,A,0,No Deposit,117,0,0,Transient,149.99,0,0,Check-Out,2016-06-15
Resort Hotel,1,28,2016,August,6,4,1,2,3,2,2,0,4,SC,NLD,Groups,Corporate,0,0,0,A,A,0,No Deposit,376,0,0,Transient,103.1,0,0,Canceled,2016-06-15
City Hotel,1,29,2015,September,45,17,1,3,4,2,0,0,2,BB,PRT,Groups,TA/TO,1,0,0,E,A,1,No Deposit,73,22,0,Transient,55.15,0,0,Canceled,2016-06-15
City Hotel,0,208,2017,June,22,15,0,5,5,2,0,0,2,BB,IRL,Online TA,TA/TO,0,0,0,A,A,1,No Deposit,289,22,0,Transient-Party,13.46,0,1,Check-Out,2016-06-15
Resort Hotel,0,72,2017,October,45,21,0,3,3,2,0,0,2,BB,IRL,Groups,TA/TO,0,0,0,A,A,0,No Deposit,415,0,0,Transient,92.71,0,0,Check-Out,2016-06-15
Resort Hotel,0,130,2015,March,38,3,1,2,3,2,0,0,2,BB,NLD,Online TA,TA/TO,0,0,0,A,B,0,No Deposit,38,22,30,Transient,91.93,0,0,Check-Out,2016-06-15
Resort Hotel,0,3,2017,April,36,10,0,1,1,2,0,0,2,BB,PRT,Corporate,TA/TO,0,0,0,A,A,0,No Deposit,414,0,0,Transient-Party,159.08,0,2,Check-Out,2016-06-15
City Hotel,1,45,2017,March,3,21,1,2,3,2,0,0,2,BB,ESP,Corporate,TA/TO,0,0,0,D,D,0,Non Refund,424,22,0,Transient,102.0,0,2,Canceled,2016-06-15
City Hotel,0,65,2016,September,15,14,2,7,9,1,0,0,1,BB,ESP,Online TA,TA/TO,1,0,0,C,C,0,Non Refund,256,0,0,Transient-Party,69.89,0,1,Check-Out,2016-06-15
City Hotel,0,20,2016,April,11,19,3,3,6,2,0,0,2,HB,PRT,Offline TA/TO,TA/TO,0,0,0,A,A,0,No Deposit,321,22,0,Transient,112.14,0,0,Check-Out,2016-06-15
City Hotel,1,12,2015,March,34,21,2,2,4,1,0,1,2,BB,DEU,Offline TA/TO,TA/TO,0,0,0,A,A,0,Non Refund,256,0,30,Transient,72.12,0,0,Canceled,2016-06-15
City Hotel,0,204,2017,August,27,4,0,1,1,2,0,0,2,BB,PRT,Offline TA/TO,Corporate,0,0,0,A,E,1,No Deposit,164,0,0,Transient,59.15,0,2,Check-Out,2016-06-15
Resort Hotel,0,280,2016,February,23,25,0,4,4,2,0,1,3,BB,PRT,Online TA,TA/TO,0,0,0,A,A,0,No Deposit,125,22,0,Transient,78.84,0,0,Check-Out,2016-06-15
Resort Hotel,0,8,2016,January,17,14,0,2,2,2,0,0,2,BB,PRT,Offline TA/TO,TA/TO,0,0,2,E,E,0,No Deposit,190,0,0,Transient,44.61,0,3,Check-Out,2016-06-15
City Hotel,0,42,2016,February,23,6,0,2,2,1,0,0,1,BB,PRT,Offline TA/TO,TA/TO,0,0,0,A,A,2,No Deposit,301,22,0,Transient,154.98,0,0,Check-Out,2016-06-15
Resort Hotel,1,317,2016,January,34,12,1,1,2,2,0,0,2,BB,PRT,Online TA,TA/TO,0,0,0,A,D,0,No Deposit,204,0,0,Transient,119.5,0,1,Canceled,2016-06-15
Resort Hotel,0,8,2017,August,21,26,0,1,1,2,0,0,2,BB,PRT,Online TA,TA/TO,0,0,0,A,A,0,No Deposit,152,22,0,Transient-Party,99.28,0,0,Check-Out,2016-06-15
City Hotel,0,103,2016,July,33,2,1,2,3,1,0,0,1,BB,ESP,Offline TA/TO,Corporate,0,0,0,D,D,0,Non Refund,152,0,0,Transient-Party,104.83,0,1,Check-Out,2016-06-15
City Hotel,0,358,2017,March,5,17,0,3,3,2,0,0,2,BB,PRT,Online TA,Direct,0,0,0,D,D,0,Non Refund,222,22,0,Transient-Party,89.63,0,2,Check-Out,2016-06-15
City Hotel,1,382,2016,April,52,1,1,1,2,2,0,0,2,BB,NLD,Corporate,TA/TO,0,0,1,B,B,0,No Deposit,53,0,0,Transient,116.84,0,0,Canceled,2016-06-15
City Hotel,0,63,2015,September,17,17,2,1,3,2,0,0,2,BB,PRT,Online TA,TA/TO,0,0,0,A,A,0,No Deposit,36,22,0,Transient,138.09,0,0,Check-Out,2016-06-15
City Hotel,0,17,2017,July,1,25,2,2,4,2,0,0,2,BB,DEU,Online TA,TA/TO,0,0,0,A,A,0,No Deposit,31,0,0,Transient,104.34,0,0,Check-Out,2016-06-15
City Hotel,1,22,2016,August,7,5,3,3,6,2,0,0,2,BB,PRT,Online TA,TA/TO,0,0,0,A,A,0,No Deposit,47,0,0,Transient,147.84,0,0,Canceled,2016-06-15
City Hotel,1,220,2016,June,3,16,0,1,1,2,0,0,2,BB,NLD,Offline TA/TO,TA/TO,0,0,0,F,F,0,No Deposit,219,22,0,Transient,107.09,0,0,Canceled,2016-06-15
City Hotel,1,242,2017,April,26,14,2,2,4,1,0,0,1,BB,PRT,Online TA,TA/TO,0,0,3,A,A,0,No Deposit,362,0,0,Transient,95.18,0,1,Canceled,2016-06-15
Resort Hotel,1,93,2015,December,16,20,1,1,2,1,0,0,1,BB,BEL,Online TA,Direct,0,0,0,A,C,0,No Deposit,391,0,0,Transient,151.22,0,1,Canceled,2016-06-15
City Hotel,0,145,2016,July,16,10,1,4,5,2,0,0,2,HB,GBR,Offline TA/TO,TA/TO,0,0,0,A,A,0,No Deposit,307,22,0,Contract,66.75,0,2,Check-Out,2016-06-15
City Hotel,1,134,2016,March,44,21,2,5,7,3,1,0,4,BB,FRA,Online TA,Direct,0,0,0,A,A,0,No Deposit,95,22,0,Transient,89.87,0,0,Canceled,2016-06-15
City Hotel,1,108,2016,June,41,25,0,6,6,2,0,0,2,BB,GBR,Direct,TA/TO,0,0,0,A,A,0,No Deposit,156,0,0,Transient,80.68,0,0,Canceled,2016-06-15
City Hotel,0,175,2017,May,14,3,2,3,5,2,0,0,2,BB,GBR,Online TA,TA/TO,0,0,0,D,D,0,No Deposit,65,22,0,Transient-Party,117.1,0,0,Check-Out,2016-06-15
City Hotel,0,115,2017,April,44,3,1,3,4,1,0,0,1,BB,PRT,Online TA,Direct,0,0,0,G,G,0,No Deposit,281,22,30,Transient,99.04,0,0,Check-Out,2016-06-15
Resort Hotel,1,76,2016,November,26,28,0,3,3,3,0,0,3,BB,PRT,Online TA,TA/TO,0,0,0,A,A,0,No Deposit,393,22,0,Transient,151.07,0,0,Canceled,2016-06-15
City Hotel,0,27,2017,October,27,18,0,5,5,2,0,0,2,BB,NLD,Online TA,TA/TO,0,0,0,A,A,0,No Deposit,293,0,0,Transient,136.9,0,0,Check-Out,2016-06-15
Resort Hotel,0,136,2017,March,48,24,2,4,6,2,0,0,2,BB,PRT,Offline TA/TO,TA/TO,0,0,0,A,A,0,No Deposit,105,0,0,Transient,100.44,0,0,Check-Out,2016-06-15
Resort Hotel,1,64,2016,May,17,23,1,2,3,2,0,0,2,BB,DEU,Offline TA/TO,Direct,0,0,0,A,A,1,No Deposit,249,22,0,Transient,155.48,0,0,Canceled,2016-06-15
Resort Hotel,0,34,2016,September,44,18,2,3,5,2,0,0,2,BB,DEU,Online TA,TA/TO,0,0,0,A,A,1,No Deposit,251,0,0,Transient,85.21,0,0,Check-Out,2016-06-15
City Hotel,1,161,2016,March,4,4,0,1,1,2,0,0,2,HB,IRL,Groups,TA/TO,0,0,0,F,F,0,No Deposit,79,0,0,Transient,72.2,0,0,Canceled,2016-06-15
Resort Hotel,0,119,2017,July,17,7,0,3,3,2,0,0,2,BB,ESP,Online TA,TA/TO,0,0,0,A,A,2,No Deposit,100,0,0,Transient-Party,116.33,0,0,Check-Out,2016-06-15
City Hotel,0,277,2017,August,33,1,2,3,5,2,0,0,2,BB,DEU,Direct,TA/TO,0,0,0,A,A,0,No Deposit,165,22,0,Transient,92.58,0,0,Check-Out,2016-06-15
Resort Hotel,0,18,2016,August,30,16,0,4,4,2,0,0,2,BB,ESP,Groups,TA/TO,0,0,0,F,F,0,No Deposit,344,22,0,Transient,115.51,0,1,Check-Out,2016-06-15
City Hotel,0,104,2017,August,21,17,0,4,4,1,0,0,1,BB,NLD,Offline TA/TO,TA/TO,0,0,0,F,F,0,No Deposit,402,0,0,Transient,161.21,0,1,Check-Out,2016-06-15
Resort Hotel,0,28,2016,August,17,8,0,2,2,4,2,0,6,BB,ITA,Corporate,TA/TO,0,0,0,E,E,0,Refundable,60,22,10,Transient,79.88,0,0,Check-Out,2016-06-15
City Hotel,1,233,2016,December,11,6,0,5,5,2,0,0,2,SC,GBR,Groups,TA/TO,1,1,0,D,D,0,No Deposit,361,22,0,Contract,85.48,0,1,Canceled,2016-06-15
City Hotel,1,10,2017,May,51,2,1,7,8,2,0,0,2,BB,GBR,Groups,TA/TO,0,0,0,D,D,0,No Deposit,415,22,0,Transient-Party,66.61,0,0,Canceled,2016-06-15
City Hotel,0,106,2015,October,30,26,0,7,7,1,0,0,1,BB,PRT,Corporate,TA/TO,0,0,0,A,A,0,No Deposit,155,22,0,Transient,110.49,0,0,Check-Out,2016-06-15
Resort Hotel,0,156,2015,January,18,10,2,3,5,2,0,0,2,SC,NLD,Direct,TA/TO,0,0,0,A,A,0,No Deposit,274,0,0,Transient,180.06,0,0,Check-Out,2016-06-15
City Hotel,0,43,2016,April,20,17,1,3,4,2,1,0,3,BB,NLD,Online TA,TA/TO,0,0,0,D,D,1,No Deposit,80,22,0,Transient,56.37,0,2,Check-Out,2016-06-15
City Hotel,1,308,2016,January,34,19,2,2,4,2,0,0,2,BB,PRT,Online TA,Direct,0,0,0,D,D,0,Non Refund,327,22,0,Transient-Party,123.2,0,0,Canceled,2016-06-15
City Hotel,1,190,2016,August,41,28,1,2,3,2,0,0,2,BB,NLD,Offline TA/TO,TA/TO,0,0,0,A,A,0,Non Refund,164,0,5,Transient,94.62,0,0,Canceled,2016-06-15
Resort Hotel,0,34,2016,February,28,4,1,2,3,2,0,0,2,BB,PRT,Online TA,TA/TO,0,0,0,A,A,0,No Deposit,146,22,10,Transient,96.2,0,0,Check-Out,2016-06-15
Resort Hotel,0,0,2017,October,9,13,1,1,2,3,0,0,3,Undefined,PRT,Online TA,TA/TO,0,0,0,A,A,3,No Deposit,327,22,0,Transient,72.25,0,1,Check-Out,2016-06-15
City Hotel,0,35,2017,August,44,21,0,6,6,2,0,0,2,BB,ITA,Offline TA/TO,Direct,0,0,0,D,D,0,No Deposit,38,0,0,Transient,142.77,0,1,Check-Out,2016-06-15
City Hotel,0,33,2016,January,31,27,0,3,3,1,0,0,1,FB,BEL,Online TA,TA/TO,0,0,0,A,A,0,No Deposit,303,22,0,Transient-Party,166.41,0,0,Check-Out,2016-06-15
City Hotel,0,220,2016,August,45,26,1,6,7,2,0,0,2,BB,FRA,Groups,TA/TO,0,0,0,A,A,0,No Deposit,449,22,0,Transient,107.33,0,0,Check-Out,2016-06-15
City Hotel,0,341,2017,October,16,19,0,2,2,2,0,0,2,BB,NLD,Offline TA/TO,Corporate,0,0,0,D,D,0,Non Refund,292,0,0,Transient,130.04,0,2,Check-Out,2016-06-15
City Hotel,1,7,2016,August,31,16,0,2,2,1,0,0,1,BB,FRA,Direct,Corporate,0,0,0,A,A,0,No Deposit,46,22,0,Transient,92.64,0,0,Canceled,2016-06-15
Resort Hotel,0,63,2016,January,29,13,1,1,2,1,0,0,1,BB,PRT,Groups,TA/TO,0,0,0,A,A,1,No Deposit,215,22,0,Transient,93.7,0,0,Check-Out,2016-06-15
City Hotel,0,79,2016,October,13,5,2,2,4,2,0,0,2,BB,PRT,Offline TA/TO,TA/TO,0,0,0,A,A,0,No Deposit,429,22,0,Transient,86.69,0,1,Check-Out,2016-06-15
Resort Hotel,0,9,2016,August,23,12,2,5,7,2,0,0,2,SC,NLD,Offline TA/TO,TA/TO,0,0,0,A,A,0,No Deposit,263,0,0,Transient-Party,152.56,0,0,Check-Out,2016-06-15
City Hotel,1,47,2016,May,14,7,2,3,5,1,0,0,1,BB,GBR,Online TA,TA/TO,0,0,0,E,E,0,Non Refund,499,22,0,Transient,129.31,1,0,Canceled,2016-06-15
City Hotel,0,38,2016,May,39,27,0,2,2,4,0,0,4,BB,NLD,Groups,TA/TO,0,0,0,A,F,2,Non Refund,133,22,0,Transient,60.59,0,2,Check-Out,2016-06-15
City Hotel,1,76,2016,June,2,9,4,3,7,2,0,0,2,SC,NLD,Groups,TA/TO,0,0,0,G,G,0,No Deposit,474,22,0,Transient,108.78,0,1,Canceled,2016-06-15
Resort Hotel,0,108,2017,October,12,5,2,5,7,2,0,0,2,BB,PRT,Offline TA/TO,TA/TO,0,0,0,A,A,1,No Deposit,460,0,0,Transient,106.5,0,0,Check-Out,2016-06-15
Resort Hotel,1,121,2017,April,28,4,0,1,1,2,0,0,2,BB,NLD,Online TA,TA/TO,0,0,0,D,D,0,No Deposit,324,0,0,Transient,71.5,0,1,Canceled,2016-06-15
Resort Hotel,0,14,2016,February,32,10,2,6,8,2,0,0,2,BB,PRT,Groups,TA/TO,0,0,0,E,E,0,No Deposit,277,22,0,Transient,117.35,0,0,Check-Out,2016-06-15
Resort Hotel,0,167,2017,October,49,16,1,3,4,2,0,0,2,HB,NLD,Groups,Direct,0,0,0,A,A,0,Refundable,305,22,0,Contract,94.74,0,0,Check-Out,2016-06-15
Resort Hotel,0,113,2015,January,24,11,0,5,5,2,1,0,3,BB,FRA,Offline TA/TO,TA/TO,0,0,0,G,G,0,No Deposit,424,22,0,Transient-Party,93.48,0,0,Check-Out,2016-06-15
City Hotel,1,219,2016,November,37,9,0,2,2,2,0,0,2,BB,ESP,Groups,TA/TO,0,0,0,E,E,0,No Deposit,251,0,0,Transient,124.98,0,1,Canceled,2016-06-15
Resort Hotel,1,59,2017,May,29,24,1,1,2,2,0,0,2,BB,PRT,Groups,TA/TO,0,0,0,A,A,0,No Deposit,204,22,0,Transient,89.78,0,0,Canceled,2016-06-15
Resort Hotel,0,224,2016,July,52,5,1,3,4,2,0,0,2,BB,GBR,Online TA,TA/TO,0,0,0,A,A,0,No Deposit,426,0,0,Transient,81.4,0,0,Check-Out,2016-06-15
City Hotel,0,200,2016,March,42,25,2,1,3,2,0,0,2,SC,NLD,Online TA,GDS,0,0,0,A,A,0,No Deposit,368,0,0,Contract,139.27,0,2,Check-Out,2016-06-15
City Hotel,0,57,2016,October,18,11,0,5,5,2,0,0,2,HB,NLD,Groups,TA/TO,0,0,0,A,A,0,Non Refund,456,22,10,Transient-Party,153.65,0,2,Check-Out,2016-06-15
City Hotel,0,47,2017,September,3,9,1,3,4,2,0,0,2,BB,NLD,Offline TA/TO,Direct,0,0,0,C,C,1,No Deposit,415,0,0,Transient,136.37,0,3,Check-Out,2016-06-15
Resort Hotel,0,270,2016,November,13,17,0,2,2,1,0,0,1,BB,FRA,Offline TA/TO,TA/TO,0,2,0,B,B,0,No Deposit,408,22,0,Transient,119.1,0,0,Check-Out,2016-06-15
City Hotel,0,125,2017,August,13,28,1,2,3,2,0,0,2,BB,NLD,Corporate,TA/TO,0,0,0,A,A,0,No Deposit,153,0,0,Transient,96.39,0,0,Check-Out,2016-06-15
Resort Hotel,1,263,2017,March,42,22,2,5,7,1,0,0,1,BB,FRA,Groups,Direct,0,1,0,A,A,0,No Deposit,127,0,0,Transient,153.95,0,2,Canceled,2016-06-15
Resort Hotel,0,159,2017,May,29,11,1,4,5,2,0,1,3,HB,NLD,Online TA,TA/TO,0,0,0,A,A,0,No Deposit,180,0,0,Transient,107.74,0,0,Check-Out,2016-06-15
City Hotel,0,93,2016,June,2,21,1,4,5,2,0,0,2,HB,NLD,Online TA,TA/TO,0,0,0,A,A,0,No Deposit,495,22,0,Transient,75.26,0,1,Check-Out,2016-06-15
Resort Hotel,1,12,2015,July,28,6,2,2,4,2,2,0,4,BB,NLD,Groups,TA/TO,0,0,0,A,B,0,No Deposit,35,0,0,Transient-Party,68.45,0,2,Canceled,2016-06-15
City Hotel,0,34,2016,November,48,26,0,5,5,2,0,0,2,BB,DEU,Online TA,TA/TO,0,1,0,D,D,0,No Deposit,68,22,0,Transient-Party,112.69,0,1,Check-Out,2016-06-15
City Hotel,1,346,2016,May,4,16,2,1,3,2,0,0,2,BB,NLD,Online TA,TA/TO,0,0,0,E,E,0,No Deposit,69,22,30,Transient,126.59,0,0,Canceled,2016-06-15
City Hotel,0,38,2017,August,51,19,1,1,2,3,0,0,3,SC,NLD,Online TA,TA/TO,0,0,0,A,A,1,Non Refund,325,22,0,Transient,85.66,0,1,Check-Out,2016-06-15
City Hotel,0,9,2016,December,5,14,1,2,3,2,0,0,2,BB,FRA,Online TA,TA/TO,0,0,0,E,E,0,No Deposit,144,22,0,Transient,120.78,0,0,Check-Out,2016-06-15
Resort Hotel,0,122,2017,March,39,3,2,5,7,2,0,0,2,BB,PRT,Online TA,TA/TO,0,0,0,A,A,0,No Deposit,479,0,0,Transient,73.78,0,0,Check-Out,2016-06-15
City Hotel,1,132,2016,October,41,10,1,3,4,1,0,0,1,BB,PRT,Offline TA/TO,Direct,0,0,0,A,A,0,No Deposit,126,22,0,Transient,66.81,0,1,Canceled,2016-06-15
City Hotel,0,33,2017,June,5,21,1,1,2,2,0,0,2,BB,ITA,Online TA,TA/TO,0,0,0,A,A,0,No Deposit,464,0,0,Transient,84.13,0,3,Check-Out,2016-06-15
City Hotel,1,35,2016,August,8,23,2,3,5,2,0,0,2,BB,PRT,Offline TA/TO,TA/TO,0,0,0,A,A,2,Non Refund,426,0,0,Contract,122.2,1,0,Canceled,2016-06-15
City Hotel,1,63,2016,April,34,4,0,3,3,2,0,0,2,BB,NLD,Online TA,Direct,0,0,0,A,A,0,No Deposit,485,0,0,Transient,59.29,0,0,Canceled,2016-06-15
Resort Hotel,1,2,2017,May,25,22,0,3,3,2,0,0,2,BB,PRT,Direct,TA/TO,0,0,0,A,A,0,No Deposit,53,0,0,Transient,142.93,0,0,Canceled,2016-06-15
City Hotel,1,155,2016,January,27,21,3,4,7,3,0,0,3,BB,PRT,Online TA,TA/TO,0,0,0,D,D,3,No Deposit,365,0,0,Transient,57.84,0,3,Canceled,2016-06-15
Resort Hotel,0,38,2015,December,52,2,0,3,3,1,0,0,1,BB,FRA,Direct,TA/TO,0,0,0,A,C,0,No Deposit,302,0,0,Transient,169.69,0,1,Check-Out,2016-06-15
City Hotel,0,192,2016,September,52,13,1,1,2,1,0,0,1,BB,PRT,Online TA,TA/TO,0,0,0,A,A,0,No Deposit,298,22,0,Transient,130.63,0,0,Check-Out,2016-06-15
City Hotel,1,162,2016,February,7,11,0,4,4,2,1,0,3,BB,PRT,Online TA,TA/TO,0,0,0,D,D,1,No Deposit,402,22,0,Transient,59.11,0,1,Canceled,2016-06-15
Resort Hotel,0,108,2017,December,36,12,0,1,1,1,0,0,1,BB,FRA,Groups,Corporate,0,0,0,B,B,0,No Deposit,17,0,0,Transient-Party,138.87,0,0,Check-Out,2016-06-15
City Hotel,0,39,2017,July,32,1,2,5,7,2,0,0,2,BB,NLD,Offline TA/TO,TA/TO,0,0,0,A,F,3,No Deposit,4,22,0,Transient,129.82,0,0,Check-Out,2016-06-15
Resort Hotel,0,72,2015,October,21,22,1,2,3,2,0,0,2,BB,GBR,Online TA,TA/TO,1,0,0,A,A,0,No Deposit,378,0,0,Transient,82.2,1,0,Check-Out,2016-06-15
City Hotel,0,58,2016,February,47,21,1,3,4,2,0,0,2,BB,PRT,Offline TA/TO,TA/TO,0,0,0,D,D,3,No Deposit,33,0,30,Transient,129.29,0,1,Check-Out,2016-06-15
City Hotel,1,41,2016,May,18,9,2,7,9,1,0,0,1,BB,GBR,Online TA,Corporate,0,0,0,A,A,1,No Deposit,199,22,0,Transient-Party,157.47,0,0,Canceled,2016-06-15
City Hotel,1,188,2017,August,2,12,2,2,4,2,0,0,2,BB,BEL,Online TA,TA/TO,1,0,0,B,B,0,No Deposit,155,22,0,Group,60.83,1,0,Canceled,2016-06-15
City Hotel,0,66,2017,February,46,7,0,2,2,1,0,0,1,BB,PRT,Online TA,TA/TO,0,0,0,A,A,0,No Deposit,412,0,0,Transient,114.91,1,3,Check-Out,2016-06-15
City Hotel,1,178,2017,June,42,17,1,4,5,2,0,0,2,BB,PRT,Offline TA/TO,Direct,0,0,0,E,E,0,No Deposit,331,0,0,Transient,54.11,0,0,Canceled,2016-06-15
Resort Hotel,0,11,2016,June,5,10,2,1,3,2,0,0,2,BB,FRA,Offline TA/TO,TA/TO,0,0,0,A,D,0,No Deposit,235,0,0,Transient,159.05,0,0,Check-Out,2016-06-15
Resort Hotel,1,15,2015,April,44,6,0,1,1,1,0,0,1,BB,ITA,Offline TA/TO,TA/TO,0,0,0,A,A,0,No Deposit,370,22,0,Transient,30.73,0,0,Canceled,2016-06-15
Resort Hotel,0,378,2016,May,42,27,1,3,4,2,0,0,2,BB,DEU,Online TA,TA/TO,0,0,0,D,D,0,No Deposit,434,22,0,Contract,61.51,0,3,Check-Out,2016-06-15
Resort Hotel,0,88,2016,December,50,7,0,1,1,1,0,0,1,BB,DEU,Groups,TA/TO,0,0,0,A,A,0,No Deposit,233,22,0,Transient,79.0,0,0,Check-Out,2016-06-15
City Hotel,1,71,2017,April,38,19,0,2,2,2,0,0,2,BB,PRT,Online TA,Corporate,1,0,0,A,A,0,No Deposit,50,0,0,Transient,158.18,0,0,Canceled,2016-06-15
City Hotel,0,74,2016,April,28,14,2,7,9,2,0,0,2,HB,ESP,Direct,TA/TO,1,0,0,A,A,1,No Deposit,249,22,0,Transient,123.33,0,0,Check-Out,2016-06-15
City Hotel,1,24,2017,July,31,25,2,3,5,2,0,0,2,BB,GBR,Online TA,TA/TO,0,0,0,F,F,0,No Deposit,208,22,0,Transient,81.19,0,1,Canceled,2016-06-15
Resort Hotel,0,126,2016,August,44,27,0,5,5,2,0,0,2,BB,PRT,Direct,TA/TO,0,0,0,D,D,1,No Deposit,338,0,0,Transient,117.27,0,1,Check-Out,2016-06-15
City Hotel,1,8,2017,August,24,11,2,5,7,2,0,0,2,BB,PRT,Online TA,TA/TO,0,0,0,A,A,0,No Deposit,211,0,0,Transient,109.09,0,1,Canceled,2016-06-15
City Hotel,0,85,2015,September,33,2,0,1,1,2,0,0,2,BB,DEU,Groups,TA/TO,0,0,0,A,A,0,No Deposit,270,22,0,Transient,111.54,1,2,Check-Out,2016-06-15
Resort Hotel,0,84,2015,January,39,1,1,5,6,4,2,0,6,BB,NLD,Online TA,TA/TO,0,0,0,A,A,1,No Deposit,332,22,0,Transient,68.71,0,2,Check-Out,2016-06-15
City Hotel,0,245,2015,May,12,26,2,5,7,2,0,0,2,BB,PRT,Groups,TA/TO,0,0,0,A,A,0,No Deposit,236,22,0,Transient,62.85,0,1,Check-Out,2016-06-15
City Hotel,0,74,2017,September,39,10,1,1,2,2,0,0,2,BB,FRA,Offline TA/TO,TA/TO,0,0,0,A,A,0,No Deposit,362,22,0,Transient,162.98,0,1,Check-Out,2016-06-15
Resort Hotel,0,14,2015,October,9,12,2,7,9,2,0,0,2,BB,PRT,Offline TA/TO,TA/TO,0,0,0,A,A,0,No Deposit,221,0,0,Transient,155.79,1,1,Check-Out,2016-06-15
City Hotel,1,85,2017,July,52,9,1,2,3,2,0,0,2,SC,PRT,Groups,TA/TO,0,0,0,A,A,1,No Deposit,285,22,0,Transient,65.94,0,2,Canceled,2016-06-15
City Hotel,0,9,2016,January,15,23,1,7,8,2,0,0,2,SC,PRT,Online TA,TA/TO,0,0,0,A,A,0,No Deposit,307,0,0,Transient,102.49,0,1,Check-Out,2016-06-15
Resort Hotel,0,22,2016,May,23,26,2,4,6,2,1,0,3,HB,ESP,Online TA,Direct,0,0,0,A,A,0,No Deposit,194,0,0,Transient,153.18,0,1,Check-Out,2016-06-15
City Hotel,0,3,2017,February,44,11,0,2,2,2,0,0,2,BB,PRT,Direct,TA/TO,0,0,0,A,A,0,No Deposit,102,22,0,Transient-Party,153.23,0,0,Check-Out,2016-06-15
City Hotel,0,72,2016,September,45,1,1,2,3,2,0,0,2,BB,BRA,Groups,TA/TO,0,0,0,A,A,1,No Deposit,22,22,0,Transient,127.19,0,0,Check-Out,2016-06-15
City Hotel,0,8,2016,February,22,20,1,2,3,2,0,0,2,SC,DEU,Corporate,TA/TO,0,0,0,A,A,0,No Deposit,399,22,0,Transient-Party,177.91,0,2,Check-Out,2016-06-15
City Hotel,1,63,2016,March,36,10,2,2,4,2,0,0,2,BB,GBR,Online TA,Direct,0,0,0,A,A,0,No Deposit,51,0,0,Transient,133.83,0,2,Canceled,2016-06-15
City Hotel,0,270,2017,June,10,19,1,1,2,2,0,0,2,BB,PRT,Online TA,Direct,0,0,0,A,A,0,No Deposit,148,0,0,Transient,189.91,0,0,Check-Out,2016-06-15
City Hotel,1,127,2016,June,28,27,2,5,7,2,0,0,2,BB,ESP,Online TA,TA/TO,0,0,0,B,B,2,No Deposit,363,22,0,Transient,107.82,0,0,Canceled,2016-06-15
City Hotel,1,8,2016,June,35,23,1,3,4,2,0,0,2,SC,NLD,Groups,TA/TO,0,0,0,A,A,0,Non Refund,55,0,0,Transient,92.69,0,0,Canceled,2016-06-15
Resort Hotel,1,25,2016,June,29,21,0,4,4,2,0,0,2,Undefined,IRL,Online TA,TA/TO,0,0,0,A,A,0,No Deposit,300,0,30,Transient,86.45,0,0,Canceled,2016-06-15
City Hotel,0,111,2016,August,5,25,3,2,5,2,0,0,2,BB,PRT,Online TA,TA/TO,0,0,0,A,E,0,No Deposit,322,22,0,Transient,73.26,0,2,Check-Out,2016-06-15
City Hotel,1,225,2016,May,4,11,1,1,2,2,0,0,2,BB,BRA,Online TA,TA/TO,0,0,0,A,C,0,No Deposit,251,0,0,Transient,69.54,0,1,Canceled,2016-06-15
City Hotel,1,3,2016,July,51,3,1,2,3,3,0,0,3,HB,FRA,Direct,TA/TO,0,0,0,D,D,0,No Deposit,339,22,0,Transient,31.0,0,1,Canceled,2016-06-15
Resort Hotel,1,167,2017,May,15,27,2,2,4,2,0,0,2,SC,PRT,Offline TA/TO,TA/TO,0,0,0,A,A,2,No Deposit,165,22,0,Transient,178.91,0,1,Canceled,2016-06-15
City Hotel,1,82,2016,May,30,16,1,1,2,2,0,0,2,BB,DEU,Online TA,TA/TO,0,0,0,A,A,0,No Deposit,413,22,0,Transient,83.0,0,1,Canceled,2016-06-15
Resort Hotel,0,78,2017,July,26,22,1,3,4,2,0,0,2,BB,PRT,Offline TA/TO,TA/TO,0,0,0,G,G,1,No Deposit,467,0,0,Transient,157.85,0,0,Check-Out,2016-06-15
Resort Hotel,1,316,2017,June,23,10,2,5,7,2,0,0,2,BB,GBR,Online TA,TA/TO,0,0,0,A,A,0,No Deposit,211,0,0,Transient,91.56,0,3,Canceled,2016-06-15
Resort Hotel,1,137,2017,August,39,2,2,3,5,2,0,0,2,BB,FRA,Online TA,Direct,0,0,0,A,A,0,No Deposit,157,22,0,Transient,90.04,0,1,Canceled,2016-06-15
Resort Hotel,0,189,2015,July,29,19,1,1,2,2,1,0,3,BB,NLD,Groups,TA/TO,0,0,0,A,A,1,No Deposit,425,0,0,Transient,77.4,0,0,Check-Out,2016-06-15
City Hotel,0,43,2016,September,22,4,1,4,5,2,0,0,2,BB,ESP,Groups,TA/TO,0,0,0,A,A,0,No Deposit,396,0,0,Transient,73.62,0,3,Check-Out,2016-06-15
City Hotel,0,80,2017,June,35,16,2,2,4,2,0,0,2,HB,GBR,Online TA,TA/TO,0,0,0,A,A,0,No Deposit,90,0,0,Transient,63.57,0,0,Check-Out,2016-06-15
Resort Hotel,0,95,2015,June,48,6,1,1,2,2,0,0,2,BB,DEU,Online TA,TA/TO,0,0,0,A,A,0,No Deposit,173,22,0,Transient,113.69,0,1,Check-Out,2016-06-15
City Hotel,0,38,2015,August,47,11,0,6,6,3,0,0,3,BB,PRT,Online TA,TA/TO,0,0,0,A,A,0,No Deposit,234,0,0,Contract,92.24,0,1,Check-Out,2016-06-15
City Hotel,0,84,2017,April,18,17,1,1,2,2,0,0,2,BB,NLD,Offline TA/TO,TA/TO,0,0,0,A,A,0,Non Refund,179,22,0,Transient,184.32,0,0,Check-Out,2016-06-15
City Hotel,0,27,2016,May,35,15,0,1,1,2,0,0,2,BB,PRT,Offline TA/TO,TA/TO,0,0,1,A,A,0,No Deposit,474,0,0,Transient,96.07,0,1,Check-Out,2016-06-15
Resort Hotel,0,15,2016,August,46,22,2,2,4,2,2,0,4,BB,ESP,Direct,TA/TO,0,0,0,A,A,0,No Deposit,139,22,0,Group,73.31,0,1,Check-Out,2016-06-15
City Hotel,1,46,2016,January,33,4,0,1,1,2,0,0,2,BB,PRT,Online TA,TA/TO,0,0,0,A,A,2,No Deposit,339,22,0,Transient,138.99,0,0,Canceled,2016-06-15
City Hotel,0,134,2017,June,7,24,0,1,1,2,0,1,3,BB,PRT,Offline TA/TO,TA/TO,0,0,0,A,A,0,No Deposit,451,22,0,Transient-Party,96.82,0,0,Check-Out,2016-06-15
City Hotel,1,247,2016,July,34,25,2,3,5,2,0,0,2,BB,GBR,Online TA,TA/TO,0,0,0,A,A,0,No Deposit,441,0,0,Transient-Party,138.73,0,1,Canceled,2016-06-15
Resort Hotel,0,61,2017,December,10,8,2,4,6,2,0,0,2,BB,GBR,Offline TA/TO,TA/TO,0,0,0,A,A,0,No Deposit,421,0,0,Transient,93.92,0,2,Check-Out,2016-06-15
Resort Hotel,0,102,2016,October,24,24,1,3,4,2,0,0,2,BB,NLD,Online TA,TA/TO,0,0,0,A,B,0,No Deposit,364,0,0,Transient,104.14,0,0,Check-Out,2016-06-15
City Hotel,0,10,2016,April,25,18,0,1,1,2,0,0,2,BB,PRT,Online TA,TA/TO,0,0,0,A,A,0,No Deposit,42,0,0,Transient,42.6,0,0,Check-Out,2016-06-15
City Hotel,0,234,2016,July,48,14,2,5,7,2,0,0,2,BB,PRT,Direct,Direct,0,0,0,E,E,1,No Deposit,228,22,0,Transient,79.49,0,0,Check-Out,2016-06-15
City Hotel,1,84,2016,January,44,26,3,5,8,2,0,0,2,BB,FRA,Online TA,TA/TO,0,0,0,D,D,0,No Deposit,384,0,0,Transient,98.53,0,1,Canceled,2016-06-15
City Hotel,0,151,2016,April,27,2,1,2,3,2,0,0,2,SC,NLD,Online TA,Direct,0,0,0,A,A,0,Non Refund,407,22,0,Transient-Party,91.56,0,2,Check-Out,2016-06-15
Resort Hotel,0,158,2016,September,50,16,1,3,4,2,0,0,2,HB,FRA,Groups,TA/TO,0,0,0,A,A,0,No Deposit,190,22,0,Transient,112.46,0,1,Check-Out,2016-06-15
City Hotel,1,29,2017,February,6,22,0,2,2,2,0,0,2,SC,NLD,Online TA,TA/TO,0,0,0,A,A,0,No Deposit,173,22,0,Transient-Party,103.37,0,0,Canceled,2016-06-15
City Hotel,0,75,2016,April,49,15,1,3,4,1,2,0,3,BB,PRT,Online TA,TA/TO,0,0,0,A,A,0,No Deposit,214,22,0,Transient-Party,109.71,0,1,Check-Out,2016-06-15
City Hotel,0,323,2016,November,8,21,1,7,8,2,0,0,2,BB,PRT,Corporate,TA/TO,0,0,0,A,A,0,No Deposit,375,22,0,Transient,121.49,1,0,Check-Out,2016-06-15
City Hotel,0,9,2016,September,21,6,2,7,9,2,0,0,2,BB,PRT,Online TA,TA/TO,0,0,0,F,F,0,Non Refund,466,22,0,Transient-Party,91.55,0,1,Check-Out,2016-06-15
City Hotel,1,114,2017,September,41,9,0,2,2,1,0,0,1,BB,DEU,Online TA,Direct,0,0,0,E,E,2,No Deposit,417,22,0,Transient,93.72,0,0,Canceled,2016-06-15
Resort Hotel,0,327,2016,October,19,12,1,1,2,1,0,0,1,BB,ESP,Online TA,TA/TO,0,0,0,B,B,1,No Deposit,476,22,0,Transient-Party,66.85,0,0,Check-Out,2016-06-15
City Hotel,0,35,2016,September,34,10,0,2,2,1,2,0,3,BB,PRT,Online TA,TA/TO,0,0,0,A,A,1,Non Refund,393,0,0,Transient-Party,162.23,0,0,Check-Out,2016-06-15
Resort Hotel,0,197,2017,February,39,7,0,2,2,1,0,0,1,BB,ITA,Corporate,TA/TO,0,0,0,A,A,0,No Deposit,419,22,0,Transient,21.62,0,0,Check-Out,2016-06-15
City Hotel,1,271,2016,July,43,5,0,2,2,2,1,0,3,BB,NLD,Online TA,TA/TO,0,0,0,A,A,0,No Deposit,495,22,0,Transient,148.45,0,0,Canceled,2016-06-15
City Hotel,1,137,2016,June,23,26,1,6,7,2,0,0,2,BB,ITA,Groups,TA/TO,0,0,0,A,A,0,No Deposit,419,22,0,Transient,95.39,0,0,Canceled,2016-06-15
City Hotel,0,26,2016,May,13,23,0,2,2,2,0,0,2,SC,BEL,Groups,TA/TO,0,0,0,A,A,1,No Deposit,107,22,0,Transient,172.32,0,1,Check-Out,2016-06-15
City Hotel,0,40,2017,October,42,8,4,2,6,2,0,0,2,BB,PRT,Offline TA/TO,TA/TO,0,0,0,A,A,0,No Deposit,85,22,0,Transient,156.42,0,0,Check-Out,2016-06-15
City Hotel,1,3,2016,June,47,27,2,2,4,1,1,0,2,SC,FRA,Direct,Direct,0,0,0,A,A,0,No Deposit,489,22,0,Contract,164.82,0,1,Canceled,2016-06-15
City Hotel,0,178,2015,February,39,12,1,5,6,2,0,0,2,BB,PRT,Online TA,TA/TO,0,0,0,B,B,0,No Deposit,303,0,0,Transient,65.81,0,0,Check-Out,2016-06-15
City Hotel,0,189,2017,April,28,1,2,7,9,2,0,0,2,BB,GBR,Offline TA/TO,TA/TO,0,1,0,A,A,0,No Deposit,64,0,0,Transient,63.13,0,2,Check-Out,2016-06-15
Resort Hotel,1,100,2015,April,6,10,0,5,5,1,0,0,1,BB,NLD,Online TA,TA/TO,0,0,0,A,A,0,No Deposit,181,22,0,Group,128.45,0,1,Canceled,2016-06-15
City Hotel,1,43,2017,October,12,11,2,2,4,2,0,0,2,BB,NLD,Groups,TA/TO,0,0,0,F,F,0,Non Refund,256,22,0,Transient,92.7,0,0,Canceled,2016-06-15
City Hotel,0,7,2015,August,3,27,4,2,6,1,0,0,1,BB,NLD,Online TA,TA/TO,0,0,0,A,A,0,No Deposit,25,0,0,Transient,128.49,0,1,Check-Out,2016-06-15
Resort Hotel,1,139,2016,July,48,23,0,2,2,2,0,0,2,BB,NLD,Direct,TA/TO,0,0,0,D,D,0,No Deposit,167,0,0,Transient,105.16,0,0,Canceled,2016-06-15
City Hotel,0,129,2015,July,20,20,4,3,7,1,0,0,1,BB,NLD,Online TA,TA/TO,0,0,0,A,A,0,No Deposit,8,0,0,Transient,73.73,0,2,Check-Out,2016-06-15
City Hotel,0,243,2016,August,41,5,0,1,1,1,0,0,1,BB,PRT,Online TA,TA/TO,0,0,0,D,D,0,No Deposit,490,0,0,Transient-Party,130.93,0,0,Check-Out,2016-06-15
Resort Hotel,0,131,2016,September,42,13,0,7,7,2,0,0,2,SC,PRT,Online TA,Corporate,0,0,0,A,A,0,Non Refund,54,22,0,Transient,74.03,0,1,Check-Out,2016-06-15
City Hotel,0,176,2015,July,45,18,0,5,5,2,0,0,2,BB,NLD,Groups,Direct,0,1,0,A,A,0,No Deposit,125,0,0,Transient,106.52,0,0,Check-Out,2016-06-15
Resort Hotel,0,137,2016,November,8,10,4,1,5,2,0,0,2,BB,GBR,Direct,TA/TO,0,0,0,A,A,1,Non Refund,247,22,0,Transient,55.03,0,0,Check-Out,2016-06-15
Resort Hotel,1,99,2017,December,26,21,1,2,3,2,0,0,2,BB,GBR,Corporate,Direct,0,0,0,A,A,0,No Deposit,11,0,0,Transient,110.72,0,0,Canceled,2016-06-15
Resort Hotel,0,55,2016,December,38,25,1,3,4,2,0,0,2,BB,ESP,Direct,Direct,0,1,0,A,A,0,No Deposit,423,0,0,Transient-Party,156.87,0,0,Check-Out,2016-06-15
City Hotel,0,232,2017,August,28,17,0,1,1,1,0,0,1,BB,FRA,Online TA,TA/TO,0,0,0,A,A,0,No Deposit,427,0,0,Transient,37.91,0,0,Check-Out,2016-06-15
City Hotel,0,105,2017,November,35,19,0,1,1,2,0,0,2,BB,PRT,Direct,TA/TO,0,1,0,A,A,0,No Deposit,438,0,0,Transient-Party,123.05,0,1,Check-Out,2016-06-15
Resort Hotel,0,50,2017,June,44,4,2,3,5,2,0,0,2,SC,NLD,Offline TA/TO,TA/TO,0,0,0,A,A,0,No Deposit,84,22,0,Transient,75.96,0,0,Check-Out,2016-06-15
City Hotel,1,8,2017,October,41,9,1,5,6,2,0,0,2,SC,NLD,Online TA,TA/TO,0,0,0,D,D,1,No Deposit,7,0,0,Contract,139.46,0,0,Canceled,2016-06-15
City Hotel,0,34,2016,October,41,18,0,6,6,2,1,0,3,HB,BRA,Online TA,TA/TO,0,0,0,A,A,0,No Deposit,434,0,0,Transient,99.74,1,0,Check-Out,2016-06-15
Resort Hotel,1,78,2017,October,43,16,0,1,1,1,0,0,1,BB,PRT,Online TA,TA/TO,0,0,0,D,D,0,Non Refund,203,22,0,Transient,138.96,0,0,Canceled,2016-06-15
City Hotel,0,32,2017,October,38,7,0,5,5,2,0,0,2,SC,PRT,Online TA,TA/TO,0,0,0,E,E,0,No Deposit,87,0,0,Transient-Party,75.31,0,1,Check-Out,2016-06-15
City Hotel,1,25,2017,June,2,25,1,3,4,2,0,0,2,BB,GBR,Online TA,TA/TO,0,0,0,A,A,0,No Deposit,186,0,0,Transient,103.44,0,0,Canceled,2016-06-15
City Hotel,0,74,2015,March,7,12,2,1,3,2,0,0,2,BB,ESP,Groups,TA/TO,0,0,0,A,A,1,No Deposit,486,22,0,Transient,87.28,0,1,Check-Out,2016-06-15
City Hotel,0,18,2017,May,41,26,1,3,4,2,0,0,2,BB,DEU,Online TA,TA/TO,0,0,0,A,A,0,No Deposit,44,0,0,Transient,111.88,0,0,Check-Out,2016-06-15
City Hotel,1,161,2017,September,25,4,0,7,7,1,0,0,1,BB,PRT,Offline TA/TO,TA/TO,0,0,0,G,G,0,No Deposit,285,0,0,Transient,112.34,0,0,Canceled,2016-06-15
City Hotel,0,66,2017,April,51,21,0,2,2,2,0,0,2,BB,NLD,Online TA,TA/TO,0,0,1,D,B,1,No Deposit,343,22,0,Transient-Party,171.62,0,0,Check-Out,2016-06-15
City Hotel,0,85,2015,June,50,28,0,2,2,4,0,0,4,BB,FRA,Direct,TA/TO,0,0,0,D,D,1,No Deposit,448,22,0,Transient,139.84,0,0,Check-Out,2016-06-15
City Hotel,0,15,2016,July,32,12,2,3,5,2,0,0,2,HB,GBR,Online TA,TA/TO,0,0,0,E,E,0,No Deposit,298,0,0,Transient,110.52,0,0,Check-Out,2016-06-15
Resort Hotel,1,39,2017,July,12,12,1,1,2,2,0,0,2,BB,PRT,Corporate,TA/TO,0,0,0,G,G,0,No Deposit,129,22,0,Transient-Party,156.09,0,1,Canceled,2016-06-15
City Hotel,0,52,2016,November,11,26,0,4,4,2,0,0,2,BB,NLD,Online TA,TA/TO,0,0,0,E,E,0,Non Refund,127,22,0,Transient,116.88,0,1,Check-Out,2016-06-15
City Hotel,1,165,2016,August,10,4,0,3,3,2,0,0,2,BB,FRA,Online TA,TA/TO,0,0,0,A,A,0,No Deposit,305,22,0,Transient-Party,146.42,0,1,Canceled,2016-06-15
Resort Hotel,0,147,2017,September,35,12,1,4,5,1,0,0,1,SC,PRT,Direct,Corporate,0,0,0,B,A,1,No Deposit,188,22,0,Transient-Party,117.12,0,1,Check-Out,2016-06-15
Resort Hotel,0,25,2015,July,44,23,1,1,2,2,0,0,2,BB,DEU,Online TA,TA/TO,0,0,0,A,C,1,No Deposit,47,22,0,Transient,81.85,0,0,Check-Out,2016-06-15
City Hotel,1,95,2016,October,4,8,0,4,4,1,0,0,1,BB,GBR,Direct,TA/TO,0,0,0,D,D,1,No Deposit,16,22,0,Transient-Party,131.16,0,0,Canceled,2016-06-15
City Hotel,0,27,2016,April,42,24,1,2,3,2,0,0,2,BB,NLD,Corporate,TA/TO,0,0,0,A,A,1,No Deposit,238,22,0,Transient-Party,90.99,0,0,Check-Out,2016-06-15
City Hotel,0,444,2016,March,2,3,1,1,2,2,0,0,2,SC,ESP,Online TA,TA/TO,0,0,0,D,D,1,No Deposit,353,0,0,Transient,53.39,0,1,Check-Out,2016-06-15
City Hotel,1,303,2016,November,44,16,2,5,7,2,0,0,2,BB,PRT,Offline TA/TO,TA/TO,0,0,0,A,A,1,No Deposit,432,22,0,Transient-Party,80.16,0,1,Canceled,2016-06-15
Resort Hotel,1,82,2016,August,28,2,2,3,5,2,2,0,4,BB,BRA,Online TA,TA/TO,0,0,0,D,D,1,No Deposit,195,0,0,Transient,69.74,0,2,Canceled,2016-06-15
City Hotel,1,120,2015,August,43,6,0,1,1,1,0,0,1,BB,PRT,Groups,Direct,0,0,0,A,A,0,No Deposit,161,22,0,Transient,81.92,1,0,Canceled,2016-06-15
Resort Hotel,0,161,2016,June,46,28,2,1,3,2,0,0,2,BB,GBR,Online TA,TA/TO,0,0,0,A,A,0,No Deposit,43,22,0,Transient,158.32,0,0,Check-Out,2016-06-15
City Hotel,0,127,2017,May,47,17,2,2,4,3,0,0,3,BB,NLD,Groups,TA/TO,0,0,0,A,A,0,No Deposit,3,22,0,Transient,90.1,0,0,Check-Out,2016-06-15
City Hotel,1,120,2016,July,14,12,0,6,6,2,1,0,3,HB,PRT,Groups,TA/TO,0,0,0,A,A,0,No Deposit,368,0,0,Transient-Party,131.41,0,2,Canceled,2016-06-15
City Hotel,0,318,2016,February,44,9,2,5,7,1,0,0,1,SC,NLD,Offline TA/TO,TA/TO,0,0,0,D,D,0,No Deposit,219,22,0,Transient-Party,114.58,0,0,Check-Out,2016-06-15
City Hotel,1,90,2015,June,29,16,1,2,3,2,0,0,2,BB,IRL,Online TA,TA/TO,0,0,0,E,E,1,No Deposit,3,0,0,Contract,116.54,0,1,Canceled,2016-06-15
Resort Hotel,0,101,2017,June,2,7,2,2,4,2,2,0,4,BB,PRT,Offline TA/TO,TA/TO,1,0,0,A,A,2,Non Refund,449,0,0,Transient,105.27,0,0,Check-Out,2016-06-15
City Hotel,1,189,2017,July,34,8,0,2,2,1,0,0,1,SC,PRT,Online TA,Direct,0,1,0,A,F,0,No Deposit,8,22,0,Transient,83.28,0,0,Canceled,2016-06-15
City Hotel,1,110,2016,August,33,7,1,3,4,2,0,0,2,BB,ESP,Online TA,TA/TO,0,0,0,A,A,0,No Deposit,252,0,0,Transient-Party,129.84,0,1,Canceled,2016-06-15
City Hotel,1,132,2016,November,20,21,3,1,4,1,2,0,3,BB,GBR,Direct,TA/TO,0,1,0,A,A,2,No Deposit,416,22,0,Transient,105.44,0,0,Canceled,2016-06-15
City Hotel,0,26,2016,August,47,5,0,2,2,2,0,0,2,HB,PRT,Online TA,TA/TO,0,0,0,D,D,0,No Deposit,83,22,0,Transient,147.52,0,0,Check-Out,2016-06-15
City Hotel,0,46,2017,October,30,23,1,3,4,1,0,0,1,BB,DEU,Online TA,TA/TO,0,0,0,A,A,1,Non Refund,188,22,0,Transient,85.97,0,0,Check-Out,2016-06-15
City Hotel,1,15,2016,July,42,7,2,5,7,2,0,0,2,BB,PRT,Online TA,TA/TO,0,0,0,A,A,0,No Deposit,20,0,0,Transient,131.84,0,2,Canceled,2016-06-15
Resort Hotel,0,70,2016,August,26,18,1,3,4,4,0,0,4,HB,PRT,Direct,TA/TO,0,0,0,A,A,0,Non Refund,77,0,0,Transient,147.23,0,0,Check-Out,2016-06-15
Resort Hotel,0,60,2017,February,20,18,2,6,8,2,0,0,2,BB,PRT,Groups,TA/TO,0,0,3,A,A,1,No Deposit,108,0,0,Transient,55.47,0,2,Check-Out,2016-06-15
City Hotel,1,586,2017,March,1,16,1,6,7,2,0,0,2,HB,PRT,Online TA,TA/TO,0,0,0,A,A,0,No Deposit,62,22,0,Transient-Party,103.68,0,0,Canceled,2016-06-15
City Hotel,1,94,2015,July,1,7,0,3,3,2,0,0,2,SC,PRT,Online TA,TA/TO,0,0,0,A,A,0,No Deposit,458,22,0,Transient,96.04,0,1,Canceled,2016-06-15
Resort Hotel,0,154,2017,May,25,21,1,2,3,2,0,0,2,BB,NLD,Online TA,TA/TO,0,0,0,A,A,0,No Deposit,403,22,0,Transient-Party,125.69,0,0,Check-Out,2016-06-15
Resort Hotel,0,40,2016,September,33,2,0,3,3,2,0,0,2,BB,ESP,Offline TA/TO,TA/TO,0,0,0,A,E,1,No Deposit,188,22,0,Transient-Party,91.01,0,0,Check-Out,2016-06-15
Resort Hotel,0,178,2017,July,23,17,0,1,1,2,0,0,2,SC,FRA,Online TA,TA/TO,0,0,0,B,B,0,No Deposit,469,0,0,Transient,154.74,0,1,Check-Out,2016-06-15
City Hotel,0,95,2016,October,11,25,1,2,3,2,1,0,3,HB,IRL,Corporate,TA/TO,0,1,0,D,G,2,Non Refund,383,0,0,Transient-Party,83.33,0,1,Check-Out,2016-06-15
City Hotel,0,119,2016,December,44,27,0,4,4,1,0,0,1,BB,PRT,Offline TA/TO,TA/TO,0,0,0,A,A,0,No Deposit,109,22,0,Transient-Party,70.25,0,1,Check-Out,2016-06-15
City Hotel,0,34,2016,March,15,8,0,5,5,2,0,0,2,BB,NLD,Direct,TA/TO,0,0,0,A,A,0,No Deposit,327,22,0,Transient,59.78,0,1,Check-Out,2016-06-15
City Hotel,1,79,2016,May,14,2,0,2,2,2,0,0,2,BB,PRT,Groups,TA/TO,0,0,0,A,A,0,No Deposit,111,0,0,Transient-Party,81.69,0,2,Canceled,2016-06-15
City Hotel,0,100,2015,August,1,18,1,2,3,2,0,0,2,BB,NLD,Online TA,Corporate,0,0,0,A,A,3,No Deposit,111,22,0,Group,77.37,0,0,Check-Out,2016-06-15
City Hotel,1,88,2016,May,33,19,1,2,3,2,0,0,2,BB,PRT,Online TA,TA/TO,0,0,0,D,D,0,No Deposit,90,0,0,Transient,110.8,0,2,Canceled,2016-06-15
City Hotel,1,246,2016,April,6,20,1,2,3,2,0,0,2,BB,PRT,Online TA,TA/TO,0,0,0,A,A,1,Non Refund,245,22,0,Transient,71.78,0,0,Canceled,2016-06-15
City Hotel,1,228,2016,September,23,9,0,2,2,1,0,0,1,BB,NLD,Corporate,TA/TO,0,1,0,A,A,0,No Deposit,435,22,0,Transient-Party,84.41,0,0,Canceled,2016-06-15
City Hotel,0,353,2017,December,26,12,0,3,3,2,0,0,2,BB,PRT,Online TA,Corporate,0,0,0,D,G,0,No Deposit,5,0,0,Transient,129.26,0,0,Check-Out,2016-06-15
City Hotel,1,110,2016,September,3,22,0,4,4,2,0,0,2,SC,PRT,Groups,TA/TO,0,0,0,A,A,0,Non Refund,58,0,0,Transient,121.3,0,3,Canceled,2016-06-15
Resort Hotel,1,357,2016,July,46,19,0,7,7,3,0,0,3,BB,PRT,Offline TA/TO,TA/TO,0,0,0,B,B,0,No Deposit,307,0,0,Transient-Party,92.4,0,2,Canceled,2016-06-15
City Hotel,0,178,2015,June,6,8,1,2,3,2,0,0,2,BB,ESP,Groups,TA/TO,0,0,0,A,A,2,No Deposit,57,22,0,Transient,75.57,0,3,Check-Out,2016-06-15
Resort Hotel,0,31,2016,July,40,22,0,1,1,1,0,0,1,HB,PRT,Online TA,TA/TO,0,0,0,A,A,0,No Deposit,179,22,0,Contract,130.34,0,1,Check-Out,2016-06-15
City Hotel,0,55,2016,June,52,8,1,3,4,2,0,0,2,BB,DEU,Direct,TA/TO,0,0,0,A,A,0,Non Refund,404,22,0,Transient,17.19,0,0,Check-Out,2016-06-15
Resort Hotel,1,27,2016,July,25,10,1,2,3,2,0,0,2,BB,PRT,Corporate,TA/TO,0,0,0,A,D,0,No Deposit,345,22,0,Transient,164.22,0,1,Canceled,2016-06-15
Resort Hotel,0,0,2016,March,47,28,0,4,4,1,0,0,1,BB,GBR,Offline TA/TO,TA/TO,0,0,0,A,A,0,No Deposit,223,22,0,Transient,72.5,0,0,Check-Out,2016-06-15
City Hotel,1,20,2015,October,17,18,0,1,1,1,0,0,1,BB,GBR,Online TA,TA/TO,0,0,0,A,A,0,No Deposit,414,0,0,Transient,105.73,1,0,Canceled,2016-06-15
Resort Hotel,0,0,2017,September,28,15,2,3,5,3,0,0,3,BB,ESP,Direct,TA/TO,0,0,0,A,B,1,No Deposit,60,22,0,Transient,154.83,0,0,Check-Out,2016-06-15
City Hotel,0,127,2016,August,32,24,1,2,3,2,0,0,2,BB,PRT,Offline TA/TO,Direct,0,0,0,A,A,0,Refundable,84,22,0,Transient,56.37,0,2,Check-Out,2016-06-15
Resort Hotel,0,55,2016,November,29,11,2,2,4,2,0,0,2,HB,NLD,Offline TA/TO,Direct,0,0,2,A,A,0,No Deposit,400,0,0,Transient,83.19,0,2,Check-Out,2016-06-15
City Hotel,1,37,2015,April,23,21,0,3,3,2,0,0,2,BB,PRT,Direct,TA/TO,0,1,0,A,A,0,No Deposit,428,22,0,Contract,87.11,0,0,Canceled,2016-06-15
City Hotel,0,143,2017,February,41,26,2,3,5,2,1,0,3,BB,IRL,Groups,TA/TO,0,0,0,A,A,0,No Deposit,282,22,0,Transient,124.85,0,2,Check-Out,2016-06-15
City Hotel,0,178,2015,September,16,14,0,5,5,2,0,0,2,BB,GBR,Direct,TA/TO,0,0,0,D,D,1,Non Refund,2,22,0,Transient-Party,98.66,0,0,Check-Out,2016-06-15
Resort Hotel,0,370,2017,December,32,15,0,1,1,2,0,0,2,BB,ESP,Corporate,TA/TO,0,0,0,A,A,0,No Deposit,347,0,0,Transient-Party,132.02,0,0,Check-Out,2016-06-15
Resort Hotel,1,102,2016,July,26,14,0,2,2,2,0,0,2,HB,PRT,Online TA,TA/TO,0,0,0,E,E,0,No Deposit,58,0,0,Transient-Party,64.06,0,2,Canceled,2016-06-15
Resort Hotel,0,61,2016,January,33,12,0,2,2,2,0,0,2,BB,PRT,Online TA,TA/TO,0,0,0,A,A,1,No Deposit,486,22,0,Transient,104.19,0,2,Check-Out,2016-06-15
Resort Hotel,0,36,2017,September,48,4,1,2,3,3,0,0,3,FB,NLD,Online TA,TA/TO,0,1,0,A,A,0,No Deposit,37,22,30,Transient,107.91,0,0,Check-Out,2016-06-15
City Hotel,0,25,2017,February,19,3,0,3,3,2,0,0,2,BB,ESP,Corporate,TA/TO,0,0,0,A,A,0,No Deposit,261,22,0,Transient,69.82,0,2,Check-Out,2016-06-15
City Hotel,1,23,2016,July,41,12,1,1,2,2,0,0,2,HB,FRA,Online TA,TA/TO,0,0,0,A,A,0,No Deposit,318,0,0,Transient,111.13,0,0,Canceled,2016-06-15
City Hotel,1,52,2016,April,17,25,0,2,2,1,0,0,1,BB,DEU,Offline TA/TO,TA/TO,0,0,0,E,E,1,No Deposit,284,0,0,Transient-Party,130.62,0,1,Canceled,2016-06-15
City Hotel,0,480,2016,November,38,26,0,2,2,3,0,0,3,BB,PRT,Online TA,TA/TO,0,0,0,A,G,2,No Deposit,182,22,0,Transient,128.54,0,0,Check-Out,2016-06-15
City Hotel,0,0,2017,June,14,7,2,7,9,1,0,0,1,FB,NLD,Groups,Direct,0,0,0,E,E,2,No Deposit,459,22,0,Transient,89.21,0,1,Check-Out,2016-06-15
City Hotel,1,21,2016,October,18,7,1,5,6,3,0,0,3,BB,PRT,Offline TA/TO,TA/TO,0,0,0,A,A,0,No Deposit,174,22,0,Transient,60.94,0,2,Canceled,2016-06-15
Resort Hotel,0,20,2016,April,21,22,1,4,5,2,0,0,2,BB,ESP,Offline TA/TO,Direct,0,0,0,A,A,0,No Deposit,278,22,0,Transient-Party,47.36,0,1,Check-Out,2016-06-15
City Hotel,0,126,2015,May,46,25,0,2,2,2,0,0,2,BB,PRT,Offline TA/TO,GDS,0,0,0,D,D,0,Non Refund,269,0,0,Transient-Party,116.48,0,0,Check-Out,2016-06-15
City Hotel,0,43,2016,November,39,19,0,2,2,2,0,0,2,SC,ESP,Online TA,TA/TO,0,0,2,A,A,0,No Deposit,249,0,0,Transient,113.12,0,0,Check-Out,2016-06-15
City Hotel,0,61,2016,March,42,14,1,1,2,2,0,0,2,BB,FRA,Direct,TA/TO,0,0,0,A,B,0,No Deposit,378,0,0,Transient-Party,101.71,0,1,Check-Out,2016-06-15
Resort Hotel,0,16,2016,July,48,1,2,1,3,4,0,0,4,Undefined,PRT,Online TA,TA/TO,0,0,0,A,A,0,Non Refund,300,0,0,Transient,123.65,0,0,Check-Out,2016-06-15
City Hotel,0,51,2016,May,39,7,0,5,5,3,0,0,3,BB,PRT,Online TA,TA/TO,0,0,0,D,D,0,No Deposit,322,22,0,Transient,73.82,0,1,Check-Out,2016-06-15
City Hotel,0,10,2015,September,28,25,1,2,3,2,0,0,2,HB,PRT,Online TA,TA/TO,0,0,0,A,A,0,No Deposit,403,22,0,Transient-Party,7.46,0,0,Check-Out,2016-06-15
City Hotel,1,76,2016,February,20,22,2,7,9,1,0,0,1,BB,PRT,Online TA,Direct,0,0,0,D,D,0,No Deposit,452,0,0,Contract,114.34,0,2,Canceled,2016-06-15
City Hotel,1,10,2016,June,6,10,2,3,5,2,0,0,2,BB,DEU,Groups,TA/TO,0,0,0,A,A,1,No Deposit,372,0,0,Transient-Party,152.04,0,0,Canceled,2016-06-15
City Hotel,1,156,2016,August,26,18,4,2,6,2,0,0,2,SC,IRL,Groups,TA/TO,0,0,0,A,A,0,No Deposit,194,22,0,Transient-Party,29.02,0,1,Canceled,2016-06-15
City Hotel,0,83,2015,June,6,13,2,2,4,2,0,0,2,BB,ESP,Online TA,TA/TO,0,0,0,A,A,1,No Deposit,28,0,0,Transient,76.17,0,1,Check-Out,2016-06-15
Resort Hotel,1,128,2015,January,39,8,0,5,5,1,0,0,1,BB,PRT,Offline TA/TO,TA/TO,0,0,0,A,A,0,No Deposit,196,22,0,Transient-Party,141.2,0,0,Canceled,2016-06-15
City Hotel,0,54,2015,August,26,9,2,2,4,2,0,0,2,BB,NLD,Offline TA/TO,TA/TO,0,0,0,A,A,0,Non Refund,297,0,0,Transient,212.34,0,0,Check-Out,2016-06-15
Resort Hotel,1,48,2017,July,17,26,2,1,3,1,0,0,1,BB,IRL,Direct,TA/TO,0,0,0,A,A,3,No Deposit,104,22,0,Transient,75.05,0,2,Canceled,2016-06-15
City Hotel,1,10,2016,January,40,15,1,2,3,2,0,0,2,BB,PRT,Offline TA/TO,TA/TO,0,0,0,D,B,0,No Deposit,268,22,0,Transient,68.46,0,2,Canceled,2016-06-15
City Hotel,0,74,2015,July,2,8,0,3,3,2,1,0,3,BB,ITA,Offline TA/TO,TA/TO,0,0,0,A,A,0,No Deposit,474,22,0,Transient,138.23,0,0,Check-Out,2016-06-15
Resort Hotel,1,72,2016,November,51,25,1,1,2,2,0,0,2,BB,PRT,Online TA,Direct,0,0,0,A,A,1,No Deposit,71,0,0,Transient,26.3,0,2,Canceled,2016-06-15
City Hotel,0,63,2016,February,21,1,0,1,1,2,0,0,2,HB,NLD,Online TA,TA/TO,0,0,0,A,A,0,No Deposit,469,22,0,Transient,101.27,0,2,Check-Out,2016-06-15
Resort Hotel,0,134,2016,July,7,3,1,2,3,2,0,0,2,BB,FRA,Online TA,TA/TO,0,0,0,A,A,1,No Deposit,31,0,0,Transient-Party,148.61,0,0,Check-Out,2016-06-15
City Hotel,1,178,2016,August,44,19,2,1,3,2,0,0,2,HB,GBR,Groups,TA/TO,0,1,0,A,A,0,No Deposit,414,22,0,Transient,90.22,0,0,Canceled,2016-06-15
City Hotel,0,138,2016,February,20,9,1,2,3,2,1,0,3,BB,PRT,Offline TA/TO,TA/TO,0,1,0,D,D,0,No Deposit,300,22,0,Transient-Party,146.16,0,0,Check-Out,2016-06-15
City Hotel,0,15,2016,January,3,19,2,2,4,2,0,0,2,SC,DEU,Online TA,TA/TO,0,0,0,D,D,0,No Deposit,435,0,0,Transient,102.72,0,0,Check-Out,2016-06-15
Resort Hotel,1,97,2015,June,36,15,1,2,3,2,0,0,2,HB,NLD,Online TA,Direct,0,0,0,A,A,0,No Deposit,492,22,0,Transient,121.6,0,0,Canceled,2016-06-15
City Hotel,0,8,2017,September,43,14,1,2,3,4,0,0,4,SC,PRT,Corporate,TA/TO,1,0,0,A,A,0,No Deposit,460,0,0,Transient,64.64,0,0,Check-Out,2016-06-15
City Hotel,0,118,2017,March,44,26,2,1,3,1,0,0,1,BB,PRT,Online TA,TA/TO,0,0,0,A,D,0,No Deposit,36,22,0,Transient,92.25,0,0,Check-Out,2016-06-15
Resort Hotel,0,48,2017,October,51,1,1,2,3,2,0,0,2,SC,NLD,Offline TA/TO,TA/TO,0,0,0,D,D,0,No Deposit,17,22,0,Transient,112.9,0,0,Check-Out,2016-06-15
City Hotel,0,14,2015,August,19,3,2,2,4,2,0,0,2,BB,DEU,Direct,TA/TO,0,0,0,D,D,0,No Deposit,187,22,0,Transient,133.72,0,0,Check-Out,2016-06-15
Resort Hotel,0,198,2017,May,30,2,1,4,5,2,0,1,3,BB,NLD,Offline TA/TO,TA/TO,0,0,0,A,A,0,No Deposit,310,22,0,Transient-Party,100.22,0,0,Check-Out,2016-06-15
City Hotel,1,95,2017,July,11,25,1,3,4,2,0,0,2,BB,ESP,Offline TA/TO,TA/TO,0,0,0,A,A,0,No Deposit,178,0,0,Transient,66.14,0,0,Canceled,2016-06-15
Resort Hotel,0,43,2017,December,13,1,2,5,7,1,0,0,1,HB,FRA,Groups,TA/TO,0,1,0,A,A,0,No Deposit,118,0,0,Transient,119.13,0,1,Check-Out,2016-06-15
City Hotel,1,3,2016,April,33,27,0,3,3,2,0,0,2,BB,PRT,Online TA,TA/TO,0,0,0,A,A,0,No Deposit,207,22,0,Transient,54.79,0,1,Canceled,2016-06-15
City Hotel,0,77,2017,June,38,18,1,1,2,2,1,0,3,SC,PRT,Online TA,TA/TO,0,0,0,E,E,0,No Deposit,68,0,0,Transient,107.79,0,0,Check-Out,2016-06-15
Resort Hotel,0,256,2015,August,48,1,0,2,2,1,0,0,1,BB,FRA,Online TA,TA/TO,0,0,0,A,A,0,No Deposit,186,0,0,Transient-Party,107.31,0,2,Check-Out,2016-06-15
Resort Hotel,0,90,2016,March,2,9,2,3,5,2,0,0,2,BB,NLD,Online TA,TA/TO,0,0,0,D,D,0,Non Refund,80,22,0,Transient,116.99,0,0,Check-Out,2016-06-15
Resort Hotel,1,356,2016,January,46,7,2,4,6,2,0,0,2,SC,PRT,Online TA,TA/TO,0,0,0,A,A,0,No Deposit,328,22,0,Transient,95.55,0,0,Canceled,2016-06-15
City Hotel,1,14,2017,January,23,13,0,1,1,2,0,0,2,SC,NLD,Groups,TA/TO,0,0,0,A,A,1,No Deposit,185,22,0,Transient,137.2,0,0,Canceled,2016-06-15
Resort Hotel,0,84,2017,May,50,17,0,1,1,1,0,0,1,BB,NLD,Offline TA/TO,TA/TO,0,0,0,A,A,0,No Deposit,400,22,0,Transient,132.97,0,1,Check-Out,2016-06-15
City Hotel,0,160,2016,February,49,13,1,5,6,2,0,0,2,BB,DEU,Online TA,TA/TO,0,1,0,A,A,0,No Deposit,420,0,0,Transient,138.1,0,0,Check-Out,2016-06-15
Resort Hotel,0,74,2016,September,20,13,4,2,6,2,0,0,2,BB,NLD,Online TA,TA/TO,0,0,0,A,A,0,No Deposit,385,0,0,Transient-Party,158.28,0,1,Check-Out,2016-06-15
Resort Hotel,0,9,2015,December,50,10,0,2,2,2,0,0,2,BB,ESP,Online TA,TA/TO,0,0,2,D,B,0,No Deposit,57,22,0,Transient,110.18,0,0,Check-Out,2016-06-15
City Hotel,0,87,2016,February,51,28,1,2,3,2,0,0,2,FB,GBR,Groups,Corporate,0,2,1,A,A,0,No Deposit,431,0,0,Transient,115.1,0,0,Check-Out,2016-06-15
Resort Hotel,1,94,2016,June,30,6,0,1,1,2,0,0,2,BB,ESP,Online TA,TA/TO,0,0,0,A,A,0,Non Refund,190,22,0,Contract,189.91,0,0,Canceled,2016-06-15
City Hotel,0,130,2015,January,15,5,2,3,5,2,0,0,2,BB,NLD,Online TA,TA/TO,0,0,0,C,C,0,No Deposit,206,22,0,Transient,73.5,0,1,Check-Out,2016-06-15
City Hotel,0,143,2017,March,2,10,1,4,5,2,0,0,2,BB,NLD,Groups,TA/TO,0,0,0,A,A,0,No Deposit,358,22,0,Transient,87.6,0,0,Check-Out,2016-06-15
City Hotel,0,147,2015,May,30,14,1,4,5,2,0,0,2,BB,NLD,Corporate,TA/TO,0,0,0,A,F,0,No Deposit,461,22,0,Transient,133.49,0,0,Check-Out,2016-06-15
City Hotel,0,108,2016,May,25,11,0,1,1,2,0,0,2,BB,PRT,Online TA,TA/TO,0,0,0,A,A,1,No Deposit,85,22,0,Transient,125.75,0,1,Check-Out,2016-06-15
City Hotel,1,24,2017,November,4,5,1,3,4,2,0,0,2,BB,ESP,Groups,TA/TO,0,0,0,A,A,0,No Deposit,341,22,0,Transient-Party,87.06,0,1,Canceled,2016-06-15
Resort Hotel,1,51,2017,May,1,4,0,1,1,2,0,0,2,BB,FRA,Online TA,Direct,0,0,0,A,A,0,Non Refund,43,0,0,Transient,131.12,0,0,Canceled,2016-06-15
Resort Hotel,0,149,2017,June,8,3,1,6,7,1,0,0,1,SC,FRA,Groups,TA/TO,0,0,0,A,A,0,Non Refund,113,22,0,Transient,102.43,0,1,Check-Out,2016-06-15
Resort Hotel,1,306,2015,April,52,14,1,2,3,2,0,0,2,BB,GBR,Corporate,TA/TO,0,0,0,E,E,2,No Deposit,448,0,0,Transient,137.47,0,3,Canceled,2016-06-15
City Hotel,1,8,2017,January,14,13,1,4,5,2,0,0,2,BB,PRT,Offline TA/TO,TA/TO,0,0,0,A,A,0,No Deposit,384,0,0,Transient,110.9,0,1,Canceled,2016-06-15
Resort Hotel,0,76,2016,October,11,24,2,3,5,2,0,0,2,BB,NLD,Online TA,TA/TO,0,0,0,B,B,1,No Deposit,42,0,0,Transient-Party,77.36,0,0,Check-Out,2016-06-15
City Hotel,0,37,2017,February,24,23,0,6,6,2,0,0,2,BB,NLD,Groups,TA/TO,0,0,0,A,A,0,No Deposit,37,22,0,Transient,90.87,1,0,Check-Out,2016-06-15
City Hotel,0,25,2017,December,24,5,0,7,7,1,0,0,1,BB,PRT,Direct,TA/TO,0,0,0,A,A,0,No Deposit,23,0,0,Transient,163.22,0,2,Check-Out,2016-06-15
City Hotel,0,70,2017,March,32,12,2,2,4,2,0,0,2,BB,DEU,Online TA,TA/TO,0,0,0,A,A,0,No Deposit,464,22,0,Transient-Party,75.4,0,1,Check-Out,2016-06-15
City Hotel,0,93,2015,July,25,25,2,2,4,2,0,0,2,HB,ESP,Offline TA/TO,Direct,0,0,0,A,A,0,No Deposit,435,0,0,Transient,96.63,0,0,Check-Out,2016-06-15
Resort Hotel,0,0,2016,December,46,28,0,2,2,2,0,1,3,BB,NLD,Online TA,TA/TO,0,0,1,D,D,0,No Deposit,204,22,0,Transient,121.86,0,1,Check-Out,2016-06-15
City Hotel,1,151,2017,March,28,23,0,1,1,2,0,0,2,HB,IRL,Online TA,TA/TO,0,0,0,D,D,0,No Deposit,448,0,0,Transient,51.99,0,1,Canceled,2016-06-15
City Hotel,0,171,2017,June,16,10,1,5,6,2,0,0,2,BB,BRA,Online TA,TA/TO,0,0,0,A,A,0,No Deposit,285,22,0,Contract,119.67,1,0,Check-Out,2016-06-15
Resort Hotel,1,336,2015,September,42,2,0,2,2,2,0,0,2,BB,NLD,Groups,TA/TO,0,0,0,C,C,1,No Deposit,452,22,0,Contract,0.0,0,0,Canceled,2016-06-15
Resort Hotel,0,19,2017,January,39,7,3,1,4,1,0,0,1,BB,ITA,Online TA,TA/TO,0,0,0,A,A,0,No Deposit,124,22,0,Transient,60.82,0,1,Check-Out,2016-06-15
City Hotel,1,90,2015,August,16,7,1,1,2,1,0,0,1,BB,FRA,Online TA,TA/TO,0,0,0,A,A,1,No Deposit,382,0,0,Transient,112.62,0,0,Canceled,2016-06-15
City Hotel,0,55,2016,February,36,4,2,2,4,2,0,0,2,BB,PRT,Offline TA/TO,TA/TO,0,0,0,A,A,0,No Deposit,364,22,0,Transient-Party,113.32,0,0,Check-Out,2016-06-15
City Hotel,1,40,2016,April,12,12,2,5,7,2,0,0,2,BB,NLD,Offline TA/TO,TA/TO,1,0,0,A,A,0,No Deposit,309,22,0,Transient,116.94,0,0,Canceled,2016-06-15
City Hotel,0,83,2015,March,12,28,1,3,4,2,0,0,2,BB,ESP,Direct,TA/TO,0,0,0,D,D,0,No Deposit,185,0,0,Transient,95.47,0,1,Check-Out,2016-06-15
City Hotel,0,152,2015,October,34,24,1,1,2,2,0,0,2,BB,ITA,Online TA,TA/TO,0,0,0,C,C,0,No Deposit,179,0,5,Transient,116.02,0,0,Check-Out,2016-06-15
City Hotel,0,2,2017,March,38,4,1,2,3,3,0,0,3,SC,FRA,Groups,TA/TO,0,0,0,A,A,0,No Deposit,419,0,5,Transient,121.55,1,0,Check-Out,2016-06-15
City Hotel,0,348,2016,January,20,7,2,7,9,1,0,0,1,BB,GBR,Offline TA/TO,TA/TO,0,0,0,A,A,0,No Deposit,360,22,0,Transient,110.58,0,0,Check-Out,2016-06-15
Resort Hotel,0,166,2015,July,47,20,1,1,2,2,0,0,2,BB,FRA,Groups,TA/TO,0,0,0,G,G,0,No Deposit,489,0,0,Transient,81.39,0,2,Check-Out,2016-06-15
City Hotel,0,139,2017,May,15,13,0,7,7,2,1,0,3,BB,PRT,Online TA,TA/TO,0,1,0,A,A,0,Non Refund,37,0,0,Transient,90.88,0,0,Check-Out,2016-06-15
City Hotel,0,142,2017,June,22,8,1,5,6,2,0,0,2,BB,NLD,Online TA,Corporate,0,0,0,A,A,0,No Deposit,377,0,0,Transient-Party,73.19,0,0,Check-Out,2016-06-15
City Hotel,0,49,2016,February,16,14,1,3,4,2,0,0,2,HB,PRT,Online TA,TA/TO,0,0,0,A,A,1,No Deposit,78,22,0,Transient,76.55,0,1,Check-Out,2016-06-15
City Hotel,1,139,2015,September,24,3,0,6,6,2,0,0,2,BB,PRT,Groups,TA/TO,0,0,0,A,A,0,No Deposit,276,0,0,Transient,105.95,0,0,Canceled,2016-06-15
City Hotel,0,48,2015,July,3,2,0,1,1,2,0,0,2,BB,PRT,Offline TA/TO,Direct,0,0,0,A,A,0,No Deposit,431,22,0,Transient,110.08,0,0,Check-Out,2016-06-15
City Hotel,1,228,2017,May,1,10,0,6,6,1,0,0,1,BB,NLD,Corporate,Direct,0,0,0,A,A,0,No Deposit,318,0,0,Transient,118.65,0,1,Canceled,2016-06-15
City Hotel,0,19,2016,March,44,6,2,1,3,2,0,0,2,BB,PRT,Online TA,TA/TO,0,0,0,A,A,0,No Deposit,288,22,0,Transient,41.66,0,0,Check-Out,2016-06-15
City Hotel,0,34,2016,July,47,23,0,2,2,1,0,0,1,BB,GBR,Offline TA/TO,TA/TO,0,0,3,A,A,0,No Deposit,472,22,0,Transient,162.36,0,0,Check-Out,2016-06-15
City Hotel,0,80,2017,September,51,7,0,2,2,2,0,0,2,BB,GBR,Groups,TA/TO,0,0,0,D,D,0,No Deposit,152,22,0,Transient-Party,96.04,0,0,Check-Out,2016-06-15
Resort Hotel,0,38,2016,May,38,16,1,2,3,2,0,0,2,BB,PRT,Online TA,TA/TO,0,0,0,E,E,0,No Deposit,316,22,0,Transient,36.98,0,1,Check-Out,2016-06-15
City Hotel,0,55,2015,January,51,6,2,2,4,1,0,0,1,BB,NLD,Direct,TA/TO,0,1,0,A,A,1,No Deposit,23,22,0,Transient,49.19,0,0,Check-Out,2016-06-15
Resort Hotel,1,67,2017,April,17,16,0,4,4,2,0,0,2,BB,NLD,Direct,Direct,0,0,0,E,E,0,Non Refund,423,0,0,Transient,117.93,0,1,Canceled,2016-06-15
City Hotel,1,194,2016,August,41,27,1,3,4,2,0,0,2,BB,BRA,Direct,TA/TO,0,0,0,D,D,0,No Deposit,69,22,30,Transient-Party,129.1,0,0,Canceled,2016-06-15
City Hotel,1,74,2016,December,21,24,0,6,6,2,0,0,2,BB,PRT,Offline TA/TO,TA/TO,0,0,0,A,A,0,Non Refund,479,0,0,Transient,67.72,1,0,Canceled,2016-06-15
City Hotel,0,45,2017,January,45,12,0,2,2,2,0,0,2,BB,PRT,Offline TA/TO,TA/TO,0,0,0,A,A,1,No Deposit,499,0,0,Transient,134.64,0,1,Check-Out,2016-06-15
City Hotel,0,28,2017,May,47,22,0,2,2,2,0,0,2,SC,PRT,Online TA,TA/TO,0,0,0,A,A,0,No Deposit,305,22,0,Transient,181.12,0,0,Check-Out,2016-06-15
City Hotel,1,52,2016,February,48,15,1,5,6,2,0,0,2,SC,GBR,Online TA,TA/TO,0,0,0,F,F,0,No Deposit,143,0,0,Transient-Party,64.59,0,0,Canceled,2016-06-15
City Hotel,0,72,2016,May,13,22,2,5,7,2,1,0,3,BB,FRA,Direct,TA/TO,0,0,0,A,A,0,No Deposit,209,22,0,Transient,28.47,0,0,Check-Out,2016-06-15
City Hotel,0,137,2017,June,2,3,0,3,3,2,0,0,2,HB,PRT,Online TA,GDS,0,0,0,A,A,0,No Deposit,399,0,0,Transient,72.95,1,0,Check-Out,2016-06-15
City Hotel,1,12,2016,November,2,28,0,4,4,1,0,0,1,HB,FRA,Groups,TA/TO,0,0,0,A,A,0,No Deposit,281,0,0,Transient,86.29,0,0,Canceled,2016-06-15
Resort Hotel,0,25,2016,February,43,16,0,2,2,3,2,0,5,BB,PRT,Online TA,TA/TO,0,0,0,A,A,0,No Deposit,443,22,0,Transient,123.46,0,1,Check-Out,2016-06-15
Resort Hotel,0,47,2016,September,25,18,2,2,4,2,0,0,2,BB,PRT,Online TA,TA/TO,0,0,0,A,A,0,No Deposit,209,0,0,Transient,101.18,0,1,Check-Out,2016-06-15
City Hotel,0,44,2016,May,28,15,1,5,6,2,1,0,3,SC,PRT,Offline TA/TO,TA/TO,0,0,0,E,E,0,No Deposit,33,0,0,Transient-Party,165.18,0,1,Check-Out,2016-06-15
City Hotel,0,49,2017,September,48,23,2,4,6,2,0,0,2,BB,BEL,Online TA,TA/TO,0,0,0,C,C,0,No Deposit,13,22,0,Transient,115.0,0,1,Check-Out,2016-06-15
Resort Hotel,0,157,2016,July,49,6,1,1,2,2,0,0,2,BB,FRA,Online TA,Direct,0,0,0,A,A,0,No Deposit,211,22,0,Transient,77.14,0,0,Check-Out,2016-06-15
Resort Hotel,0,39,2017,January,26,17,1,1,2,2,1,0,3,BB,DEU,Online TA,TA/TO,0,0,0,F,F,0,No Deposit,449,22,0,Transient,91.33,0,1,Check-Out,2016-06-15
Resort Hotel,1,69,2017,November,35,2,0,3,3,2,0,0,2,BB,ITA,Corporate,TA/TO,0,0,0,A,A,0,No Deposit,383,0,0,Transient-Party,143.06,1,2,Canceled,2016-06-15
City Hotel,0,97,2017,February,28,2,0,4,4,2,0,0,2,HB,PRT,Direct,TA/TO,0,0,0,A,A,0,No Deposit,466,22,0,Transient,110.08,0,0,Check-Out,2016-06-15
Resort Hotel,0,26,2017,July,33,17,0,1,1,1,2,0,3,BB,NLD,Online TA,TA/TO,0,0,0,A,D,0,No Deposit,181,0,0,Transient,156.43,0,0,Check-Out,2016-06-15
City Hotel,1,126,2017,October,18,19,4,4,8,3,0,0,3,BB,PRT,Online TA,TA/TO,0,0,0,A,A,2,No Deposit,97,22,0,Transient-Party,76.09,0,3,Canceled,2016-06-15
Resort Hotel,0,79,2016,February,14,5,2,2,4,2,0,0,2,BB,FRA,Offline TA/TO,TA/TO,0,0,0,A,A,0,No Deposit,142,0,0,Transient,132.49,0,1,Check-Out,2016-06-15
City Hotel,1,59,2015,July,41,4,1,2,3,2,0,0,2,SC,PRT,Online TA,TA/TO,0,0,0,D,D,0,No Deposit,117,22,0,Transient,110.64,0,0,Canceled,2016-06-15
Resort Hotel,0,165,2017,September,9,28,0,1,1,1,0,0,1,BB,NLD,Online TA,TA/TO,0,0,0,A,A,0,No Deposit,79,0,0,Transient,78.06,0,2,Check-Out,2016-06-15
Resort Hotel,1,27,2016,December,44,18,0,6,6,2,0,0,2,BB,PRT,Groups,TA/TO,0,0,0,A,A,1,No Deposit,236,22,0,Transient,107.46,1,2,Canceled,2016-06-15
City Hotel,0,214,2015,August,30,8,0,1,1,2,0,0,2,BB,NLD,Online TA,TA/TO,0,0,0,A,A,0,No Deposit,496,22,0,Transient,87.19,0,1,Check-Out,2016-06-15
Resort Hotel,0,82,2015,April,3,9,1,2,3,2,0,0,2,BB,GBR,Corporate,TA/TO,0,0,0,A,A,0,No Deposit,121,0,0,Transient,109.96,0,2,Check-Out,2016-06-15
Resort Hotel,1,93,2015,August,34,24,1,2,3,2,0,0,2,BB,IRL,Groups,TA/TO,0,0,0,A,A,0,No Deposit,393,22,0,Transient-Party,71.2,0,0,Canceled,2016-06-15
Resort Hotel,0,207,2017,August,33,23,2,2,4,2,0,0,2,BB,DEU,Groups,TA/TO,0,0,0,A,A,0,No Deposit,321,22,0,Transient,116.04,0,0,Check-Out,2016-06-15
Resort Hotel,0,170,2017,August,27,26,2,1,3,2,0,0,2,BB,BRA,Offline TA/TO,TA/TO,0,0,0,A,A,0,No Deposit,491,0,0,Transient,24.29,0,0,Check-Out,2016-06-15
Resort Hotel,0,92,2016,October,9,18,0,2,2,2,0,0,2,HB,ESP,Offline TA/TO,TA/TO,1,0,0,A,A,1,No Deposit,320,0,0,Transient,96.75,0,2,Check-Out,2016-06-15
City Hotel,1,139,2017,February,13,22,0,2,2,2,0,0,2,BB,GBR,Online TA,TA/TO,1,0,0,A,A,0,No Deposit,53,22,0,Transient-Party,86.23,0,2,Canceled,2016-06-15
City Hotel,0,56,2016,February,30,11,0,3,3,2,0,0,2,BB,PRT,Online TA,TA/TO,0,0,0,A,A,0,No Deposit,287,22,0,Transient,125.92,0,1,Check-Out,2016-06-15
City Hotel,0,79,2017,August,16,16,0,1,1,2,0,0,2,BB,FRA,Groups,TA/TO,0,0,0,A,A,0,No Deposit,30,22,0,Transient,126.34,0,2,Check-Out,2016-06-15
City Hotel,0,6,2016,November,51,16,3,4,7,1,0,0,1,BB,PRT,Online TA,TA/TO,0,0,0,A,A,0,No Deposit,249,0,0,Transient-Party,115.76,0,1,Check-Out,2016-06-15
Resort Hotel,0,9,2017,June,42,4,2,2,4,2,0,0,2,BB,PRT,Online TA,TA/TO,0,0,0,A,G,0,No Deposit,129,22,0,Transient,106.81,0,0,Check-Out,2016-06-15
City Hotel,0,176,2016,December,26,21,0,5,5,2,0,0,2,BB,DEU,Online TA,TA/TO,0,0,0,A,A,0,No Deposit,237,0,0,Transient,58.73,0,1,Check-Out,2016-06-15
City Hotel,1,6,2016,November,5,9,0,2,2,2,0,0,2,BB,FRA,Online TA,TA/TO,0,1,0,A,A,0,No Deposit,427,22,0,Transient-Party,147.22,0,0,Canceled,2016-06-15
Resort Hotel,0,18,2017,October,46,13,1,5,6,2,0,0,2,BB,FRA,Offline TA/TO,TA/TO,0,0,0,D,D,0,No Deposit,394,22,0,Transient,62.28,0,0,Check-Out,2016-06-15
City Hotel,0,158,2015,October,27,25,1,2,3,2,0,0,2,BB,PRT,Groups,TA/TO,0,0,0,D,D,0,No Deposit,264,22,0,Transient,149.94,0,1,Check-Out,2016-06-15
Resort Hotel,0,0,2017,October,15,20,1,2,3,2,0,0,2,BB,NLD,Online TA,TA/TO,0,0,0,D,D,1,No Deposit,296,0,0,Transient-Party,158.99,0,0,Check-Out,2016-06-15
City Hotel,0,33,2016,September,28,8,0,2,2,2,0,0,2,Undefined,PRT,Offline TA/TO,TA/TO,0,0,0,A,A,1,No Deposit,252,0,0,Transient,137.14,0,1,Check-Out,2016-06-15
City Hotel,1,87,2016,August,3,11,1,2,3,2,0,0,2,SC,ESP,Online TA,TA/TO,0,0,0,A,A,0,Non Refund,174,0,0,Transient,113.77,0,1,Canceled,2016-06-15
City Hotel,0,90,2016,January,41,21,0,3,3,3,0,0,3,SC,NLD,Offline TA/TO,TA/TO,0,0,0,A,A,0,No Deposit,312,22,0,Transient,100.73,0,0,Check-Out,2016-06-15
City Hotel,0,150,2015,March,1,9,1,3,4,3,0,0,3,BB,NLD,Online TA,TA/TO,0,0,0,A,A,0,No Deposit,5,22,5,Contract,102.39,0,2,Check-Out,2016-06-15
City Hotel,0,70,2016,March,1,18,0,5,5,1,0,0,1,BB,PRT,Offline TA/TO,TA/TO,0,0,0,A,A,0,No Deposit,37,0,0,Transient-Party,69.02,1,2,Check-Out,2016-06-15
City Hotel,0,71,2017,January,51,20,0,3,3,2,0,0,2,BB,PRT,Offline TA/TO,TA/TO,1,0,0,A,A,0,No Deposit,26,0,0,Transient,96.86,0,0,Check-Out,2016-06-15
Resort Hotel,0,129,2016,February,6,3,0,1,1,1,0,0,1,HB,IRL,Direct,TA/TO,0,0,0,A,A,0,No Deposit,177,22,0,Transient,134.44,0,0,Check-Out,2016-06-15
Resort Hotel,0,69,2017,November,11,23,0,7,7,2,0,0,2,Undefined,BRA,Online TA,TA/TO,0,0,0,A,A,0,Non Refund,82,0,0,Transient,53.4,0,0,Check-Out,2016-06-15
City Hotel,1,93,2016,August,50,18,0,3,3,2,0,0,2,BB,FRA,Groups,TA/TO,0,0,0,A,A,0,No Deposit,159,22,0,Transient-Party,163.05,0,0,Canceled,2016-06-15
City Hotel,0,228,2016,May,46,19,2,2,4,2,0,0,2,BB,PRT,Groups,TA/TO,0,0,0,A,A,0,No Deposit,393,22,0,Transient,196.63,0,0,Check-Out,2016-06-15
City Hotel,1,51,2016,September,16,9,0,6,6,2,0,0,2,BB,PRT,Direct,TA/TO,0,0,0,D,D,0,No Deposit,137,0,0,Transient,118.97,0,2,Canceled,2016-06-15
City Hotel,0,48,2016,June,33,24,1,6,7,2,0,0,2,BB,NLD,Direct,TA/TO,0,0,0,E,E,0,No Deposit,41,22,0,Transient,133.12,0,0,Check-Out,2016-06-15
City Hotel,0,0,2017,March,24,18,1,1,2,1,0,0,1,BB,PRT,Groups,TA/TO,0,0,0,A,A,0,Non Refund,367,22,0,Transient-Party,112.57,0,0,Check-Out,2016-06-15
City Hotel,0,95,2015,October,32,22,0,1,1,1,0,0,1,HB,NLD,Direct,TA/TO,0,0,0,F,F,0,No Deposit,427,0,0,Contract,81.06,0,2,Check-Out,2016-06-15
Resort Hotel,0,3,2016,May,10,16,1,1,2,2,0,0,2,BB,FRA,Online TA,TA/TO,0,0,0,A,A,0,No Deposit,168,0,0,Transient,109.58,0,0,Check-Out,2016-06-15
City Hotel,0,70,2016,August,25,14,2,3,5,2,0,0,2,BB,PRT,Online TA,TA/TO,0,0,0,A,A,0,No Deposit,487,22,0,Transient,113.38,0,1,Check-Out,2016-06-15
City Hotel,0,163,2016,April,10,19,0,3,3,2,0,0,2,BB,GBR,Online TA,TA/TO,0,0,0,G,G,0,No Deposit,367,22,0,Transient,106.95,0,0,Check-Out,2016-06-15
City Hotel,0,79,2016,July,13,28,2,3,5,2,0,0,2,BB,PRT,Groups,Direct,0,2,0,A,A,0,Non Refund,320,22,0,Transient-Party,183.32,1,0,Check-Out,2016-06-15
Resort Hotel,0,31,2016,September,1,22,2,3,5,2,0,0,2,BB,GBR,Online TA,TA/TO,0,0,0,F,F,0,No Deposit,442,0,0,Transient,169.68,0,1,Check-Out,2016-06-15
City Hotel,0,154,2015,March,35,15,2,2,4,2,0,0,2,BB,PRT,Groups,TA/TO,0,0,0,A,A,1,Non Refund,131,0,0,Transient,118.51,0,0,Check-Out,2016-06-15
Resort Hotel,0,31,2017,December,14,21,0,1,1,2,0,0,2,BB,NLD,Online TA,Direct,1,0,0,A,A,0,No Deposit,11,22,0,Transient,42.58,0,0,Check-Out,2016-06-15
Resort Hotel,0,132,2017,February,21,26,1,5,6,2,0,0,2,BB,NLD,Groups,TA/TO,0,0,0,A,A,0,No Deposit,394,22,0,Transient,97.1,1,1,Check-Out,2016-06-15
Resort Hotel,1,94,2015,July,48,4,1,5,6,1,0,0,1,HB,DEU,Direct,Direct,0,0,0,E,B,0,No Deposit,432,0,0,Transient,111.39,0,0,Canceled,2016-06-15
City Hotel,1,18,2016,November,52,12,0,1,1,1,0,0,1,BB,NLD,Groups,Direct,0,0,0,A,A,0,No Deposit,66,22,0,Transient,126.62,0,2,Canceled,2016-06-15
City Hotel,0,235,2017,November,38,7,1,1,2,2,0,0,2,HB,PRT,Corporate,TA/TO,0,0,0,A,A,0,No Deposit,265,22,0,Transient,67.72,1,1,Check-Out,2016-06-15
Resort Hotel,0,22,2017,April,1,11,2,2,4,1,0,0,1,BB,PRT,Groups,TA/TO,0,0,0,A,A,0,Non Refund,13,0,0,Transient,165.34,0,0,Check-Out,2016-06-15
City Hotel,0,456,2017,March,20,26,2,1,3,2,0,0,2,BB,DEU,Online TA,TA/TO,0,0,0,D,D,0,No Deposit,237,22,0,Transient,45.75,0,0,Check-Out,2016-06-15
City Hotel,0,0,2017,August,5,7,0,1,1,2,0,0,2,HB,NLD,Corporate,Direct,0,0,0,A,F,0,No Deposit,128,0,0,Transient,89.31,0,1,Check-Out,2016-06-15
City Hotel,0,30,2015,January,40,20,0,2,2,2,0,0,2,BB,NLD,Groups,TA/TO,0,0,0,D,D,0,No Deposit,374,0,0,Transient,117.71,0,3,Check-Out,2016-06-15
Resort Hotel,1,22,2017,June,44,3,0,1,1,1,2,0,3,BB,ESP,Online TA,TA/TO,0,0,0,A,A,0,No Deposit,212,22,0,Transient,29.51,0,0,Canceled,2016-06-15
City Hotel,0,1,2017,September,32,4,0,3,3,2,0,0,2,SC,DEU,Offline TA/TO,Direct,0,0,0,D,D,0,No Deposit,473,22,0,Transient,40.98,0,0,Check-Out,2016-06-15
City Hotel,1,131,2016,July,1,2,1,5,6,2,0,0,2,FB,GBR,Groups,TA/TO,0,0,0,A,A,0,No Deposit,122,22,0,Transient-Party,86.33,0,0,Canceled,2016-06-15
Resort Hotel,0,118,2016,March,45,20,2,5,7,3,0,0,3,BB,NLD,Groups,Direct,0,0,0,A,A,0,No Deposit,278,0,0,Transient,108.64,0,0,Check-Out,2016-06-15
Resort Hotel,0,157,2016,June,41,15,2,3,5,2,0,0,2,BB,IRL,Direct,TA/TO,0,0,0,A,A,1,No Deposit,318,22,0,Transient,93.08,0,1,Check-Out,2016-06-15
City Hotel,0,29,2016,November,52,20,2,3,5,1,0,0,1,BB,PRT,Online TA,Corporate,0,0,0,A,A,0,No Deposit,110,22,0,Transient-Party,55.73,0,0,Check-Out,2016-06-15
City Hotel,0,58,2016,July,40,12,0,2,2,2,0,0,2,BB,PRT,Direct,Corporate,0,0,0,E,E,0,No Deposit,256,0,0,Transient,81.4,0,1,Check-Out,2016-06-15
City Hotel,0,107,2015,August,45,21,1,1,2,2,0,0,2,BB,PRT,Online TA,TA/TO,0,0,0,E,E,3,Non Refund,21,0,0,Transient,103.83,1,0,Check-Out,2016-06-15
City Hotel,0,57,2015,May,2,17,2,3,5,2,0,0,2,HB,FRA,Offline TA/TO,TA/TO,0,0,0,D,A,0,No Deposit,68,0,0,Transient,174.69,0,0,Check-Out,2016-06-15
City Hotel,0,119,2016,March,31,18,2,2,4,2,0,0,2,BB,PRT,Online TA,Corporate,0,0,0,G,G,0,No Deposit,45,0,0,Transient,67.68,1,0,Check-Out,2016-06-15
City Hotel,1,100,2016,April,47,8,2,1,3,1,0,0,1,BB,PRT,Online TA,TA/TO,0,0,0,A,A,1,No Deposit,64,22,0,Transient-Party,95.73,0,0,Canceled,2016-06-15
Resort Hotel,0,12,2017,July,46,24,1,3,4,1,0,0,1,BB,PRT,Offline TA/TO,TA/TO,0,0,0,C,C,0,No Deposit,99,22,0,Transient,63.71,0,2,Check-Out,2016-06-15
City Hotel,0,151,2015,April,51,8,2,1,3,1,0,0,1,BB,PRT,Offline TA/TO,Direct,0,0,0,A,A,0,No Deposit,199,22,0,Transient,88.15,0,1,Check-Out,2016-06-15
City Hotel,0,127,2017,July,26,5,1,5,6,2,0,0,2,BB,NLD,Online TA,TA/TO,0,1,0,A,A,0,No Deposit,447,0,0,Transient,109.81,0,0,Check-Out,2016-06-15
City Hotel,0,106,2017,August,9,24,2,6,8,1,0,0,1,SC,NLD,Online TA,Direct,0,0,0,A,A,0,No Deposit,385,22,0,Transient,50.78,0,0,Check-Out,2016-06-15
City Hotel,0,16,2017,August,51,9,2,1,3,2,1,0,3,BB,NLD,Offline TA/TO,TA/TO,0,0,0,A,A,0,No Deposit,480,0,0,Transient,154.33,0,0,Check-Out,2016-06-15
City Hotel,0,31,2017,March,30,20,0,1,1,2,0,0,2,BB,PRT,Direct,Corporate,0,0,0,G,G,0,No Deposit,326,22,0,Transient,29.01,0,1,Check-Out,2016-06-15
Resort Hotel,0,49,2015,September,46,20,2,1,3,1,0,0,1,BB,ESP,Online TA,TA/TO,0,0,0,F,F,0,No Deposit,137,0,0,Transient-Party,76.11,0,0,Check-Out,2016-06-15
City Hotel,1,32,2016,August,8,23,0,5,5,1,1,0,2,BB,PRT,Offline TA/TO,TA/TO,0,0,0,A,A,0,No Deposit,118,22,0,Transient-Party,108.21,0,1,Canceled,2016-06-15
Resort Hotel,1,25,2015,January,5,5,2,1,3,2,0,0,2,BB,NLD,Direct,TA/TO,0,0,0,A,A,3,No Deposit,238,0,0,Transient,74.84,0,2,Canceled,2016-06-15
City Hotel,0,163,2017,January,39,27,1,2,3,2,0,0,2,BB,NLD,Direct,TA/TO,0,1,0,A,A,0,No Deposit,462,22,0,Transient,142.94,0,1,Check-Out,2016-06-15
Resort Hotel,0,101,2016,August,4,10,1,1,2,2,0,0,2,BB,NLD,Online TA,TA/TO,0,0,0,A,A,1,Non Refund,227,22,0,Transient-Party,92.76,0,0,Check-Out,2016-06-15
Resort Hotel,1,83,2016,May,40,1,0,2,2,2,0,0,2,BB,PRT,Online TA,TA/TO,0,0,0,A,A,0,No Deposit,340,0,0,Transient,120.98,0,1,Canceled,2016-06-15
City Hotel,0,25,2017,March,36,24,0,4,4,2,0,0,2,BB,PRT,Groups,TA/TO,0,0,0,A,A,2,Refundable,490,0,0,Transient-Party,157.65,0,0,Check-Out,2016-06-15
Resort Hotel,0,250,2017,January,21,4,3,2,5,2,0,0,2,BB,ESP,Groups,TA/TO,0,0,0,E,E,0,No Deposit,430,22,0,Transient,98.73,0,0,Check-Out,2016-06-15
City Hotel,1,21,2017,March,33,24,0,4,4,2,0,0,2,BB,PRT,Groups,TA/TO,0,0,0,A,A,0,No Deposit,74,0,0,Transient,45.89,0,0,Canceled,2016-06-15
City Hotel,0,158,2016,November,26,16,2,3,5,1,0,0,1,BB,NLD,Online TA,TA/TO,0,0,0,A,A,1,No Deposit,11,22,0,Transient,88.42,0,0,Check-Out,2016-06-15
Resort Hotel,0,340,2016,August,40,18,2,2,4,3,0,0,3,BB,IRL,Online TA,TA/TO,0,0,0,A,A,0,No Deposit,142,22,0,Transient-Party,111.57,0,0,Check-Out,2016-06-15
Resort Hotel,1,129,2016,July,39,28,1,3,4,2,0,0,2,BB,PRT,Groups,TA/TO,0,0,0,G,G,0,No Deposit,491,0,0,Transient,92.16,0,0,Canceled,2016-06-15
City Hotel,0,494,2015,November,11,12,1,5,6,2,0,0,2,BB,NLD,Online TA,TA/TO,0,0,0,B,B,0,Non Refund,30,0,0,Transient,88.7,0,1,Check-Out,2016-06-15
City Hotel,0,105,2017,July,21,20,0,4,4,2,0,0,2,SC,FRA,Offline TA/TO,TA/TO,0,0,0,A,A,1,Non Refund,345,22,0,Transient-Party,102.65,0,0,Check-Out,2016-06-15
City Hotel,1,24,2016,August,48,15,1,3,4,2,0,0,2,HB,IRL,Groups,TA/TO,0,0,0,A,A,0,No Deposit,317,0,0,Transient,137.35,0,0,Canceled,2016-06-15
City Hotel,1,22,2015,April,22,18,1,3,4,2,0,0,2,BB,PRT,Offline TA/TO,Direct,0,0,0,A,A,1,No Deposit,360,0,0,Transient,140.15,0,0,Canceled,2016-06-15
City Hotel,1,39,2017,July,49,5,2,1,3,2,0,0,2,BB,FRA,Offline TA/TO,Corporate,1,0,0,A,A,0,No Deposit,12,22,0,Transient,100.83,0,1,Canceled,2016-06-15
City Hotel,0,0,2016,March,37,26,2,6,8,2,0,0,2,HB,NLD,Online TA,TA/TO,0,0,0,G,G,0,No Deposit,340,22,30,Transient-Party,125.27,0,0,Check-Out,2016-06-15
City Hotel,1,114,2017,June,7,26,0,1,1,2,0,0,2,BB,GBR,Online TA,TA/TO,1,0,0,A,A,0,No Deposit,183,0,0,Transient,100.56,0,0,Canceled,2016-06-15
City Hotel,0,31,2017,January,42,14,4,2,6,2,0,0,2,BB,PRT,Online TA,TA/TO,0,0,0,A,A,0,No Deposit,350,22,0,Transient,108.53,0,0,Check-Out,2016-06-15
Resort Hotel,1,168,2017,April,13,24,1,2,3,2,0,0,2,HB,DEU,Corporate,Direct,0,0,0,A,A,0,Non Refund,365,0,0,Transient,160.54,0,0,Canceled,2016-06-15
Resort Hotel,0,44,2015,February,20,27,1,1,2,1,0,0,1,BB,DEU,Offline TA/TO,Direct,0,0,0,A,A,0,No Deposit,94,0,0,Transient-Party,66.54,0,1,Check-Out,2016-06-15
City Hotel,0,65,2016,May,15,7,2,3,5,1,0,0,1,HB,PRT,Online TA,TA/TO,0,0,0,A,A,0,No Deposit,218,22,0,Transient,127.64,0,2,Check-Out,2016-06-15
City Hotel,1,337,2017,October,38,11,1,1,2,2,0,0,2,BB,PRT,Online TA,TA/TO,0,0,0,F,F,2,Non Refund,76,0,0,Transient,86.22,0,1,Canceled,2016-06-15
City Hotel,0,27,2017,May,34,15,2,5,7,3,0,0,3,SC,PRT,Online TA,TA/TO,0,0,0,A,A,1,No Deposit,401,22,0,Transient-Party,126.25,0,2,Check-Out,2016-06-15
City Hotel,0,127,2016,October,36,21,1,5,6,2,0,0,2,HB,PRT,Groups,TA/TO,0,0,0,A,A,0,No Deposit,251,0,0,Transient,138.11,0,1,Check-Out,2016-06-15
City Hotel,0,140,2016,August,46,11,0,2,2,2,0,0,2,HB,PRT,Offline TA/TO,Direct,0,0,0,A,A,1,No Deposit,237,0,0,Transient,151.38,0,0,Check-Out,2016-06-15
City Hotel,1,24,2015,July,25,7,1,2,3,2,0,0,2,BB,NLD,Offline TA/TO,TA/TO,0,0,0,A,A,0,No Deposit,298,22,0,Transient-Party,115.69,0,1,Canceled,2016-06-15
City Hotel,0,69,2017,April,29,21,0,1,1,3,0,0,3,BB,PRT,Groups,TA/TO,0,0,0,A,A,1,Non Refund,38,0,0,Transient,107.56,0,1,Check-Out,2016-06-15
Resort Hotel,0,43,2016,November,47,23,1,4,5,2,0,0,2,BB,BEL,Groups,Corporate,0,0,0,D,D,0,No Deposit,8,0,0,Transient,93.05,0,0,Check-Out,2016-06-15
City Hotel,0,147,2015,January,28,20,0,2,2,2,0,0,2,BB,GBR,Groups,TA/TO,0,0,0,D,D,0,No Deposit,78,0,0,Transient-Party,13.33,0,0,Check-Out,2016-06-15
City Hotel,0,97,2016,August,14,20,0,1,1,2,0,0,2,BB,FRA,Online TA,TA/TO,1,0,0,A,A,3,No Deposit,125,22,0,Transient,125.88,0,1,Check-Out,2016-06-15
City Hotel,1,64,2016,August,4,26,2,7,9,2,0,0,2,BB,ESP,Groups,Corporate,0,0,0,A,A,0,No Deposit,429,22,0,Transient,114.5,0,2,Canceled,2016-06-15
City Hotel,0,151,2017,June,38,4,1,3,4,2,0,0,2,BB,NLD,Online TA,TA/TO,0,0,0,A,A,1,No Deposit,85,22,0,Transient-Party,70.77,0,0,Check-Out,2016-06-15
City Hotel,0,26,2015,April,7,27,1,1,2,1,0,0,1,BB,NLD,Offline TA/TO,TA/TO,0,0,0,A,A,1,Non Refund,177,22,0,Transient-Party,136.65,0,1,Check-Out,2016-06-15
City Hotel,1,140,2015,June,13,24,1,4,5,2,0,0,2,BB,PRT,Online TA,GDS,0,0,0,D,D,0,No Deposit,455,22,0,Transient,102.53,0,1,Canceled,2016-06-15
Resort Hotel,1,200,2016,October,17,1,0,4,4,2,0,0,2,BB,PRT,Groups,Direct,0,1,0,A,A,0,No Deposit,338,0,0,Transient,135.68,0,1,Canceled,2016-06-15
City Hotel,1,210,2016,October,29,26,1,2,3,1,0,0,1,BB,ESP,Groups,Corporate,0,0,0,D,D,0,No Deposit,256,0,0,Transient,85.79,0,0,Canceled,2016-06-15
Resort Hotel,1,153,2015,November,17,21,2,1,3,2,0,0,2,SC,PRT,Online TA,TA/TO,0,0,0,A,A,0,No Deposit,491,22,0,Transient,73.31,0,0,Canceled,2016-06-15
City Hotel,0,52,2016,May,36,28,0,2,2,2,0,0,2,BB,PRT,Offline TA/TO,TA/TO,1,0,0,D,E,0,No Deposit,465,0,0,Transient,83.38,0,0,Check-Out,2016-06-15
City Hotel,0,400,2016,May,19,26,1,4,5,2,0,0,2,BB,GBR,Groups,TA/TO,0,0,0,A,A,1,No Deposit,12,0,0,Transient,156.65,0,0,Check-Out,2016-06-15
Resort Hotel,0,47,2017,January,26,2,0,1,1,2,0,0,2,BB,PRT,Online TA,TA/TO,0,1,0,F,F,0,No Deposit,253,22,0,Transient,39.41,0,1,Check-Out,2016-06-15
Resort Hotel,0,101,2015,November,52,26,0,1,1,2,0,0,2,BB,PRT,Online TA,TA/TO,0,0,0,A,A,3,No Deposit,228,22,0,Transient,84.49,1,1,Check-Out,2016-06-15
City Hotel,1,17,2017,May,45,4,2,3,5,2,0,0,2,BB,PRT,Online TA,TA/TO,0,0,0,D,D,0,No Deposit,408,22,0,Transient,102.4,0,1,Canceled,2016-06-15
City Hotel,0,393,2016,June,9,5,2,3,5,2,0,0,2,BB,PRT,Direct,TA/TO,0,0,0,A,A,0,No Deposit,213,22,0,Transient,114.56,0,1,Check-Out,2016-06-15
City Hotel,0,121,2015,October,2,24,0,5,5,2,0,0,2,BB,PRT,Online TA,Corporate,0,0,0,A,A,2,No Deposit,173,22,0,Transient-Party,110.84,0,1,Check-Out,2016-06-15
Resort Hotel,0,139,2015,July,20,2,0,4,4,1,0,0,1,BB,ESP,Online TA,TA/TO,0,0,0,A,A,0,No Deposit,378,22,0,Contract,136.48,1,0,Check-Out,2016-06-15
City Hotel,0,6,2016,July,23,2,1,5,6,2,2,0,4,BB,PRT,Groups,TA/TO,0,0,0,A,A,0,No Deposit,318,22,0,Transient,107.16,0,0,Check-Out,2016-06-15
Resort Hotel,0,144,2016,March,18,18,2,2,4,1,0,0,1,BB,PRT,Online TA,TA/TO,0,0,0,A,A,0,No Deposit,411,0,0,Transient-Party,55.62,0,1,Check-Out,2016-06-15
City Hotel,0,149,2016,June,26,24,0,4,4,2,0,0,2,BB,NLD,Online TA,TA/TO,0,0,0,A,A,0,No Deposit,337,0,0,Transient,137.49,0,2,Check-Out,2016-06-15
City Hotel,0,111,2016,November,52,28,2,1,3,1,0,0,1,BB,PRT,Offline TA/TO,TA/TO,1,0,0,A,A,0,No Deposit,1,22,0,Transient-Party,113.34,0,0,Check-Out,2016-06-15
City Hotel,1,34,2016,July,25,14,1,2,3,2,0,0,2,HB,FRA,Corporate,TA/TO,0,0,1,A,A,0,Non Refund,320,0,0,Transient-Party,94.29,0,1,Canceled,2016-06-15
Resort Hotel,0,67,2016,April,17,3,0,3,3,2,0,0,2,BB,GBR,Offline TA/TO,TA/TO,0,0,0,C,C,0,No Deposit,139,0,0,Transient,175.95,0,2,Check-Out,2016-06-15
City Hotel,0,11,2015,January,39,21,1,4,5,2,0,0,2,SC,ITA,Groups,TA/TO,0,0,0,A,A,0,No Deposit,463,0,0,Transient,66.59,0,2,Check-Out,2016-06-15
City Hotel,1,63,2016,May,49,18,0,3,3,2,0,0,2,BB,GBR,Online TA,TA/TO,0,0,0,A,A,0,Non Refund,429,22,0,Transient,111.75,0,1,Canceled,2016-06-15
City Hotel,0,27,2017,July,10,22,0,2,2,2,0,0,2,BB,FRA,Offline TA/TO,TA/TO,0,0,0,D,D,1,No Deposit,268,0,0,Transient-Party,108.35,0,0,Check-Out,2016-06-15
Resort Hotel,1,42,2015,January,25,10,0,1,1,1,0,0,1,BB,NLD,Online TA,TA/TO,0,0,0,A,A,0,No Deposit,103,22,0,Transient,45.15,0,0,Canceled,2016-06-15
City Hotel,0,17,2017,July,46,6,0,1,1,2,0,0,2,BB,PRT,Groups,Direct,0,0,0,A,A,0,No Deposit,326,0,0,Transient,62.12,0,0,Check-Out,2016-06-15
Resort Hotel,1,26,2016,July,28,2,2,5,7,1,0,0,1,BB,PRT,Offline TA/TO,TA/TO,0,0,0,A,A,0,No Deposit,106,22,0,Transient,107.25,0,3,Canceled,2016-06-15
City Hotel,0,7,2017,September,26,20,2,1,3,2,0,0,2,SC,BRA,Online TA,TA/TO,0,0,0,A,A,1,No Deposit,1,22,0,Transient,109.31,0,0,Check-Out,2016-06-15
City Hotel,0,252,2015,January,12,11,4,2,6,2,0,0,2,BB,BRA,Offline TA/TO,TA/TO,0,0,2,A,A,2,No Deposit,265,22,0,Transient,116.93,0,1,Check-Out,2016-06-15
City Hotel,0,75,2017,September,44,18,1,5,6,3,2,0,5,Undefined,NLD,Groups,TA/TO,0,0,0,D,D,1,No Deposit,277,22,0,Group,97.91,0,0,Check-Out,2016-06-15
Resort Hotel,0,50,2016,July,49,14,0,1,1,1,0,0,1,BB,NLD,Direct,TA/TO,1,0,0,A,E,0,No Deposit,428,22,0,Transient,88.59,0,1,Check-Out,2016-06-15
Resort Hotel,1,76,2016,May,19,26,0,1,1,1,0,0,1,BB,GBR,Direct,TA/TO,0,0,0,A,A,0,No Deposit,385,0,0,Transient-Party,136.76,0,0,Canceled,2016-06-15
City Hotel,1,98,2016,December,23,20,2,3,5,2,0,0,2,BB,GBR,Direct,TA/TO,0,0,0,E,E,0,No Deposit,279,0,0,Transient,13.66,1,3,Canceled,2016-06-15
Resort Hotel,1,254,2015,March,14,13,0,2,2,2,0,0,2,BB,NLD,Direct,Direct,0,0,0,D,D,0,Non Refund,147,0,0,Transient,141.82,0,0,Canceled,2016-06-15
Resort Hotel,0,19,2017,July,17,27,1,2,3,2,0,0,2,BB,NLD,Offline TA/TO,Direct,0,0,0,A,A,0,No Deposit,418,0,0,Group,68.64,0,2,Check-Out,2016-06-15
City Hotel,0,35,2016,May,15,7,1,3,4,2,0,0,2,SC,GBR,Direct,TA/TO,0,0,0,E,E,0,No Deposit,332,22,0,Transient,80.51,0,0,Check-Out,2016-06-15
City Hotel,0,372,2015,July,21,21,0,2,2,2,0,0,2,BB,PRT,Groups,TA/TO,0,0,0,A,A,1,No Deposit,246,22,0,Transient,104.0,0,0,Check-Out,2016-06-15
Resort Hotel,0,46,2015,July,38,26,0,4,4,2,2,0,4,HB,ESP,Groups,TA/TO,0,0,0,A,A,0,No Deposit,458,0,0,Transient-Party,93.71,0,0,Check-Out,2016-06-15
City Hotel,0,2,2015,February,30,20,0,6,6,2,2,0,4,BB,PRT,Online TA,TA/TO,0,0,0,A,A,0,No Deposit,82,0,0,Transient-Party,81.84,1,1,Check-Out,2016-06-15
Resort Hotel,0,15,2016,August,19,10,0,6,6,1,0,0,1,BB,NLD,Online TA,TA/TO,0,0,0,A,A,0,No Deposit,448,0,0,Transient,147.23,0,0,Check-Out,2016-06-15
City Hotel,0,2,2016,August,32,26,0,2,2,2,0,0,2,BB,NLD,Online TA,Corporate,0,0,0,A,A,0,Non Refund,342,22,0,Transient,148.18,0,1,Check-Out,2016-06-15
Resort Hotel,0,459,2016,September,29,19,1,2,3,2,0,0,2,BB,NLD,Online TA,TA/TO,0,0,0,A,A,0,No Deposit,264,0,0,Transient,194.64,0,0,Check-Out,2016-06-15
City Hotel,1,32,2016,February,22,13,1,2,3,2,0,0,2,BB,PRT,Online TA,TA/TO,0,0,0,A,A,0,No Deposit,358,22,0,Transient,118.09,0,0,Canceled,2016-06-15
City Hotel,0,257,2016,April,20,22,1,2,3,2,0,0,2,BB,NLD,Online TA,TA/TO,0,0,0,A,A,1,No Deposit,330,0,0,Transient,91.0,0,2,Check-Out,2016-06-15
City Hotel,0,549,2016,August,38,2,0,2,2,2,0,0,2,HB,ESP,Online TA,TA/TO,0,0,0,A,A,0,No Deposit,171,22,0,Transient,109.97,0,0,Check-Out,2016-06-15
City Hotel,0,91,2015,March,38,20,1,1,2,2,0,0,2,SC,PRT,Groups,Corporate,0,0,2,A,A,0,No Deposit,398,22,0,Transient,168.91,0,1,Check-Out,2016-06-15
Resort Hotel,0,3,2016,August,36,12,0,1,1,3,0,0,3,BB,PRT,Online TA,TA/TO,0,0,0,A,A,0,No Deposit,339,22,0,Transient-Party,110.06,0,2,Check-Out,2016-06-15
City Hotel,0,8,2015,January,1,8,2,4,6,2,0,0,2,BB,FRA,Online TA,TA/TO,0,0,0,A,A,0,Non Refund,264,0,0,Transient,83.38,0,0,Check-Out,2016-06-15
City Hotel,1,65,2017,May,19,18,1,2,3,2,0,0,2,BB,DEU,Groups,TA/TO,0,0,0,D,D,1,No Deposit,323,0,0,Transient-Party,85.13,0,1,Canceled,2016-06-15
City Hotel,0,52,2017,October,43,25,0,4,4,2,0,0,2,BB,PRT,Online TA,TA/TO,0,0,0,A,A,1,Non Refund,386,0,0,Transient,99.23,0,1,Check-Out,2016-06-15
City Hotel,0,93,2017,September,26,2,0,2,2,2,0,0,2,BB,PRT,Offline TA/TO,TA/TO,0,0,0,B,B,0,No Deposit,339,0,0,Transient,89.19,0,2,Check-Out,2016-06-15
City Hotel,0,57,2016,August,7,16,2,4,6,2,0,0,2,SC,NLD,Groups,TA/TO,0,0,0,C,C,0,Non Refund,261,0,0,Transient-Party,82.2,0,1,Check-Out,2016-06-15
Resort Hotel,0,271,2017,October,34,8,1,3,4,2,0,0,2,HB,NLD,Online TA,Corporate,0,0,0,E,E,0,No Deposit,376,0,0,Transient-Party,67.97,0,1,Check-Out,2016-06-15
City Hotel,1,76,2016,August,36,16,0,1,1,2,0,0,2,BB,NLD,Offline TA/TO,TA/TO,0,0,0,C,C,0,No Deposit,74,22,0,Transient,128.54,0,0,Canceled,2016-06-15
City Hotel,0,118,2016,July,6,8,1,2,3,2,0,0,2,SC,NLD,Online TA,TA/TO,0,0,0,A,A,1,No Deposit,93,22,0,Transient,77.07,0,3,Check-Out,2016-06-15
City Hotel,0,226,2016,December,37,23,0,3,3,1,0,0,1,SC,NLD,Online TA,TA/TO,0,0,0,A,A,0,No Deposit,417,22,0,Transient,78.43,0,0,Check-Out,2016-06-15
City Hotel,1,15,2017,August,22,13,0,2,2,2,0,0,2,BB,NLD,Offline TA/TO,TA/TO,0,0,0,E,E,0,No Deposit,176,0,0,Transient,109.22,0,0,Canceled,2016-06-15
City Hotel,0,26,2017,July,9,26,0,1,1,1,0,0,1,BB,NLD,Groups,TA/TO,0,0,0,D,D,1,No Deposit,399,22,0,Transient-Party,139.4,0,0,Check-Out,2016-06-15
Resort Hotel,0,11,2016,June,43,6,2,2,4,2,0,0,2,BB,GBR,Online TA,TA/TO,0,0,0,A,A,0,No Deposit,390,0,0,Transient-Party,94.95,0,2,Check-Out,2016-06-15
Resort Hotel,0,15,2015,October,29,1,0,2,2,3,0,0,3,BB,FRA,Corporate,TA/TO,0,0,0,F,F,0,No Deposit,268,0,0,Contract,51.8,0,0,Check-Out,2016-06-15
Resort Hotel,1,71,2016,April,50,2,2,3,5,2,0,0,2,BB,DEU,Online TA,Direct,0,0,0,A,A,0,No Deposit,201,0,0,Transient,72.25,0,2,Canceled,2016-06-15
Resort Hotel,0,38,2017,January,52,7,1,2,3,2,0,0,2,BB,FRA,Direct,TA/TO,0,0,0,A,A,0,No Deposit,248,0,30,Transient,134.33,0,0,Check-Out,2016-06-15
City Hotel,0,55,2017,March,17,13,0,5,5,1,0,0,1,BB,PRT,Offline TA/TO,TA/TO,0,0,0,D,D,0,No Deposit,242,0,0,Transient,50.97,0,3,Check-Out,2016-06-15
Resort Hotel,1,404,2016,February,13,27,3,2,5,2,1,0,3,SC,NLD,Offline TA/TO,TA/TO,0,0,0,D,D,0,No Deposit,376,0,0,Transient-Party,76.5,0,0,Canceled,2016-06-15
City Hotel,0,17,2016,May,17,4,2,5,7,2,0,0,2,BB,NLD,Online TA,TA/TO,0,0,0,A,A,0,No Deposit,326,0,0,Transient,26.52,0,0,Check-Out,2016-06-15
City Hotel,0,77,2016,September,10,9,0,2,2,2,1,0,3,BB,GBR,Direct,TA/TO,0,0,0,A,A,0,No Deposit,85,22,0,Transient-Party,41.42,0,0,Check-Out,2016-06-15
City Hotel,1,10,2017,August,25,19,1,3,4,1,0,0,1,BB,PRT,Online TA,TA/TO,0,0,0,A,A,0,No Deposit,445,0,0,Transient,53.67,0,0,Canceled,2016-06-15
City Hotel,1,38,2017,March,18,20,2,1,3,2,0,0,2,BB,PRT,Corporate,Direct,0,0,0,A,A,0,No Deposit,492,0,0,Transient,110.94,0,2,Canceled,2016-06-15
Resort Hotel,0,74,2016,September,49,3,2,4,6,2,0,0,2,HB,PRT,Online TA,TA/TO,0,0,0,A,A,0,No Deposit,414,22,0,Transient,65.51,0,1,Check-Out,2016-06-15
City Hotel,1,293,2016,July,44,23,2,1,3,1,0,0,1,SC,PRT,Online TA,TA/TO,0,0,0,C,C,0,Non Refund,338,0,0,Contract,65.38,0,2,Canceled,2016-06-15
City Hotel,0,49,2017,July,15,2,2,5,7,2,0,0,2,BB,DEU,Offline TA/TO,TA/TO,0,0,0,A,A,0,No Deposit,290,0,0,Transient,81.1,0,0,Check-Out,2016-06-15
City Hotel,0,6,2016,May,27,16,0,2,2,2,0,0,2,BB,PRT,Direct,TA/TO,0,0,0,A,A,0,No Deposit,16,0,0,Transient,155.33,0,0,Check-Out,2016-06-15
City Hotel,0,49,2017,October,19,10,4,1,5,1,0,0,1,BB,DEU,Online TA,Corporate,0,0,0,G,G,1,No Deposit,175,22,0,Transient-Party,69.71,0,3,Check-Out,2016-06-15
City Hotel,0,15,2016,May,15,28,0,2,2,2,0,0,2,BB,PRT,Online TA,TA/TO,0,0,0,A,A,0,No Deposit,267,0,0,Transient,125.9,0,0,Check-Out,2016-06-15
City Hotel,0,26,2017,February,45,12,0,4,4,2,1,0,3,FB,NLD,Direct,TA/TO,0,0,0,A,A,3,Non Refund,22,0,0,Transient,173.51,0,0,Check-Out,2016-06-15
City Hotel,1,96,2017,May,7,18,3,1,4,2,0,0,2,BB,FRA,Offline TA/TO,TA/TO,0,0,0,A,A,0,No Deposit,2,22,0,Transient,131.01,0,0,Canceled,2016-06-15
City Hotel,0,6,2016,August,43,2,0,3,3,2,0,0,2,BB,ITA,Online TA,TA/TO,0,0,0,D,C,0,No Deposit,129,0,0,Transient,85.21,0,0,Check-Out,2016-06-15
City Hotel,0,62,2017,August,40,14,1,2,3,2,0,0,2,BB,FRA,Direct,TA/TO,0,0,0,A,A,0,No Deposit,293,22,0,Transient,88.63,0,3,Check-Out,2016-06-15
Resort Hotel,0,94,2015,March,52,12,1,2,3,2,0,0,2,HB,NLD,Groups,TA/TO,0,0,0,D,D,2,No Deposit,359,22,0,Transient-Party,118.73,0,1,Check-Out,2016-06-15
City Hotel,1,54,2017,February,16,20,2,4,6,2,0,0,2,HB,ITA,Offline TA/TO,TA/TO,0,0,0,A,A,0,No Deposit,31,22,0,Transient-Party,132.58,0,0,Canceled,2016-06-15
Resort Hotel,0,1,2017,August,24,24,0,1,1,2,0,0,2,BB,DEU,Online TA,Direct,0,0,0,A,A,0,No Deposit,133,22,0,Transient,69.18,1,0,Check-Out,2016-06-15
City Hotel,1,423,2016,August,23,24,1,2,3,2,0,0,2,BB,ESP,Groups,TA/TO,0,0,0,B,B,0,No Deposit,355,22,0,Transient,69.29,0,1,Canceled,2016-06-15
City Hotel,0,45,2016,May,11,24,0,2,2,2,0,0,2,BB,NLD,Online TA,TA/TO,1,0,0,E,E,0,No Deposit,194,22,0,Transient,129.31,1,1,Check-Out,2016-06-15
Resort Hotel,0,150,2016,October,24,8,0,1,1,2,2,0,4,BB,ITA,Offline TA/TO,TA/TO,0,0,0,C,C,0,Non Refund,188,0,0,Transient,85.53,0,0,Check-Out,2016-06-15
City Hotel,0,39,2017,December,5,23,2,1,3,2,0,0,2,BB,BRA,Online TA,TA/TO,0,2,0,A,A,3,No Deposit,51,0,0,Contract,102.48,0,0,Check-Out,2016-06-15
City Hotel,1,64,2017,March,39,22,1,2,3,3,1,0,4,BB,PRT,Online TA,Corporate,0,0,0,D,D,0,No Deposit,383,22,0,Transient,128.31,0,2,Canceled,2016-06-15
City Hotel,0,49,2016,July,48,28,0,2,2,1,1,0,2,BB,NLD,Online TA,TA/TO,0,0,0,G,F,0,No Deposit,22,22,0,Transient,106.51,0,2,Check-Out,2016-06-15
City Hotel,0,41,2017,January,30,7,0,1,1,1,0,0,1,BB,ESP,Direct,TA/TO,0,0,0,A,A,0,No Deposit,312,22,0,Transient-Party,121.84,0,0,Check-Out,2016-06-15
City Hotel,0,2,2016,August,16,13,0,1,1,2,0,0,2,BB,PRT,Direct,Direct,0,0,0,A,A,0,No Deposit,86,22,5,Transient,90.28,0,2,Check-Out,2016-06-15
Resort Hotel,0,44,2016,June,20,15,1,1,2,1,0,0,1,BB,ESP,Offline TA/TO,TA/TO,0,0,0,A,C,0,No Deposit,158,22,0,Contract,152.11,0,0,Check-Out,2016-06-15
City Hotel,0,220,2016,March,29,14,0,2,2,2,0,0,2,BB,DEU,Offline TA/TO,TA/TO,0,0,1,F,F,1,No Deposit,446,0,0,Transient,94.14,0,0,Check-Out,2016-06-15
Resort Hotel,0,117,2016,September,17,5,0,1,1,2,0,0,2,BB,PRT,Offline TA/TO,TA/TO,0,0,0,F,F,0,No Deposit,217,0,30,Transient,116.85,0,1,Check-Out,2016-06-15
City Hotel,0,15,2015,September,19,8,0,3,3,1,0,0,1,BB,GBR,Online TA,TA/TO,0,0,0,A,A,0,No Deposit,355,22,0,Transient-Party,94.89,0,0,Check-Out,2016-06-15
Resort Hotel,1,89,2016,February,26,18,2,1,3,1,0,0,1,BB,BEL,Groups,TA/TO,0,0,1,A,A,0,No Deposit,103,22,0,Transient-Party,133.82,1,2,Canceled,2016-06-15
City Hotel,0,222,2016,January,15,5,1,4,5,2,0,0,2,BB,PRT,Offline TA/TO,Direct,0,0,0,A,A,0,No Deposit,216,0,0,Transient,81.0,0,2,Check-Out,2016-06-15
City Hotel,0,120,2017,May,25,23,1,1,2,1,0,0,1,BB,NLD,Online TA,TA/TO,0,0,0,F,F,1,No Deposit,483,0,0,Contract,111.56,0,0,Check-Out,2016-06-15
Resort Hotel,0,16,2015,August,15,9,0,2,2,2,0,0,2,BB,PRT,Online TA,TA/TO,0,0,0,G,E,0,No Deposit,430,0,0,Transient,77.87,0,0,Check-Out,2016-06-15
City Hotel,0,202,2016,September,20,10,1,2,3,2,0,0,2,BB,ESP,Corporate,TA/TO,0,0,0,D,D,1,No Deposit,495,0,0,Transient,86.34,0,1,Check-Out,2016-06-15
City Hotel,1,35,2016,July,30,17,2,2,4,2,0,0,2,BB,GBR,Online TA,TA/TO,0,0,0,A,A,0,No Deposit,341,22,0,Transient-Party,130.55,0,0,Canceled,2016-06-15
City Hotel,0,60,2017,July,21,27,1,1,2,1,0,0,1,BB,PRT,Online TA,TA/TO,0,0,0,D,D,1,Non Refund,35,22,0,Transient-Party,92.82,0,1,Check-Out,2016-06-15
City Hotel,1,74,2017,September,47,25,0,5,5,2,1,0,3,BB,NLD,Groups,TA/TO,0,0,0,A,A,0,No Deposit,289,22,0,Transient,100.69,0,1,Canceled,2016-06-15
City Hotel,1,190,2017,July,35,3,4,2,6,2,0,0,2,BB,ESP,Groups,TA/TO,0,0,0,G,G,1,No Deposit,417,22,0,Transient,79.57,0,1,Canceled,2016-06-15
City Hotel,1,268,2017,July,44,1,1,1,2,2,0,0,2,BB,IRL,Online TA,TA/TO,0,0,0,A,A,0,No Deposit,457,0,0,Transient,80.97,0,0,Canceled,2016-06-15
Resort Hotel,1,265,2016,July,6,7,0,1,1,1,0,0,1,BB,GBR,Direct,TA/TO,0,0,0,F,F,0,No Deposit,101,0,0,Transient,184.79,0,1,Canceled,2016-06-15
Resort Hotel,0,0,2016,October,52,15,1,7,8,2,0,0,2,BB,NLD,Direct,TA/TO,1,0,0,A,A,0,No Deposit,59,22,10,Transient,140.41,0,0,Check-Out,2016-06-15
City Hotel,0,254,2017,April,37,19,0,1,1,2,0,0,2,BB,PRT,Online TA,TA/TO,0,0,0,D,D,0,No Deposit,26,0,0,Transient,105.09,0,0,Check-Out,2016-06-15
City Hotel,0,5,2017,April,11,8,0,2,2,2,0,0,2,FB,PRT,Online TA,Direct,0,0,0,D,D,0,No Deposit,258,0,0,Transient,76.3,0,2,Check-Out,2016-06-15
City Hotel,1,30,2016,February,23,11,2,1,3,1,0,0,1,SC,NLD,Online TA,TA/TO,0,0,0,A,A,0,No Deposit,384,0,0,Transient,77.91,0,0,Canceled,2016-06-15
City Hotel,0,72,2017,September,44,2,1,3,4,2,0,0,2,FB,NLD,Offline TA/TO,Direct,0,0,0,A,A,0,No Deposit,44,0,0,Transient,52.51,0,0,Check-Out,2016-06-15
City Hotel,0,65,2017,June,39,20,2,3,5,1,0,0,1,BB,NLD,Groups,TA/TO,0,0,0,D,D,0,No Deposit,404,0,0,Transient,187.75,0,0,Check-Out,2016-06-15
City Hotel,1,92,2017,May,9,28,3,2,5,2,0,0,2,BB,PRT,Online TA,TA/TO,0,0,0,D,D,0,No Deposit,494,0,0,Transient,69.58,0,1,Canceled,2016-06-15
City Hotel,0,65,2017,December,18,2,1,5,6,2,0,0,2,HB,GBR,Online TA,Direct,0,2,0,A,A,0,No Deposit,389,0,0,Transient,64.52,0,1,Check-Out,2016-06-15
City Hotel,1,272,2016,November,46,11,1,3,4,2,0,0,2,BB,NLD,Online TA,TA/TO,0,0,0,C,A,2,No Deposit,235,22,0,Transient,103.18,0,0,Canceled,2016-06-15
City Hotel,0,27,2016,December,36,20,2,6,8,2,0,0,2,BB,NLD,Online TA,Direct,0,0,0,A,A,0,No Deposit,281,0,0,Transient,39.02,0,0,Check-Out,2016-06-15
City Hotel,1,32,2015,March,40,28,1,3,4,2,0,0,2,HB,PRT,Groups,TA/TO,0,0,0,A,A,0,No Deposit,274,22,0,Transient-Party,98.51,0,0,Canceled,2016-06-15
City Hotel,0,253,2016,October,48,17,0,2,2,2,0,0,2,BB,GBR,Online TA,TA/TO,0,0,0,A,A,0,No Deposit,484,22,0,Group,140.8,0,1,Check-Out,2016-06-15
City Hotel,0,7,2017,May,36,10,2,1,3,1,0,0,1,BB,PRT,Groups,Direct,0,0,0,A,A,0,No Deposit,184,0,0,Transient-Party,121.63,0,0,Check-Out,2016-06-15
Resort Hotel,0,94,2016,January,28,5,0,3,3,2,0,0,2,BB,FRA,Direct,TA/TO,1,0,0,D,D,0,No Deposit,80,22,0,Transient,105.7,0,0,Check-Out,2016-06-15
Resort Hotel,1,114,2016,May,19,3,0,2,2,2,0,0,2,BB,PRT,Online TA,TA/TO,0,0,0,A,A,0,No Deposit,259,22,0,Transient,73.3,0,1,Canceled,2016-06-15
City Hotel,0,70,2016,July,30,9,0,3,3,2,0,0,2,BB,PRT,Corporate,TA/TO,0,0,0,A,A,0,No Deposit,50,22,0,Transient,78.06,0,0,Check-Out,2016-06-15
City Hotel,0,118,2017,February,38,20,2,5,7,2,0,0,2,BB,NLD,Offline TA/TO,TA/TO,0,0,2,G,G,0,No Deposit,147,0,0,Transient,81.92,0,0,Check-Out,2016-06-15
City Hotel,1,18,2015,July,51,22,2,1,3,2,0,0,2,HB,GBR,Offline TA/TO,TA/TO,0,0,0,A,A,0,No Deposit,112,0,0,Transient-Party,76.03,0,1,Canceled,2016-06-15
City Hotel,1,191,2016,September,15,25,1,4,5,2,0,0,2,HB,NLD,Offline TA/TO,Direct,0,0,0,A,A,0,No Deposit,359,22,0,Transient,60.62,0,0,Canceled,2016-06-15
Resort Hotel,0,15,2016,May,44,2,0,2,2,2,0,0,2,FB,IRL,Groups,TA/TO,0,0,0,F,F,0,No Deposit,414,0,0,Transient,84.49,0,1,Check-Out,2016-06-15
City Hotel,1,51,2016,May,12,23,0,1,1,2,0,0,2,SC,PRT,Offline TA/TO,TA/TO,0,0,0,A,A,1,No Deposit,73,0,0,Transient,132.75,0,2,Canceled,2016-06-15
City Hotel,0,7,2017,May,2,19,1,3,4,2,0,0,2,BB,ITA,Groups,TA/TO,0,0,0,A,A,0,No Deposit,448,22,0,Transient-Party,89.9,0,2,Check-Out,2016-06-15
City Hotel,0,78,2017,November,9,17,0,2,2,1,0,0,1,BB,NLD,Online TA,Direct,0,0,0,A,A,0,Refundable,181,0,0,Transient,112.86,0,3,Check-Out,2016-06-15
City Hotel,1,110,2016,January,35,25,1,4,5,3,0,0,3,BB,GBR,Offline TA/TO,TA/TO,0,0,0,A,A,1,No Deposit,122,22,0,Transient,123.84,0,1,Canceled,2016-06-15
City Hotel,1,283,2017,June,1,25,1,2,3,1,2,0,3,BB,ESP,Online TA,TA/TO,1,0,0,A,A,0,No Deposit,386,0,0,Transient,146.43,0,0,Canceled,2016-06-15
Resort Hotel,0,134,2016,April,46,12,2,4,6,2,0,0,2,BB,PRT,Online TA,Direct,0,0,0,A,A,0,No Deposit,491,0,0,Transient,54.66,0,0,Check-Out,2016-06-15
City Hotel,0,77,2017,October,31,27,1,2,3,1,0,0,1,BB,GBR,Offline TA/TO,TA/TO,0,0,0,A,A,0,No Deposit,174,0,0,Transient,116.83,0,0,Check-Out,2016-06-15
City Hotel,1,269,2016,February,28,20,0,2,2,2,0,0,2,SC,ESP,Online TA,TA/TO,0,0,0,F,F,0,Refundable,379,22,0,Transient,100.88,0,1,Canceled,2016-06-15
City Hotel,0,65,2017,June,45,9,1,2,3,2,2,0,4,SC,DEU,Offline TA/TO,TA/TO,0,0,0,A,A,0,No Deposit,215,0,0,Transient-Party,167.77,0,1,Check-Out,2016-06-15
City Hotel,0,82,2016,June,37,23,0,1,1,2,0,0,2,BB,BEL,Offline TA/TO,TA/TO,0,0,0,A,A,0,No Deposit,99,22,0,Transient-Party,115.74,0,0,Check-Out,2016-06-15
Resort Hotel,1,90,2015,October,7,4,0,3,3,3,0,0,3,BB,NLD,Online TA,TA/TO,0,0,0,C,C,0,No Deposit,263,22,0,Transient,122.81,0,0,Canceled,2016-06-15
Resort Hotel,0,52,2016,April,46,28,1,2,3,1,1,0,2,BB,NLD,Direct,TA/TO,0,0,0,A,A,0,No Deposit,326,0,0,Transient-Party,104.25,0,1,Check-Out,2016-06-15
City Hotel,1,182,2016,August,16,18,0,7,7,2,0,0,2,BB,NLD,Online TA,TA/TO,0,0,0,A,A,0,No Deposit,449,0,0,Transient,70.06,0,0,Canceled,2016-06-15
City Hotel,0,20,2017,March,50,16,0,2,2,2,1,0,3,BB,ESP,Online TA,Corporate,0,0,0,A,A,0,No Deposit,430,0,0,Transient,84.46,0,0,Check-Out,2016-06-15
Resort Hotel,0,80,2015,November,14,21,0,2,2,2,0,0,2,BB,PRT,Direct,TA/TO,0,0,0,A,A,0,Non Refund,42,22,0,Transient,110.03,0,0,Check-Out,2016-06-15
Resort Hotel,0,128,2016,July,33,24,1,1,2,2,0,0,2,BB,DEU,Direct,TA/TO,0,0,0,F,F,0,No Deposit,29,22,30,Group,147.6,0,0,Check-Out,2016-06-15
City Hotel,0,234,2017,August,6,10,0,3,3,1,0,0,1,BB,GBR,Online TA,TA/TO,0,0,0,D,D,1,Non Refund,69,0,0,Transient,78.28,0,0,Check-Out,2016-06-15
Resort Hotel,0,215,2016,June,21,26,0,4,4,2,0,0,2,SC,PRT,Corporate,TA/TO,0,0,0,E,B,0,No Deposit,333,22,0,Transient,52.08,0,2,Check-Out,2016-06-15
City Hotel,0,71,2017,May,10,22,0,1,1,2,0,0,2,BB,PRT,Corporate,TA/TO,0,0,0,E,B,0,No Deposit,251,22,0,Transient-Party,91.91,0,1,Check-Out,2016-06-15
City Hotel,0,103,2015,April,32,12,1,1,2,1,0,0,1,BB,BRA,Online TA,TA/TO,0,0,0,A,A,0,No Deposit,207,0,0,Transient,112.69,0,0,Check-Out,2016-06-15
City Hotel,0,50,2016,July,6,28,2,3,5,1,0,0,1,HB,DEU,Offline TA/TO,TA/TO,0,0,0,A,A,0,No Deposit,385,22,0,Transient,90.43,0,2,Check-Out,2016-06-15
Resort Hotel,0,63,2017,November,2,11,1,1,2,2,0,0,2,SC,NLD,Online TA,TA/TO,0,0,0,E,E,0,No Deposit,471,0,0,Transient-Party,118.64,0,0,Check-Out,2016-06-15
Resort Hotel,0,236,2016,May,39,5,1,2,3,2,0,0,2,SC,NLD,Online TA,Direct,0,0,0,A,A,0,No Deposit,363,0,0,Transient,134.87,0,0,Check-Out,2016-06-15
City Hotel,1,266,2016,October,49,20,1,3,4,2,2,0,4,BB,ESP,Online TA,TA/TO,0,0,0,A,A,0,No Deposit,333,0,0,Transient-Party,79.86,1,1,Canceled,2016-06-15
City Hotel,1,225,2017,March,27,11,2,2,4,2,0,0,2,SC,PRT,Online TA,TA/TO,1,0,0,A,A,3,No Deposit,105,0,0,Transient-Party,84.43,0,0,Canceled,2016-06-15
City Hotel,1,14,2016,November,14,16,0,2,2,1,0,0,1,BB,PRT,Direct,TA/TO,0,0,3,D,D,0,No Deposit,459,22,0,Transient,125.08,0,1,Canceled,2016-06-15
Resort Hotel,0,189,2017,May,23,15,1,4,5,2,0,0,2,BB,PRT,Direct,TA/TO,0,0,0,A,A,0,Non Refund,76,22,0,Transient,76.73,0,1,Check-Out,2016-06-15
City Hotel,0,296,2017,May,39,6,1,2,3,2,0,0,2,BB,FRA,Direct,TA/TO,0,0,0,A,A,0,No Deposit,415,0,0,Transient-Party,153.88,0,2,Check-Out,2016-06-15
City Hotel,0,44,2015,June,21,13,1,1,2,1,0,0,1,BB,NLD,Online TA,Direct,0,0,0,A,A,0,No Deposit,276,0,0,Transient,129.12,0,0,Check-Out,2016-06-15
City Hotel,0,73,2017,August,41,16,1,2,3,1,0,0,1,BB,NLD,Offline TA/TO,TA/TO,0,0,0,A,A,1,No Deposit,329,0,0,Contract,99.63,0,0,Check-Out,2016-06-15
City Hotel,0,151,2016,August,51,27,3,1,4,1,0,0,1,BB,PRT,Groups,TA/TO,0,0,0,A,A,0,No Deposit,213,0,0,Transient,116.0,0,0,Check-Out,2016-06-15
City Hotel,1,82,2016,June,30,3,2,3,5,2,0,0,2,BB,ESP,Groups,TA/TO,0,0,0,A,A,0,No Deposit,333,0,0,Contract,120.47,0,0,Canceled,2016-06-15
City Hotel,1,503,2017,July,25,18,1,3,4,2,0,0,2,BB,ITA,Offline TA/TO,TA/TO,0,0,0,A,A,0,Non Refund,261,22,0,Transient,145.98,0,0,Canceled,2016-06-15
Resort Hotel,0,60,2017,January,24,1,1,1,2,2,0,0,2,BB,GBR,Online TA,TA/TO,0,0,0,D,D,0,No Deposit,101,22,0,Transient,124.99,1,2,Check-Out,2016-06-15
City Hotel,0,125,2017,May,11,25,2,3,5,1,0,0,1,BB,NLD,Groups,TA/TO,0,0,0,E,E,0,No Deposit,349,22,0,Transient,110.27,0,0,Check-Out,2016-06-15
Resort Hotel,0,157,2017,May,35,17,1,2,3,2,0,0,2,BB,GBR,Direct,TA/TO,0,0,0,A,F,0,No Deposit,478,0,10,Transient,106.66,0,0,Check-Out,2016-06-15
City Hotel,0,68,2016,July,4,27,4,3,7,2,0,0,2,BB,FRA,Online TA,TA/TO,0,0,0,A,A,0,No Deposit,170,22,0,Transient,62.16,0,0,Check-Out,2016-06-15
City Hotel,1,194,2016,July,37,20,1,3,4,1,1,0,2,BB,ESP,Offline TA/TO,Direct,0,0,0,A,A,0,Non Refund,101,22,0,Transient-Party,120.96,0,2,Canceled,2016-06-15
Resort Hotel,1,78,2016,August,36,6,0,2,2,2,1,0,3,BB,GBR,Offline TA/TO,TA/TO,1,0,0,D,D,0,No Deposit,331,22,0,Transient,109.61,0,1,Canceled,2016-06-15
City Hotel,1,53,2016,August,13,9,1,1,2,2,2,0,4,BB,NLD,Groups,TA/TO,0,0,0,A,A,0,No Deposit,311,0,0,Transient,102.57,0,0,Canceled,2016-06-15
Resort Hotel,0,11,2016,April,9,4,2,4,6,2,0,0,2,BB,NLD,Direct,TA/TO,0,0,0,A,A,0,Non Refund,288,22,0,Transient-Party,91.57,0,1,Check-Out,2016-06-15
City Hotel,1,49,2017,September,28,7,2,3,5,2,0,0,2,BB,NLD,Online TA,TA/TO,0,0,0,G,G,0,No Deposit,433,0,0,Contract,149.15,0,0,Canceled,2016-06-15
City Hotel,0,132,2016,January,46,23,2,4,6,3,0,0,3,SC,BRA,Online TA,Direct,0,0,0,D,D,0,No Deposit,350,0,0,Transient,120.39,0,2,Check-Out,2016-06-15
Resort Hotel,0,254,2017,August,16,22,3,2,5,2,0,0,2,BB,ESP,Online TA,TA/TO,0,0,0,A,A,0,No Deposit,346,22,0,Transient,111.39,0,0,Check-Out,2016-06-15
City Hotel,0,28,2017,February,6,25,1,2,3,1,0,0,1,BB,PRT,Online TA,TA/TO,0,0,0,A,A,0,No Deposit,167,22,0,Transient,154.3,0,0,Check-Out,2016-06-15
City Hotel,0,43,2015,August,27,11,0,2,2,2,0,0,2,BB,NLD,Online TA,TA/TO,0,0,0,A,A,0,No Deposit,261,22,0,Transient-Party,90.28,0,0,Check-Out,2016-06-15
Resort Hotel,0,16,2016,July,10,26,1,2,3,2,0,0,2,BB,DEU,Groups,TA/TO,0,0,0,A,A,0,No Deposit,483,22,0,Transient,120.71,0,0,Check-Out,2016-06-15
Resort Hotel,1,117,2016,June,23,23,0,3,3,1,0,0,1,BB,PRT,Online TA,TA/TO,0,0,0,A,A,0,No Deposit,359,0,0,Transient,163.36,0,0,Canceled,2016-06-15
City Hotel,1,322,2016,August,21,3,3,4,7,2,0,0,2,HB,PRT,Online TA,TA/TO,0,0,0,A,A,0,No Deposit,127,0,0,Contract,69.01,0,1,Canceled,2016-06-15
City Hotel,1,102,2017,January,26,16,2,1,3,2,0,0,2,BB,FRA,Offline TA/TO,Direct,0,0,0,G,D,0,No Deposit,133,22,0,Transient,81.86,1,0,Canceled,2016-06-15
City Hotel,1,95,2016,April,45,6,4,2,6,1,0,0,1,BB,NLD,Online TA,TA/TO,0,0,1,A,A,0,No Deposit,388,22,0,Transient,139.27,0,2,Canceled,2016-06-15
Resort Hotel,0,80,2017,July,3,7,0,2,2,1,0,0,1,BB,ESP,Corporate,TA/TO,0,0,0,A,A,0,No Deposit,297,22,0,Transient,85.29,0,2,Check-Out,2016-06-15
Resort Hotel,1,9,2017,October,43,12,0,2,2,2,1,0,3,BB,NLD,Online TA,TA/TO,0,0,0,A,A,1,No Deposit,180,22,0,Transient,28.64,0,0,Canceled,2016-06-15
City Hotel,0,130,2016,May,35,7,1,2,3,2,0,0,2,BB,NLD,Online TA,Direct,0,0,0,A,D,1,No Deposit,261,22,0,Transient,68.04,0,0,Check-Out,2016-06-15
Resort Hotel,1,92,2017,April,7,22,0,4,4,2,0,0,2,BB,DEU,Offline TA/TO,Direct,0,0,0,A,A,1,No Deposit,204,0,0,Transient,58.04,0,1,Canceled,2016-06-15
Resort Hotel,1,108,2015,July,27,19,1,5,6,1,0,0,1,BB,PRT,Groups,TA/TO,0,0,0,A,A,0,No Deposit,6,0,0,Transient,57.66,0,0,Canceled,2016-06-15
Resort Hotel,0,229,2015,August,42,22,1,1,2,2,0,0,2,BB,NLD,Offline TA/TO,TA/TO,0,0,0,E,B,0,No Deposit,222,0,0,Transient,122.12,0,0,Check-Out,2016-06-15
City Hotel,1,153,2015,June,33,16,2,3,5,1,0,0,1,BB,DEU,Groups,TA/TO,0,0,0,A,A,1,No Deposit,235,0,0,Transient,120.89,0,0,Canceled,2016-06-15
City Hotel,0,151,2016,October,4,18,0,2,2,2,2,0,4,BB,ESP,Online TA,TA/TO,0,0,3,A,A,1,No Deposit,422,0,0,Transient,102.45,0,2,Check-Out,2016-06-15
City Hotel,0,261,2016,July,26,10,2,2,4,2,0,0,2,BB,FRA,Offline TA/TO,Corporate,0,0,0,G,G,1,No Deposit,242,0,0,Contract,94.72,0,0,Check-Out,2016-06-15
City Hotel,0,459,2017,January,8,1,1,1,2,1,0,0,1,SC,PRT,Groups,Corporate,0,0,0,A,A,0,No Deposit,363,0,0,Transient,128.17,0,1,Check-Out,2016-06-15
Resort Hotel,0,87,2016,April,20,8,4,1,5,2,0,0,2,BB,PRT,Online TA,TA/TO,0,0,0,D,D,0,No Deposit,51,0,0,Transient,122.72,0,0,Check-Out,2016-06-15
City Hotel,1,11,2016,June,17,3,0,7,7,2,0,0,2,BB,IRL,Online TA,Corporate,0,0,0,A,A,0,No Deposit,8,0,0,Transient,83.31,0,0,Canceled,2016-06-15
Resort Hotel,0,61,2016,August,5,16,0,3,3,2,0,0,2,BB,NLD,Offline TA/TO,TA/TO,0,0,0,E,E,0,No Deposit,201,0,0,Transient,35.2,0,2,Check-Out,2016-06-15
City Hotel,0,154,2016,April,49,24,2,2,4,3,0,0,3,BB,PRT,Offline TA/TO,Direct,0,0,0,A,A,1,No Deposit,390,22,0,Transient,43.59,0,1,Check-Out,2016-06-15
City Hotel,0,2,2016,December,9,3,0,4,4,1,2,0,3,BB,NLD,Groups,Corporate,0,0,0,E,E,0,No Deposit,81,22,0,Transient,67.45,0,1,Check-Out,2016-06-15
City Hotel,1,5,2016,May,8,2,1,1,2,2,0,0,2,HB,PRT,Online TA,Corporate,0,0,0,A,A,0,Non Refund,108,0,0,Transient,159.31,0,0,Canceled,2016-06-15
City Hotel,1,6,2016,July,7,12,2,3,5,2,0,0,2,BB,ESP,Direct,TA/TO,0,0,0,E,E,0,No Deposit,173,0,0,Transient,74.91,0,1,Canceled,2016-06-15
City Hotel,1,131,2016,January,37,8,1,3,4,2,0,0,2,BB,PRT,Offline TA/TO,TA/TO,0,0,0,E,E,0,No Deposit,92,0,0,Group,65.43,0,1,Canceled,2016-06-15
Resort Hotel,1,69,2016,October,36,19,0,2,2,1,0,0,1,HB,NLD,Online TA,Corporate,0,0,0,A,A,0,Non Refund,98,22,0,Group,97.51,0,3,Canceled,2016-06-15
City Hotel,0,46,2017,September,3,24,0,2,2,2,0,0,2,BB,PRT,Online TA,TA/TO,0,0,1,D,G,0,No Deposit,157,0,0,Transient,95.11,0,0,Check-Out,2016-06-15
City Hotel,0,11,2015,March,8,18,1,6,7,2,0,0,2,BB,PRT,Corporate,TA/TO,0,0,0,D,D,0,No Deposit,339,22,0,Transient,96.21,0,0,Check-Out,2016-06-15
City Hotel,0,131,2017,November,5,20,1,2,3,2,0,0,2,BB,NLD,Online TA,TA/TO,0,0,0,B,B,0,No Deposit,155,22,0,Transient,54.96,0,1,Check-Out,2016-06-15
City Hotel,0,38,2016,May,5,25,0,1,1,2,0,0,2,HB,ITA,Online TA,TA/TO,0,0,0,A,A,1,No Deposit,466,0,0,Transient-Party,105.05,0,1,Check-Out,2016-06-15
City Hotel,1,30,2016,August,17,15,2,3,5,2,1,0,3,BB,GBR,Online TA,TA/TO,0,0,0,A,A,1,No Deposit,453,22,0,Transient,59.13,1,1,Canceled,2016-06-15
Resort Hotel,0,105,2016,September,47,17,1,3,4,2,0,0,2,BB,NLD,Online TA,TA/TO,1,0,0,A,A,0,No Deposit,122,0,0,Transient,54.01,0,0,Check-Out,2016-06-15
City Hotel,1,81,2016,September,27,18,2,4,6,2,0,0,2,HB,DEU,Offline TA/TO,TA/TO,0,0,0,A,A,0,No Deposit,262,0,0,Transient,149.86,0,0,Canceled,2016-06-15
Resort Hotel,1,45,2016,November,40,18,0,4,4,2,0,0,2,BB,PRT,Direct,TA/TO,0,0,0,G,G,3,No Deposit,212,0,0,Transient,88.59,0,0,Canceled,2016-06-15
City Hotel,0,102,2017,October,39,9,2,3,5,1,0,0,1,BB,BRA,Online TA,TA/TO,0,0,0,A,A,0,No Deposit,346,22,0,Transient,112.6,0,0,Check-Out,2016-06-15
City Hotel,0,31,2016,December,49,26,2,1,3,1,0,0,1,BB,PRT,Online TA,Corporate,0,0,0,C,C,1,No Deposit,113,0,0,Transient,28.85,0,2,Check-Out,2016-06-15
City Hotel,1,158,2017,March,12,5,2,5,7,1,0,0,1,BB,NLD,Groups,TA/TO,0,0,0,D,D,0,No Deposit,154,0,0,Transient-Party,113.71,0,0,Canceled,2016-06-15
City Hotel,1,26,2016,May,28,11,1,1,2,2,2,0,4,SC,NLD,Offline TA/TO,Corporate,1,0,0,D,D,1,Non Refund,176,0,0,Transient,101.21,0,1,Canceled,2016-06-15
City Hotel,1,17,2016,August,4,4,0,1,1,2,0,0,2,BB,PRT,Online TA,TA/TO,0,0,0,A,A,0,No Deposit,455,22,0,Transient,91.97,1,0,Canceled,2016-06-15
Resort Hotel,0,152,2016,August,52,26,0,2,2,2,0,0,2,SC,PRT,Online TA,Direct,0,0,0,A,A,0,No Deposit,381,0,0,Transient-Party,59.6,0,0,Check-Out,2016-06-15
City Hotel,1,123,2015,July,28,10,1,2,3,2,0,0,2,BB,NLD,Online TA,TA/TO,0,0,0,A,A,0,No Deposit,168,0,0,Transient-Party,88.61,0,0,Canceled,2016-06-15
Resort Hotel,0,20,2017,February,25,4,0,1,1,2,0,0,2,SC,GBR,Online TA,TA/TO,0,0,1,D,D,0,No Deposit,260,0,0,Transient,63.01,0,1,Check-Out,2016-06-15
City Hotel,0,12,2017,October,50,23,2,2,4,2,0,0,2,BB,PRT,Direct,Direct,0,0,0,A,A,0,Non Refund,457,0,0,Group,87.81,0,2,Check-Out,2016-06-15
Resort Hotel,0,182,2017,December,36,3,3,2,5,1,0,0,1,BB,PRT,Offline TA/TO,TA/TO,0,0,0,A,A,0,Non Refund,446,22,0,Transient,30.66,0,0,Check-Out,2016-06-15
Resort Hotel,0,149,2016,June,42,25,0,2,2,1,0,0,1,BB,BEL,Offline TA/TO,Corporate,0,0,0,G,B,0,No Deposit,432,0,0,Transient,47.34,0,0,Check-Out,2016-06-15
City Hotel,1,39,2016,April,3,16,0,1,1,2,0,0,2,BB,PRT,Direct,TA/TO,0,0,0,A,A,0,No Deposit,468,0,0,Transient,50.08,0,0,Canceled,2016-06-15
Resort Hotel,0,107,2017,January,31,21,2,1,3,2,1,0,3,BB,GBR,Offline TA/TO,TA/TO,0,0,0,A,A,0,No Deposit,307,22,0,Transient,128.14,0,0,Check-Out,2016-06-15
City Hotel,0,13,2016,April,37,11,1,4,5,2,2,0,4,BB,NLD,Offline TA/TO,TA/TO,0,0,0,G,A,0,No Deposit,398,0,0,Transient,124.07,0,0,Check-Out,2016-06-15
Resort Hotel,0,70,2017,August,12,9,1,6,7,1,0,0,1,BB,PRT,Online TA,Direct,0,0,0,A,A,0,No Deposit,433,0,0,Transient-Party,70.56,0,2,Check-Out,2016-06-15
Resort Hotel,1,1,2016,November,37,1,2,1,3,2,0,0,2,BB,PRT,Offline TA/TO,Direct,0,0,0,E,E,0,No Deposit,402,0,0,Transient,23.9,0,0,Canceled,2016-06-15
City Hotel,1,49,2017,February,37,10,0,3,3,2,0,0,2,Undefined,ESP,Offline TA/TO,TA/TO,0,0,0,D,D,0,No Deposit,142,0,0,Transient,189.57,0,0,Canceled,2016-06-15
Resort Hotel,0,7,2017,July,4,12,3,5,8,2,0,0,2,BB,IRL,Direct,TA/TO,0,0,0,B,B,0,No Deposit,252,0,0,Transient-Party,88.25,0,0,Check-Out,2016-06-15
Resort Hotel,1,64,2017,August,30,24,2,2,4,2,0,0,2,BB,FRA,Online TA,TA/TO,1,0,0,B,B,0,Non Refund,2,22,0,Transient,100.07,0,0,Canceled,2016-06-15
City Hotel,0,54,2016,April,38,2,0,4,4,2,0,0,2,BB,PRT,Online TA,TA/TO,0,0,0,A,A,0,No Deposit,258,0,0,Transient,176.29,0,2,Check-Out,2016-06-15
Resort Hotel,1,58,2016,July,42,15,0,5,5,2,0,0,2,BB,GBR,Offline TA/TO,TA/TO,0,0,0,A,A,2,No Deposit,456,0,0,Transient-Party,124.75,0,1,Canceled,2016-06-15
City Hotel,0,4,2016,August,38,24,2,2,4,1,0,0,1,BB,PRT,Corporate,TA/TO,0,0,0,A,A,0,No Deposit,63,22,0,Transient,120.45,0,0,Check-Out,2016-06-15
Resort Hotel,0,44,2017,October,27,20,1,1,2,1,0,0,1,BB,PRT,Online TA,Direct,0,0,0,A,A,0,No Deposit,220,0,0,Transient,123.43,0,0,Check-Out,2016-06-15
Resort Hotel,0,141,2017,June,22,16,0,5,5,2,0,0,2,Undefined,BRA,Online TA,GDS,0,0,0,A,A,0,No Deposit,130,0,0,Transient,105.28,0,1,Check-Out,2016-06-15
City Hotel,0,46,2015,September,1,2,0,2,2,1,0,0,1,HB,FRA,Online TA,TA/TO,1,0,0,A,A,0,No Deposit,129,22,0,Transient-Party,73.29,1,2,Check-Out,2016-06-15
Resort Hotel,1,125,2016,May,48,13,0,1,1,2,0,0,2,BB,NLD,Groups,TA/TO,0,0,0,D,D,1,No Deposit,92,0,0,Transient,126.42,0,0,Canceled,2016-06-15
Resort Hotel,0,46,2016,April,43,18,3,2,5,2,0,0,2,BB,PRT,Online TA,TA/TO,0,0,1,F,F,2,No Deposit,149,22,0,Transient,64.34,0,0,Check-Out,2016-06-15
City Hotel,0,55,2017,March,38,22,1,1,2,2,0,0,2,HB,FRA,Online TA,TA/TO,0,0,0,D,D,0,No Deposit,406,0,0,Transient,119.0,0,1,Check-Out,2016-06-15
Resort Hotel,0,82,2015,May,20,19,1,5,6,1,0,0,1,HB,IRL,Corporate,TA/TO,0,0,0,A,A,0,No Deposit,74,0,0,Transient,118.99,0,0,Check-Out,2016-06-15
City Hotel,1,300,2016,January,18,11,3,1,4,2,0,0,2,BB,PRT,Groups,TA/TO,0,1,0,C,C,0,No Deposit,464,22,0,Transient,80.54,0,0,Canceled,2016-06-15
Resort Hotel,0,11,2016,April,6,14,1,2,3,2,0,0,2,BB,PRT,Online TA,TA/TO,0,0,0,C,C,0,No Deposit,443,22,0,Transient,47.62,0,0,Check-Out,2016-06-15
City Hotel,1,3,2016,August,49,26,1,4,5,3,1,0,4,SC,PRT,Online TA,TA/TO,0,0,0,D,D,0,No Deposit,126,0,0,Transient,76.4,0,1,Canceled,2016-06-15
City Hotel,0,93,2017,August,12,3,4,4,8,2,0,1,3,BB,NLD,Online TA,TA/TO,0,0,0,A,A,0,No Deposit,364,22,0,Transient,93.22,0,0,Check-Out,2016-06-15
City Hotel,0,297,2016,February,17,9,0,5,5,2,0,0,2,BB,PRT,Online TA,TA/TO,0,1,0,A,G,0,Refundable,147,0,0,Transient,81.74,0,0,Check-Out,2016-06-15
City Hotel,1,457,2015,April,22,5,4,2,6,2,0,0,2,HB,NLD,Offline TA/TO,TA/TO,1,0,0,A,A,0,No Deposit,22,22,0,Transient,141.06,0,0,Canceled,2016-06-15
City Hotel,0,66,2015,July,18,14,0,7,7,2,0,0,2,BB,FRA,Offline TA/TO,Direct,0,0,0,E,E,0,No Deposit,453,22,0,Transient,163.54,0,0,Check-Out,2016-06-15
City Hotel,1,63,2016,May,10,7,1,2,3,1,0,0,1,SC,NLD,Online TA,TA/TO,0,0,0,A,A,0,No Deposit,22,22,0,Transient,74.27,0,0,Canceled,2016-06-15
Resort Hotel,0,103,2016,June,24,12,0,4,4,2,0,0,2,BB,PRT,Offline TA/TO,TA/TO,0,0,0,A,A,0,No Deposit,13,22,0,Transient,139.38,0,0,Check-Out,2016-06-15
City Hotel,0,81,2016,August,20,21,3,2,5,2,0,0,2,BB,ESP,Online TA,TA/TO,0,0,0,D,D,0,No Deposit,467,22,0,Transient,116.01,0,1,Check-Out,2016-06-15
City Hotel,1,100,2016,January,12,18,1,6,7,2,0,0,2,BB,IRL,Online TA,TA/TO,0,0,0,A,A,0,No Deposit,84,0,0,Transient,135.71,0,0,Canceled,2016-06-15
City Hotel,1,207,2015,April,4,11,0,3,3,3,0,0,3,BB,FRA,Online TA,TA/TO,0,0,0,D,D,0,No Deposit,131,0,0,Transient,96.64,0,0,Canceled,2016-06-15
City Hotel,0,137,2017,March,42,27,0,1,1,3,0,0,3,HB,ESP,Offline TA/TO,TA/TO,0,0,0,A,A,0,No Deposit,441,0,0,Transient,90.17,0,0,Check-Out,2016-06-15
City Hotel,1,68,2017,February,5,24,1,1,2,2,0,0,2,HB,ESP,Offline TA/TO,TA/TO,0,0,0,A,A,0,No Deposit,466,22,0,Transient,90.03,0,0,Canceled,2016-06-15
Resort Hotel,0,61,2017,November,26,9,1,5,6,2,0,0,2,HB,PRT,Groups,Direct,0,0,0,G,G,0,No Deposit,206,0,0,Transient-Party,54.16,0,0,Check-Out,2016-06-15
Resort Hotel,0,102,2017,May,36,11,1,4,5,2,0,0,2,BB,ESP,Direct,TA/TO,0,0,0,A,A,0,No Deposit,485,22,0,Transient-Party,39.55,0,1,Check-Out,2016-06-15
City Hotel,1,60,2016,July,16,18,2,2,4,2,0,0,2,BB,ESP,Corporate,TA/TO,0,0,0,F,F,0,No Deposit,271,0,0,Transient,104.04,0,0,Canceled,2016-06-15
City Hotel,0,61,2016,August,5,2,2,2,4,2,0,0,2,BB,GBR,Online TA,TA/TO,0,0,0,D,D,0,Non Refund,21,0,0,Transient,115.58,0,0,Check-Out,2016-06-15
City Hotel,0,1,2017,January,26,20,1,5,6,2,1,0,3,BB,DEU,Online TA,TA/TO,0,0,0,A,A,0,No Deposit,293,0,0,Transient,98.72,0,1,Check-Out,2016-06-15
City Hotel,1,19,2015,April,19,13,1,1,2,1,0,0,1,HB,GBR,Direct,TA/TO,0,0,0,A,A,0,Non Refund,17,22,0,Transient,92.98,0,0,Canceled,2016-06-15
City Hotel,0,67,2016,October,6,15,0,1,1,2,0,1,3,BB,BRA,Online TA,TA/TO,0,0,0,A,A,0,No Deposit,359,22,0,Transient,105.92,0,1,Check-Out,2016-06-15
City Hotel,0,172,2015,October,24,8,3,3,6,3,1,0,4,HB,PRT,Groups,Corporate,0,0,0,A,A,0,No Deposit,281,22,0,Transient,141.33,1,0,Check-Out,2016-06-15
Resort Hotel,0,32,2016,May,31,5,0,1,1,2,0,0,2,HB,PRT,Online TA,Corporate,0,1,0,A,A,0,No Deposit,331,0,0,Transient,152.81,0,1,Check-Out,2016-06-15
Resort Hotel,0,73,2016,May,31,5,0,2,2,2,0,0,2,BB,FRA,Online TA,TA/TO,0,0,0,A,A,0,No Deposit,171,0,0,Transient-Party,154.3,0,1,Check-Out,2016-06-15
City Hotel,0,42,2016,September,7,7,1,2,3,1,0,0,1,SC,NLD,Online TA,TA/TO,0,0,0,A,A,0,No Deposit,50,0,0,Transient,102.98,0,1,Check-Out,2016-06-15
City Hotel,0,11,2015,April,10,12,2,4,6,2,2,0,4,SC,FRA,Corporate,TA/TO,0,0,0,A,A,1,No Deposit,271,0,0,Transient,117.64,0,1,Check-Out,2016-06-15
Resort Hotel,0,317,2017,February,39,20,1,1,2,2,0,0,2,BB,PRT,Online TA,TA/TO,0,0,0,D,D,0,No Deposit,323,0,0,Transient,81.43,0,1,Check-Out,2016-06-15
City Hotel,1,192,2015,April,22,12,2,1,3,2,0,0,2,BB,PRT,Online TA,TA/TO,1,0,0,A,A,0,No Deposit,286,0,0,Transient,111.97,0,0,Canceled,2016-06-15
City Hotel,0,8,2017,May,14,9,0,1,1,2,0,0,2,BB,FRA,Offline TA/TO,TA/TO,0,0,0,A,A,1,Non Refund,461,0,0,Transient,135.59,0,0,Check-Out,2016-06-15
City Hotel,0,127,2016,January,28,4,1,2,3,2,0,0,2,BB,NLD,Direct,Direct,0,0,0,A,A,1,No Deposit,441,0,0,Transient-Party,97.21,0,1,Check-Out,2016-06-15
City Hotel,0,42,2016,June,42,8,0,1,1,2,0,0,2,BB,PRT,Groups,TA/TO,0,0,0,A,A,1,No Deposit,263,0,0,Transient,93.85,0,1,Check-Out,2016-06-15
City Hotel,1,526,2016,September,52,19,2,1,3,2,0,0,2,SC,NLD,Online TA,Direct,0,0,0,D,D,0,No Deposit,78,22,0,Transient,164.37,0,1,Canceled,2016-06-15
Resort Hotel,0,36,2015,July,22,22,1,2,3,2,0,0,2,BB,NLD,Direct,TA/TO,0,0,0,A,A,3,Non Refund,357,0,0,Transient-Party,81.11,0,1,Check-Out,2016-06-15
City Hotel,0,27,2016,February,32,1,1,1,2,2,0,0,2,BB,DEU,Online TA,TA/TO,0,0,0,A,A,2,No Deposit,113,0,0,Transient,114.82,1,0,Check-Out,2016-06-15
City Hotel,0,83,2016,June,11,23,0,1,1,2,0,0,2,BB,PRT,Online TA,TA/TO,0,0,0,A,G,1,No Deposit,307,22,0,Transient,120.85,0,1,Check-Out,2016-06-15
Resort Hotel,0,180,2017,August,14,11,1,3,4,2,0,0,2,BB,ESP,Online TA,TA/TO,0,0,0,F,F,0,No Deposit,274,0,0,Transient-Party,120.82,0,1,Check-Out,2016-06-15
City Hotel,1,21,2017,January,31,23,0,6,6,2,0,0,2,Undefined,NLD,Offline TA/TO,Direct,0,0,0,A,G,0,Non Refund,212,22,0,Transient,110.72,0,1,Canceled,2016-06-15
City Hotel,1,123,2015,January,44,13,0,3,3,2,0,0,2,BB,GBR,Online TA,TA/TO,0,0,0,A,A,0,No Deposit,80,22,0,Transient,153.66,1,2,Canceled,2016-06-15
City Hotel,1,6,2016,May,4,18,0,4,4,2,0,0,2,BB,NLD,Direct,TA/TO,0,0,1,A,A,0,No Deposit,457,0,0,Transient,111.44,0,0,Canceled,2016-06-15
City Hotel,1,251,2016,March,45,21,0,7,7,2,0,0,2,SC,PRT,Corporate,TA/TO,0,0,0,A,A,1,No Deposit,310,0,0,Transient-Party,73.21,0,2,Canceled,2016-06-15
Resort Hotel,0,8,2015,November,22,20,0,1,1,3,0,0,3,BB,PRT,Online TA,TA/TO,0,0,0,C,C,0,Non Refund,176,22,0,Transient,108.76,0,1,Check-Out,2016-06-15
City Hotel,1,245,2016,July,29,10,0,2,2,2,0,0,2,BB,NLD,Direct,TA/TO,0,0,0,C,C,0,No Deposit,351,22,0,Transient,84.88,0,0,Canceled,2016-06-15
City Hotel,0,67,2017,April,35,13,0,3,3,2,0,0,2,SC,ESP,Direct,TA/TO,0,0,0,D,D,0,No Deposit,153,0,0,Transient-Party,135.33,0,1,Check-Out,2016-06-15
City Hotel,1,59,2016,August,13,25,1,2,3,2,0,0,2,BB,ESP,Offline TA/TO,TA/TO,0,0,0,A,A,0,No Deposit,77,0,0,Transient,112.84,0,1,Canceled,2016-06-15
Resort Hotel,0,362,2017,May,20,12,1,3,4,2,0,0,2,SC,PRT,Offline TA/TO,TA/TO,0,0,0,A,A,0,No Deposit,210,22,0,Transient,114.01,1,0,Check-Out,2016-06-15
City Hotel,0,464,2016,March,19,13,2,3,5,1,0,0,1,FB,NLD,Groups,TA/TO,0,0,0,A,A,0,No Deposit,450,22,0,Transient,135.35,0,0,Check-Out,2016-06-15
City Hotel,0,105,2017,April,15,2,1,4,5,2,0,0,2,BB,GBR,Offline TA/TO,TA/TO,0,0,0,A,A,0,No Deposit,402,0,0,Transient,139.01,0,0,Check-Out,2016-06-15
Resort Hotel,0,13,2016,August,51,3,0,4,4,2,0,0,2,BB,NLD,Groups,TA/TO,0,0,0,F,F,0,No Deposit,287,0,0,Transient,62.88,0,0,Check-Out,2016-06-15
Resort Hotel,1,70,2017,January,26,17,2,1,3,2,0,0,2,HB,NLD,Online TA,TA/TO,0,0,0,A,E,0,No Deposit,276,0,0,Transient-Party,78.07,0,3,Canceled,2016-06-15
City Hotel,1,75,2017,April,20,26,0,1,1,2,0,0,2,BB,PRT,Online TA,TA/TO,0,0,0,A,A,0,No Deposit,349,0,0,Transient,162.83,0,0,Canceled,2016-06-15
City Hotel,1,72,2015,March,36,21,2,1,3,3,0,0,3,BB,FRA,Online TA,TA/TO,0,0,0,A,A,0,No Deposit,442,22,0,Transient,94.08,0,1,Canceled,2016-06-15
Resort Hotel,0,84,2016,March,6,19,0,2,2,2,0,0,2,BB,GBR,Online TA,TA/TO,0,0,0,D,D,0,No Deposit,287,22,0,Transient,106.48,0,0,Check-Out,2016-06-15
City Hotel,1,1,2017,August,15,12,1,3,4,2,0,0,2,BB,PRT,Online TA,TA/TO,0,0,0,A,A,0,No Deposit,141,0,0,Transient,102.09,0,0,Canceled,2016-06-15
City Hotel,0,124,2017,September,4,16,1,2,3,2,0,0,2,BB,PRT,Groups,TA/TO,0,0,0,A,A,0,No Deposit,467,22,0,Transient-Party,110.77,1,1,Check-Out,2016-06-15
City Hotel,1,124,2016,August,6,20,3,6,9,1,0,0,1,BB,PRT,Online TA,TA/TO,0,0,0,A,A,0,No Deposit,74,22,0,Transient,100.17,0,1,Canceled,2016-06-15
Resort Hotel,0,12,2016,August,2,20,0,1,1,2,0,0,2,SC,IRL,Online TA,TA/TO,0,0,0,E,E,0,No Deposit,438,0,0,Transient,136.18,0,1,Check-Out,2016-06-15
City Hotel,0,84,2016,November,36,22,2,1,3,2,0,0,2,SC,NLD,Online TA,TA/TO,0,0,0,F,F,0,No Deposit,255,0,0,Transient,74.08,0,0,Check-Out,2016-06-15
Resort Hotel,1,84,2016,January,50,10,1,5,6,1,0,0,1,HB,FRA,Online TA,TA/TO,0,0,0,A,A,0,No Deposit,236,22,0,Transient,62.26,0,1,Canceled,2016-06-15
City Hotel,1,114,2016,March,15,23,4,3,7,2,0,0,2,BB,ESP,Online TA,Direct,1,0,0,A,A,0,No Deposit,344,0,0,Transient,112.53,0,0,Canceled,2016-06-15
Resort Hotel,1,8,2016,June,12,23,1,2,3,3,0,0,3,BB,PRT,Groups,TA/TO,0,1,0,A,A,0,Non Refund,404,22,0,Transient,123.04,0,2,Canceled,2016-06-15
Resort Hotel,1,98,2016,May,40,15,1,3,4,2,0,0,2,BB,IRL,Online TA,Direct,0,0,0,A,A,0,No Deposit,406,22,0,Transient-Party,83.11,0,1,Canceled,2016-06-15
City Hotel,0,32,2017,June,44,27,2,2,4,2,0,0,2,BB,ESP,Online TA,TA/TO,0,0,0,A,A,0,No Deposit,347,0,0,Transient-Party,63.08,0,1,Check-Out,2016-06-15
Resort Hotel,1,70,2017,March,41,8,2,4,6,2,0,0,2,BB,NLD,Offline TA/TO,TA/TO,0,0,0,A,A,0,No Deposit,240,0,0,Transient,104.98,0,0,Canceled,2016-06-15
City Hotel,0,148,2015,March,7,19,1,2,3,2,2,0,4,BB,BRA,Online TA,TA/TO,0,0,0,G,G,0,Non Refund,375,0,0,Transient-Party,91.45,0,0,Check-Out,2016-06-15
Resort Hotel,0,122,2017,July,22,5,1,1,2,2,0,0,2,BB,PRT,Corporate,TA/TO,0,0,0,B,B,0,No Deposit,371,0,0,Transient,83.21,0,0,Check-Out,2016-06-15
City Hotel,0,12,2016,November,8,12,1,1,2,2,0,0,2,HB,NLD,Direct,TA/TO,0,0,1,D,D,0,Non Refund,124,0,0,Transient,96.5,0,1,Check-Out,2016-06-15
City Hotel,0,89,2016,May,52,10,1,4,5,2,0,0,2,BB,PRT,Online TA,TA/TO,0,0,0,F,F,2,Non Refund,361,0,0,Transient,92.66,0,1,Check-Out,2016-06-15
Resort Hotel,1,347,2017,January,42,22,2,2,4,2,0,0,2,HB,NLD,Online TA,Corporate,0,0,0,A,A,3,No Deposit,316,22,0,Transient,145.74,0,0,Canceled,2016-06-15
Resort Hotel,0,17,2016,August,11,14,0,4,4,2,0,0,2,BB,NLD,Offline TA/TO,TA/TO,0,0,0,A,A,1,No Deposit,381,22,0,Transient,122.72,0,0,Check-Out,2016-06-15
City Hotel,0,191,2015,April,2,28,0,3,3,2,0,0,2,BB,FRA,Offline TA/TO,Direct,0,0,0,A,A,1,No Deposit,286,0,0,Transient,153.19,0,0,Check-Out,2016-06-15
City Hotel,0,121,2015,April,30,22,2,2,4,2,0,0,2,HB,PRT,Online TA,TA/TO,0,0,0,A,A,0,No Deposit,356,22,0,Transient,68.23,0,2,Check-Out,2016-06-15
City Hotel,1,148,2016,May,4,12,1,1,2,2,0,0,2,BB,PRT,Online TA,TA/TO,0,0,0,A,A,0,No Deposit,364,22,0,Transient-Party,99.3,0,0,Canceled,2016-06-15
City Hotel,0,33,2017,August,25,24,0,4,4,2,0,0,2,BB,PRT,Offline TA/TO,Direct,0,0,0,D,D,0,No Deposit,472,0,0,Transient,133.39,0,2,Check-Out,2016-06-15
City Hotel,1,33,2017,September,21,13,1,3,4,2,0,0,2,BB,FRA,Direct,TA/TO,0,0,0,G,G,0,No Deposit,227,0,0,Transient,173.91,0,0,Canceled,2016-06-15
Resort Hotel,0,236,2017,July,25,21,2,2,4,2,1,0,3,BB,NLD,Online TA,TA/TO,0,0,0,A,A,0,No Deposit,3,22,0,Transient,102.98,0,3,Check-Out,2016-06-15
City Hotel,1,44,2017,May,9,21,0,2,2,2,0,0,2,HB,NLD,Offline TA/TO,TA/TO,0,0,0,A,A,0,No Deposit,344,22,0,Transient,108.61,0,0,Canceled,2016-06-15
City Hotel,1,6,2017,May,8,17,1,3,4,2,0,0,2,BB,ITA,Online TA,TA/TO,0,2,0,A,A,1,No Deposit,368,0,0,Transient,126.09,0,0,Canceled,2016-06-15
City Hotel,1,91,2017,February,5,1,2,1,3,2,0,0,2,SC,PRT,Online TA,TA/TO,1,0,0,A,A,1,No Deposit,89,0,0,Transient,104.16,0,0,Canceled,2016-06-15
City Hotel,0,13,2015,November,46,22,1,3,4,2,0,0,2,HB,NLD,Direct,TA/TO,0,0,0,A,A,0,No Deposit,259,22,0,Transient,52.32,0,3,Check-Out,2016-06-15
Resort Hotel,1,159,2017,August,28,10,1,3,4,2,0,0,2,BB,BRA,Offline TA/TO,TA/TO,0,0,0,A,A,0,No Deposit,276,22,0,Transient-Party,98.46,0,0,Canceled,2016-06-15
City Hotel,0,102,2016,January,2,26,0,1,1,2,0,0,2,BB,GBR,Groups,TA/TO,0,0,0,A,B,0,Non Refund,281,0,0,Transient,47.67,0,1,Check-Out,2016-06-15
City Hotel,0,207,2017,August,21,5,2,4,6,1,0,0,1,HB,NLD,Direct,TA/TO,0,0,0,A,A,0,No Deposit,293,22,0,Transient,74.13,0,0,Check-Out,2016-06-15
City Hotel,1,153,2015,June,49,11,2,4,6,2,0,0,2,HB,ESP,Online TA,TA/TO,0,0,0,E,E,3,No Deposit,273,0,0,Transient,137.98,0,0,Canceled,2016-06-15
City Hotel,1,11,2017,December,8,10,1,2,3,1,0,0,1,BB,DEU,Online TA,TA/TO,0,0,0,A,A,1,No Deposit,432,22,0,Transient,102.52,0,2,Canceled,2016-06-15
Resort Hotel,1,47,2017,September,34,6,0,1,1,2,0,0,2,BB,NLD,Online TA,GDS,0,0,0,A,A,0,No Deposit,283,22,0,Transient,102.32,0,0,Canceled,2016-06-15
Resort Hotel,0,148,2017,March,23,15,1,3,4,2,0,0,2,HB,NLD,Offline TA/TO,Direct,0,0,0,E,E,1,No Deposit,409,0,0,Transient,93.37,0,1,Check-Out,2016-06-15
City Hotel,0,54,2017,August,15,9,1,1,2,2,0,0,2,BB,PRT,Online TA,TA/TO,0,0,0,G,G,0,No Deposit,32,22,0,Transient,42.97,0,0,Check-Out,2016-06-15
City Hotel,0,358,2016,June,27,8,2,5,7,2,0,0,2,BB,PRT,Online TA,TA/TO,0,0,0,A,A,0,No Deposit,68,22,0,Transient,120.68,0,1,Check-Out,2016-06-15
Resort Hotel,0,133,2016,March,2,23,0,2,2,1,0,0,1,HB,PRT,Corporate,Direct,0,0,0,D,D,0,No Deposit,65,0,0,Transient,135.37,0,1,Check-Out,2016-06-15
Resort Hotel,1,1,2016,August,28,23,0,5,5,2,0,0,2,BB,FRA,Groups,TA/TO,0,0,1,A,A,0,No Deposit,448,0,30,Transient,105.17,0,1,Canceled,2016-06-15
Resort Hotel,0,212,2015,July,11,6,0,3,3,2,0,0,2,BB,GBR,Groups,TA/TO,0,0,0,A,A,0,No Deposit,25,22,0,Transient,91.21,0,1,Check-Out,2016-06-15
Resort Hotel,0,10,2016,January,46,6,1,2,3,2,0,0,2,SC,FRA,Corporate,TA/TO,0,0,0,A,A,0,No Deposit,146,22,0,Transient,114.66,0,0,Check-Out,2016-06-15
City Hotel,0,15,2016,August,21,17,0,2,2,2,0,0,2,BB,PRT,Corporate,TA/TO,0,1,0,D,D,0,No Deposit,297,0,0,Transient,162.79,1,0,Check-Out,2016-06-15
City Hotel,0,132,2016,August,42,12,3,2,5,3,0,0,3,BB,PRT,Online TA,TA/TO,0,0,0,D,D,1,Non Refund,169,0,0,Transient,107.67,0,0,Check-Out,2016-06-15
City Hotel,0,200,2017,March,32,7,0,4,4,3,0,0,3,BB,NLD,Offline TA/TO,TA/TO,0,0,0,E,E,0,No Deposit,360,22,0,Transient,59.8,1,1,Check-Out,2016-06-15
City Hotel,0,76,2017,May,32,5,1,5,6,2,0,0,2,HB,BRA,Direct,TA/TO,0,0,3,A,A,0,No Deposit,205,22,0,Transient-Party,128.31,0,0,Check-Out,2016-06-15
Resort Hotel,0,34,2015,July,7,16,1,3,4,2,0,0,2,BB,GBR,Online TA,Corporate,0,0,0,A,A,0,No Deposit,130,22,0,Transient,14.07,0,0,Check-Out,2016-06-15
Resort Hotel,0,43,2015,March,22,23,1,2,3,2,0,0,2,BB,GBR,Direct,TA/TO,0,0,0,C,C,0,No Deposit,261,0,0,Transient,107.76,0,0,Check-Out,2016-06-15
City Hotel,0,41,2016,October,14,6,2,2,4,1,0,0,1,BB,NLD,Direct,TA/TO,0,0,0,G,G,0,No Deposit,282,22,0,Contract,49.98,0,0,Check-Out,2016-06-15
City Hotel,1,39,2016,January,13,8,1,1,2,1,0,0,1,BB,PRT,Online TA,TA/TO,0,0,0,D,F,0,No Deposit,30,0,0,Transient,81.7,0,0,Canceled,2016-06-15
City Hotel,0,27,2015,February,21,3,0,1,1,2,0,0,2,BB,GBR,Offline TA/TO,Corporate,0,0,0,A,A,0,No Deposit,25,0,0,Transient,143.85,0,0,Check-Out,2016-06-15
Resort Hotel,0,93,2016,February,22,8,0,2,2,2,0,0,2,BB,NLD,Online TA,TA/TO,0,0,0,A,A,0,Non Refund,316,0,0,Transient-Party,73.27,0,0,Check-Out,2016-06-15
City Hotel,0,230,2016,July,34,7,2,1,3,2,0,0,2,BB,ESP,Offline TA/TO,TA/TO,0,0,0,A,A,0,No Deposit,53,22,0,Transient,79.38,0,0,Check-Out,2016-06-15
City Hotel,1,36,2016,August,10,17,4,5,9,2,0,0,2,BB,PRT,Online TA,TA/TO,0,0,0,A,A,0,No Deposit,243,22,0,Transient,96.6,0,0,Canceled,2016-06-15
City Hotel,0,20,2016,June,1,19,0,1,1,1,0,0,1,BB,PRT,Online TA,TA/TO,0,0,0,A,A,0,No Deposit,88,22,0,Transient-Party,148.58,0,0,Check-Out,2016-06-15
City Hotel,1,182,2016,April,1,26,2,3,5,2,0,0,2,BB,PRT,Groups,TA/TO,0,0,1,A,B,0,No Deposit,158,0,0,Transient,114.32,0,2,Canceled,2016-06-15
City Hotel,1,135,2017,September,24,20,1,2,3,2,0,0,2,BB,DEU,Offline TA/TO,TA/TO,0,0,0,D,D,0,No Deposit,51,22,0,Transient-Party,108.8,0,2,Canceled,2016-06-15
Resort Hotel,1,267,2017,February,3,14,1,4,5,2,0,0,2,BB,DEU,Groups,TA/TO,0,0,0,A,A,0,No Deposit,66,22,0,Transient,79.42,0,0,Canceled,2016-06-15
Resort Hotel,1,18,2016,April,31,25,3,3,6,2,0,0,2,BB,PRT,Direct,TA/TO,0,0,0,A,A,0,No Deposit,242,0,0,Transient,36.58,0,0,Canceled,2016-06-15
Resort Hotel,1,15,2015,January,43,28,0,4,4,2,0,0,2,BB,PRT,Online TA,Direct,0,0,0,A,A,0,Non Refund,315,0,0,Transient,146.49,0,1,Canceled,2016-06-15
Resort Hotel,0,77,2016,January,51,6,2,2,4,2,0,0,2,BB,BEL,Online TA,TA/TO,0,0,0,A,A,0,No Deposit,176,0,0,Transient,97.59,0,0,Check-Out,2016-06-15
City Hotel,0,95,2015,May,41,7,1,4,5,2,0,0,2,BB,PRT,Offline TA/TO,TA/TO,0,0,0,A,A,0,No Deposit,300,22,0,Transient,74.51,0,2,Check-Out,2016-06-15
City Hotel,0,65,2016,March,13,5,1,1,2,2,0,0,2,SC,NLD,Direct,Direct,0,0,0,D,D,0,No Deposit,305,22,0,Transient,72.79,0,0,Check-Out,2016-06-15
City Hotel,0,91,2015,April,4,19,1,2,3,2,1,0,3,HB,PRT,Groups,TA/TO,0,0,0,A,A,0,No Deposit,487,22,0,Transient-Party,93.85,0,0,Check-Out,2016-06-15
Resort Hotel,0,19,2016,September,52,21,2,7,9,2,0,0,2,BB,PRT,Offline TA/TO,Direct,0,0,0,B,B,0,No Deposit,415,22,0,Transient,137.27,0,0,Check-Out,2016-06-15
City Hotel,1,65,2016,March,23,28,0,6,6,2,0,0,2,BB,GBR,Groups,TA/TO,0,0,0,A,A,0,No Deposit,134,0,0,Transient,86.3,0,0,Canceled,2016-06-15
City Hotel,0,107,2017,September,6,7,1,1,2,1,0,0,1,BB,NLD,Online TA,TA/TO,0,0,0,D,D,0,No Deposit,29,0,0,Transient,92.24,0,1,Check-Out,2016-06-15
City Hotel,1,56,2015,August,34,9,2,3,5,2,0,0,2,BB,ESP,Online TA,TA/TO,0,0,0,A,A,0,No Deposit,388,22,0,Transient-Party,116.99,0,0,Canceled,2016-06-15
City Hotel,1,113,2016,May,41,12,0,2,2,2,2,0,4,BB,NLD,Corporate,Corporate,0,0,0,D,D,1,No Deposit,14,22,0,Transient,66.96,0,1,Canceled,2016-06-15
City Hotel,0,60,2015,July,18,25,0,3,3,2,0,0,2,BB,GBR,Direct,TA/TO,1,0,0,C,C,0,No Deposit,272,0,0,Transient,66.86,0,1,Check-Out,2016-06-15
City Hotel,1,40,2015,June,36,15,1,3,4,2,0,0,2,BB,DEU,Groups,Direct,0,0,0,A,A,0,No Deposit,406,0,0,Transient-Party,51.68,0,1,Canceled,2016-06-15
Resort Hotel,1,36,2017,February,26,15,0,1,1,2,0,0,2,BB,PRT,Groups,TA/TO,0,0,0,A,A,1,No Deposit,269,22,0,Transient,152.2,1,0,Canceled,2016-06-15
City Hotel,1,52,2016,October,33,28,2,4,6,2,0,0,2,BB,ESP,Offline TA/TO,TA/TO,0,0,0,G,G,0,No Deposit,481,22,0,Transient,49.9,0,0,Canceled,2016-06-15
Resort Hotel,0,2,2015,July,33,24,2,1,3,1,1,0,2,BB,PRT,Online TA,TA/TO,0,0,1,A,A,0,No Deposit,1,22,0,Transient-Party,154.5,0,1,Check-Out,2016-06-15
Resort Hotel,0,110,2016,October,25,21,0,6,6,3,0,0,3,BB,PRT,Online TA,TA/TO,0,0,0,D,D,0,No Deposit,181,22,0,Transient,126.82,0,0,Check-Out,2016-06-15
Resort Hotel,0,186,2016,September,52,16,2,5,7,1,0,0,1,SC,NLD,Online TA,TA/TO,0,0,0,A,A,0,No Deposit,407,22,0,Transient,109.48,0,1,Check-Out,2016-06-15
City Hotel,0,43,2016,February,17,23,1,1,2,1,0,0,1,Undefined,DEU,Online TA,TA/TO,0,0,0,A,A,0,No Deposit,193,22,0,Transient,103.89,0,0,Check-Out,2016-06-15
City Hotel,1,4,2016,March,51,20,1,3,4,2,0,0,2,BB,NLD,Online TA,TA/TO,0,0,0,B,B,0,No Deposit,417,0,0,Transient,120.52,0,0,Canceled,2016-06-15
City Hotel,0,432,2017,March,3,26,0,2,2,3,0,0,3,SC,PRT,Online TA,TA/TO,0,0,0,A,A,1,No Deposit,44,22,0,Transient-Party,23.67,0,0,Check-Out,2016-06-15
Resort Hotel,1,30,2016,October,22,15,3,1,4,2,0,0,2,BB,GBR,Online TA,TA/TO,0,0,0,A,A,0,Non Refund,21,0,0,Transient,90.8,0,0,Canceled,2016-06-15
City Hotel,0,13,2016,October,49,5,1,5,6,2,0,0,2,BB,NLD,Online TA,Direct,0,0,0,B,B,0,No Deposit,152,22,0,Transient,142.78,0,1,Check-Out,2016-06-15
City Hotel,1,46,2016,July,35,12,0,1,1,2,0,0,2,BB,GBR,Online TA,TA/TO,0,0,0,A,A,0,Non Refund,155,22,0,Transient-Party,97.62,0,0,Canceled,2016-06-15
City Hotel,0,134,2017,February,4,4,2,2,4,2,0,0,2,BB,PRT,Online TA,TA/TO,0,0,0,E,E,0,No Deposit,224,22,0,Transient,91.58,0,2,Check-Out,2016-06-15
City Hotel,1,34,2017,March,28,3,1,5,6,2,0,0,2,BB,FRA,Groups,TA/TO,0,0,0,A,A,1,Non Refund,468,22,0,Transient-Party,167.11,0,0,Canceled,2016-06-15
Resort Hotel,0,85,2017,September,13,27,2,1,3,2,0,0,2,BB,FRA,Groups,Direct,0,0,0,A,A,0,No Deposit,497,22,0,Transient,97.74,0,2,Check-Out,2016-06-15
City Hotel,0,53,2017,November,30,1,4,3,7,3,0,0,3,BB,NLD,Groups,TA/TO,0,0,3,D,B,0,No Deposit,83,0,0,Transient,146.59,0,0,Check-Out,2016-06-15
City Hotel,0,12,2017,March,47,13,0,3,3,1,0,0,1,BB,GBR,Online TA,TA/TO,0,0,0,A,A,0,No Deposit,148,0,0,Transient-Party,119.66,0,0,Check-Out,2016-06-15
Resort Hotel,1,40,2016,January,12,5,2,4,6,2,0,0,2,BB,NLD,Groups,TA/TO,0,0,0,A,A,0,No Deposit,436,0,0,Contract,108.5,0,0,Canceled,2016-06-15
City Hotel,0,129,2017,May,3,12,4,4,8,2,0,0,2,BB,NLD,Direct,TA/TO,0,0,0,A,A,0,Non Refund,438,0,0,Transient,48.0,0,0,Check-Out,2016-06-15
City Hotel,1,94,2017,January,21,2,1,2,3,2,0,0,2,BB,FRA,Online TA,TA/TO,0,0,0,D,D,0,No Deposit,265,22,0,Transient,108.57,0,1,Canceled,2016-06-15
City Hotel,1,12,2015,September,40,6,2,3,5,1,0,0,1,BB,NLD,Groups,TA/TO,0,0,0,E,E,0,No Deposit,447,0,0,Transient,157.36,0,1,Canceled,2016-06-15
Resort Hotel,0,17,2016,June,1,5,1,5,6,2,0,0,2,BB,BEL,Online TA,TA/TO,0,0,0,A,A,0,Non Refund,285,0,0,Transient,178.81,1,1,Check-Out,2016-06-15
Resort Hotel,0,102,2017,August,18,27,0,5,5,1,0,0,1,BB,NLD,Offline TA/TO,Direct,0,0,0,A,A,0,No Deposit,338,22,0,Transient,132.53,0,3,Check-Out,2016-06-15
Resort Hotel,0,167,2017,June,13,18,1,2,3,1,0,0,1,BB,NLD,Online TA,TA/TO,0,0,0,A,A,0,No Deposit,79,0,0,Transient,62.64,0,2,Check-Out,2016-06-15
City Hotel,0,42,2017,May,7,24,4,3,7,2,0,0,2,FB,PRT,Groups,TA/TO,0,0,0,A,A,0,No Deposit,426,0,0,Transient,100.15,0,0,Check-Out,2016-06-15
City Hotel,1,90,2017,April,13,5,0,3,3,2,0,0,2,HB,NLD,Online TA,TA/TO,0,0,0,F,F,0,No Deposit,315,22,0,Transient,59.22,0,1,Canceled,2016-06-15
Resort Hotel,1,18,2017,September,17,18,1,4,5,2,0,0,2,BB,FRA,Offline TA/TO,TA/TO,0,0,0,A,E,0,No Deposit,34,0,0,Transient,94.83,0,0,Canceled,2016-06-15
City Hotel,1,37,2016,August,45,16,2,2,4,1,0,0,1,BB,DEU,Offline TA/TO,TA/TO,0,0,0,A,A,0,No Deposit,287,22,0,Transient,122.74,0,0,Canceled,2016-06-15
City Hotel,0,2,2015,May,32,17,0,1,1,1,0,0,1,BB,PRT,Online TA,TA/TO,0,0,0,A,A,0,Non Refund,240,0,0,Transient,116.24,0,1,Check-Out,2016-06-15
Resort Hotel,1,146,2015,May,29,2,1,2,3,2,0,0,2,BB,DEU,Online TA,TA/TO,0,0,0,A,A,0,No Deposit,336,22,0,Transient,66.12,0,0,Canceled,2016-06-15
City Hotel,0,51,2016,January,45,17,1,3,4,2,0,0,2,BB,PRT,Offline TA/TO,TA/TO,0,1,0,D,D,0,No Deposit,334,22,0,Transient,105.3,0,1,Check-Out,2016-06-15
City Hotel,1,169,2016,February,30,10,0,3,3,2,0,0,2,BB,GBR,Online TA,Direct,0,0,0,A,A,0,No Deposit,485,0,0,Transient,90.33,0,0,Canceled,2016-06-15
Resort Hotel,0,123,2016,August,11,26,0,4,4,2,0,0,2,BB,DEU,Online TA,TA/TO,0,0,0,B,B,0,No Deposit,101,22,0,Transient,107.26,0,0,Check-Out,2016-06-15
Resort Hotel,0,176,2016,July,14,3,0,2,2,1,0,0,1,HB,PRT,Online TA,TA/TO,0,0,0,A,A,0,No Deposit,368,0,0,Transient,106.66,0,0,Check-Out,2016-06-15
City Hotel,0,33,2017,June,10,14,1,1,2,2,1,0,3,BB,ITA,Online TA,TA/TO,0,0,0,G,G,2,No Deposit,368,22,0,Transient,48.03,0,0,Check-Out,2016-06-15
City Hotel,0,20,2016,September,8,19,0,1,1,2,0,0,2,HB,NLD,Online TA,TA/TO,0,0,0,C,C,0,No Deposit,435,0,0,Transient,141.48,1,0,Check-Out,2016-06-15
City Hotel,0,357,2017,July,31,12,1,2,3,2,0,0,2,BB,PRT,Online TA,TA/TO,0,0,0,F,F,0,Non Refund,377,22,0,Transient,166.17,0,1,Check-Out,2016-06-15
City Hotel,0,126,2017,May,6,26,0,1,1,2,0,0,2,BB,DEU,Groups,TA/TO,1,0,0,A,A,0,Non Refund,102,0,0,Transient,129.14,0,0,Check-Out,2016-06-15
Resort Hotel,0,179,2016,March,19,1,0,7,7,1,0,0,1,BB,ESP,Online TA,TA/TO,0,0,0,A,D,0,No Deposit,25,22,0,Transient,54.61,0,1,Check-Out,2016-06-15
Resort Hotel,1,1,2016,September,19,7,4,1,5,2,0,0,2,BB,NLD,Offline TA/TO,Corporate,0,0,0,A,A,1,No Deposit,491,22,0,Transient,123.22,1,0,Canceled,2016-06-15
City Hotel,1,43,2017,July,12,26,0,3,3,2,0,0,2,HB,IRL,Online TA,TA/TO,0,0,0,D,D,0,No Deposit,407,0,0,Transient,53.61,0,0,Canceled,2016-06-15
Resort Hotel,0,135,2017,February,39,7,1,1,2,2,0,0,2,BB,FRA,Online TA,TA/TO,0,0,0,A,A,0,No Deposit,386,22,0,Transient,164.3,0,1,Check-Out,2016-06-15
Resort Hotel,0,8,2016,August,50,13,0,2,2,1,1,0,2,BB,GBR,Online TA,TA/TO,0,0,0,A,A,0,No Deposit,378,0,0,Transient,166.88,0,0,Check-Out,2016-06-15
City Hotel,0,83,2015,June,52,9,0,2,2,1,1,0,2,HB,NLD,Online TA,TA/TO,0,0,0,A,A,0,No Deposit,400,0,0,Transient,85.96,0,0,Check-Out,2016-06-15
City Hotel,1,56,2016,September,18,5,2,3,5,2,0,0,2,BB,FRA,Online TA,TA/TO,0,0,0,A,A,0,No Deposit,395,0,30,Transient-Party,63.06,0,0,Canceled,2016-06-15
City Hotel,0,1,2015,November,3,4,1,2,3,2,0,0,2,HB,GBR,Online TA,TA/TO,0,2,0,A,A,1,No Deposit,15,22,0,Contract,122.06,0,1,Check-Out,2016-06-15
City Hotel,1,26,2016,July,9,5,1,1,2,2,1,0,3,BB,NLD,Offline TA/TO,TA/TO,0,0,0,A,A,0,No Deposit,28,0,0,Transient-Party,124.13,0,0,Canceled,2016-06-15
Resort Hotel,1,33,2016,August,6,24,1,2,3,1,0,0,1,SC,PRT,Online TA,TA/TO,0,0,0,A,A,0,No Deposit,367,22,0,Transient-Party,113.17,0,2,Canceled,2016-06-15
City Hotel,0,11,2016,January,1,24,0,3,3,2,0,0,2,HB,PRT,Direct,TA/TO,0,0,0,B,B,0,Non Refund,139,22,0,Transient,130.34,1,1,Check-Out,2016-06-15
Resort Hotel,1,99,2017,July,42,28,0,3,3,2,0,0,2,SC,NLD,Direct,TA/TO,1,0,0,A,A,0,No Deposit,81,22,0,Transient,97.23,0,0,Canceled,2016-06-15
City Hotel,0,27,2016,September,40,20,1,1,2,1,0,0,1,BB,DEU,Offline TA/TO,Direct,0,1,0,A,A,0,No Deposit,40,0,0,Transient-Party,54.82,0,0,Check-Out,2016-06-15
City Hotel,0,32,2017,June,29,12,1,5,6,2,0,0,2,BB,FRA,Online TA,TA/TO,0,0,0,A,A,0,No Deposit,474,22,0,Transient,131.72,0,2,Check-Out,2016-06-15
City Hotel,0,228,2017,July,49,8,1,1,2,2,2,0,4,BB,PRT,Online TA,TA/TO,0,0,0,A,A,0,No Deposit,96,22,0,Transient,142.5,0,2,Check-Out,2016-06-15
City Hotel,0,62,2017,October,35,13,0,5,5,2,0,0,2,BB,GBR,Groups,TA/TO,0,0,0,A,A,0,No Deposit,180,0,0,Transient,51.51,0,2,Check-Out,2016-06-15
City Hotel,0,49,2016,March,35,4,0,1,1,1,0,0,1,BB,GBR,Corporate,Direct,0,0,0,D,D,0,No Deposit,407,0,0,Transient,120.7,0,0,Check-Out,2016-06-15
Resort Hotel,1,128,2016,February,30,20,2,3,5,2,0,0,2,BB,FRA,Groups,TA/TO,0,0,0,A,A,0,No Deposit,148,22,0,Transient,168.72,0,0,Canceled,2016-06-15
City Hotel,1,240,2017,August,35,11,0,2,2,2,0,0,2,BB,GBR,Online TA,TA/TO,0,0,0,A,A,0,No Deposit,466,22,0,Transient,107.12,0,0,Canceled,2016-06-15
City Hotel,0,2,2017,September,39,15,1,3,4,2,0,0,2,BB,GBR,Online TA,TA/TO,0,0,0,D,D,0,No Deposit,284,22,0,Transient,117.21,0,0,Check-Out,2016-06-15
Resort Hotel,1,59,2016,October,22,24,0,2,2,2,1,0,3,BB,NLD,Groups,TA/TO,0,0,0,B,B,0,No Deposit,384,0,0,Transient-Party,82.92,0,0,Canceled,2016-06-15
City Hotel,0,94,2015,August,43,14,2,1,3,2,0,0,2,BB,NLD,Online TA,GDS,0,0,0,A,A,0,No Deposit,103,0,0,Transient-Party,131.6,0,1,Check-Out,2016-06-15
City Hotel,0,38,2017,October,28,18,4,2,6,2,1,0,3,BB,PRT,Offline TA/TO,TA/TO,0,0,0,A,A,0,Non Refund,391,0,0,Transient,107.4,0,1,Check-Out,2016-06-15
Resort Hotel,0,148,2016,August,18,20,1,1,2,1,0,0,1,BB,PRT,Online TA,TA/TO,0,0,0,C,C,0,No Deposit,284,0,0,Transient-Party,99.3,0,0,Check-Out,2016-06-15
City Hotel,0,355,2015,February,32,1,1,3,4,2,0,0,2,BB,NLD,Groups,TA/TO,0,0,0,D,D,3,No Deposit,211,22,0,Transient,101.84,0,1,Check-Out,2016-06-15
City Hotel,0,287,2017,September,5,1,2,5,7,2,0,0,2,BB,PRT,Online TA,Corporate,0,0,0,G,G,0,No Deposit,467,22,0,Transient,76.69,0,1,Check-Out,2016-06-15
City Hotel,1,30,2016,March,34,11,1,2,3,2,0,0,2,BB,DEU,Groups,TA/TO,0,0,0,A,A,1,No Deposit,365,22,0,Transient,87.08,0,0,Canceled,2016-06-15
City Hotel,0,25,2016,April,31,24,2,2,4,2,0,0,2,BB,NLD,Offline TA/TO,TA/TO,0,0,0,A,A,1,No Deposit,498,0,0,Transient,125.86,0,0,Check-Out,2016-06-15
City Hotel,0,315,2017,May,46,20,1,1,2,1,0,0,1,SC,FRA,Online TA,TA/TO,0,1,0,A,A,0,No Deposit,237,22,0,Transient,87.13,0,2,Check-Out,2016-06-15
City Hotel,0,61,2016,May,33,6,0,2,2,1,0,0,1,BB,PRT,Offline TA/TO,TA/TO,0,0,0,A,A,0,No Deposit,347,22,0,Transient,109.99,0,0,Check-Out,2016-06-15
City Hotel,1,23,2016,May,4,5,2,1,3,2,0,0,2,SC,NLD,Offline TA/TO,TA/TO,0,0,0,A,A,0,No Deposit,464,0,0,Transient,75.95,0,3,Canceled,2016-06-15
Resort Hotel,0,122,2016,March,14,13,2,1,3,3,0,0,3,SC,BRA,Online TA,Corporate,0,0,0,A,A,0,No Deposit,473,22,0,Transient-Party,67.8,0,2,Check-Out,2016-06-15
City Hotel,0,33,2016,April,15,10,1,1,2,2,0,0,2,BB,PRT,Online TA,Direct,0,0,1,A,A,0,No Deposit,355,0,0,Transient,90.65,0,1,Check-Out,2016-06-15
City Hotel,0,31,2017,January,20,6,2,5,7,2,0,0,2,BB,NLD,Groups,TA/TO,0,0,0,A,A,0,Non Refund,397,22,0,Transient,123.04,0,0,Check-Out,2016-06-15
Resort Hotel,0,211,2016,June,20,4,2,7,9,2,0,0,2,BB,NLD,Groups,Direct,0,0,0,A,A,0,Non Refund,158,0,0,Transient,35.67,1,0,Check-Out,2016-06-15
City Hotel,0,17,2015,September,49,4,0,5,5,2,0,0,2,HB,PRT,Offline TA/TO,TA/TO,0,0,0,C,C,0,Non Refund,383,0,0,Transient,107.11,0,0,Check-Out,2016-06-15
City Hotel,0,6,2015,October,35,7,1,6,7,2,0,0,2,BB,PRT,Online TA,TA/TO,0,0,0,F,F,0,No Deposit,196,22,0,Transient,108.6,0,0,Check-Out,2016-06-15
Resort Hotel,0,31,2016,September,4,16,1,3,4,2,0,0,2,BB,GBR,Online TA,TA/TO,0,0,0,A,A,0,No Deposit,226,0,0,Transient-Party,93.2,0,2,Check-Out,2016-06-15
City Hotel,0,93,2016,June,18,1,2,1,3,1,0,0,1,HB,NLD,Online TA,Direct,0,0,0,A,A,1,No Deposit,119,22,0,Transient,149.82,0,1,Check-Out,2016-06-15
City Hotel,0,13,2016,August,24,9,0,3,3,2,0,0,2,BB,FRA,Groups,TA/TO,0,0,0,D,D,1,No Deposit,311,22,0,Transient-Party,182.73,0,1,Check-Out,2016-06-15
City Hotel,0,63,2016,April,27,26,0,3,3,2,0,0,2,BB,PRT,Online TA,TA/TO,0,0,0,A,A,0,No Deposit,289,22,0,Transient,142.03,0,1,Check-Out,2016-06-15
Resort Hotel,1,98,2015,January,33,19,0,2,2,2,0,0,2,BB,PRT,Online TA,TA/TO,0,0,0,G,G,0,No Deposit,371,0,0,Transient-Party,116.82,0,3,Canceled,2016-06-15
Resort Hotel,0,188,2016,August,25,20,0,3,3,2,0,0,2,BB,GBR,Offline TA/TO,TA/TO,0,0,0,A,A,0,No Deposit,41,0,0,Transient,103.01,0,1,Check-Out,2016-06-15
City Hotel,0,26,2017,August,5,15,0,3,3,2,0,0,2,BB,NLD,Online TA,TA/TO,0,0,0,A,A,0,No Deposit,44,0,0,Transient,167.38,0,0,Check-Out,2016-06-15
City Hotel,0,170,2015,September,18,9,0,2,2,2,0,0,2,BB,NLD,Online TA,Direct,0,0,0,A,A,0,No Deposit,81,22,0,Transient-Party,99.03,0,1,Check-Out,2016-06-15
Resort Hotel,0,26,2016,July,45,21,2,2,4,2,0,0,2,HB,ESP,Groups,Direct,1,0,0,A,A,0,No Deposit,119,0,0,Transient,88.4,1,1,Check-Out,2016-06-15
City Hotel,0,112,2016,March,46,28,0,3,3,2,0,0,2,HB,NLD,Direct,TA/TO,0,0,0,A,A,0,No Deposit,105,0,0,Transient,107.92,0,0,Check-Out,2016-06-15
Resort Hotel,0,56,2017,October,20,20,1,1,2,2,0,0,2,BB,PRT,Online TA,TA/TO,0,0,0,A,A,0,No Deposit,136,0,0,Transient,133.2,0,1,Check-Out,2016-06-15
Resort Hotel,1,12,2015,August,35,28,1,1,2,2,0,0,2,BB,DEU,Offline TA/TO,Corporate,0,0,0,A,A,0,No Deposit,304,22,0,Transient,79.68,0,1,Canceled,2016-06-15
City Hotel,1,125,2017,September,6,22,1,5,6,2,0,0,2,BB,NLD,Groups,Direct,0,0,0,A,F,0,No Deposit,49,22,0,Transient,95.83,0,0,Canceled,2016-06-15
City Hotel,1,24,2016,September,27,1,0,2,2,3,0,0,3,BB,GBR,Offline TA/TO,TA/TO,0,0,0,D,D,0,No Deposit,309,0,0,Transient,135.59,0,0,Canceled,2016-06-15
Resort Hotel,0,19,2017,April,28,26,0,4,4,2,0,0,2,BB,NLD,Online TA,TA/TO,0,0,0,A,A,0,No Deposit,259,0,0,Contract,161.86,0,0,Check-Out,2016-06-15
City Hotel,0,44,2016,February,11,1,1,3,4,1,0,0,1,BB,DEU,Offline TA/TO,Corporate,0,0,0,A,A,2,No Deposit,486,22,0,Contract,85.74,1,1,Check-Out,2016-06-15
Resort Hotel,0,105,2017,March,9,16,1,2,3,2,0,0,2,BB,DEU,Groups,TA/TO,0,0,0,G,G,1,No Deposit,418,22,0,Transient,83.35,0,0,Check-Out,2016-06-15
City Hotel,0,26,2017,February,52,5,0,4,4,1,0,0,1,SC,PRT,Direct,TA/TO,0,0,0,A,A,0,No Deposit,152,0,0,Transient,102.03,0,1,Check-Out,2016-06-15
City Hotel,0,20,2016,April,28,21,0,1,1,1,0,0,1,BB,NLD,Groups,TA/TO,0,0,0,A,A,0,No Deposit,272,0,0,Transient,21.3,0,0,Check-Out,2016-06-15
Resort Hotel,0,1,2016,June,19,27,2,5,7,1,0,0,1,BB,NLD,Online TA,Direct,0,0,2,C,C,0,No Deposit,253,0,0,Transient,64.22,0,1,Check-Out,2016-06-15
Resort Hotel,0,63,2016,October,39,9,1,3,4,2,0,0,2,BB,PRT,Groups,Direct,0,0,0,D,D,1,No Deposit,229,22,0,Transient,103.8,0,2,Check-Out,2016-06-15
City Hotel,0,55,2015,October,21,1,3,5,8,2,0,0,2,BB,DEU,Direct,TA/TO,0,0,0,D,D,0,No Deposit,183,0,0,Transient,136.94,0,1,Check-Out,2016-06-15
City Hotel,0,26,2017,August,31,19,2,5,7,2,0,0,2,BB,BRA,Offline TA/TO,TA/TO,0,0,0,A,A,3,No Deposit,392,0,0,Transient,96.21,0,1,Check-Out,2016-06-15
City Hotel,1,5,2015,January,42,16,0,2,2,2,0,0,2,BB,NLD,Online TA,Corporate,0,0,0,D,D,0,No Deposit,355,22,0,Transient,64.89,0,1,Canceled,2016-06-15
Resort Hotel,0,56,2015,May,7,3,2,5,7,2,0,0,2,BB,PRT,Offline TA/TO,TA/TO,0,0,0,A,A,0,No Deposit,442,22,0,Transient,138.5,0,1,Check-Out,2016-06-15
City Hotel,0,155,2016,August,37,4,0,3,3,2,0,0,2,BB,DEU,Offline TA/TO,TA/TO,0,0,0,A,A,0,No Deposit,449,0,0,Transient,63.91,0,1,Check-Out,2016-06-15
City Hotel,1,125,2015,February,25,12,0,1,1,1,0,0,1,BB,PRT,Online TA,TA/TO,0,0,0,A,A,0,No Deposit,10,0,0,Transient-Party,28.1,0,2,Canceled,2016-06-15
City Hotel,0,197,2017,September,28,7,2,4,6,1,0,0,1,BB,FRA,Online TA,TA/TO,0,0,0,A,A,0,No Deposit,376,0,0,Transient-Party,75.63,1,1,Check-Out,2016-06-15
City Hotel,0,0,2017,November,36,15,0,5,5,2,0,0,2,BB,FRA,Groups,TA/TO,0,0,0,A,A,0,No Deposit,403,22,0,Transient,100.64,0,0,Check-Out,2016-06-15
City Hotel,0,339,2016,May,17,23,0,1,1,2,0,0,2,BB,PRT,Corporate,TA/TO,0,0,0,A,A,1,No Deposit,72,22,0,Transient,105.8,0,0,Check-Out,2016-06-15
City Hotel,0,41,2017,August,26,15,3,6,9,1,0,0,1,BB,PRT,Online TA,TA/TO,0,0,1,A,A,0,No Deposit,25,22,0,Transient,87.03,0,0,Check-Out,2016-06-15
City Hotel,1,464,2017,March,28,26,0,3,3,2,0,0,2,SC,NLD,Offline TA/TO,TA/TO,0,0,0,D,D,1,No Deposit,455,0,0,Transient,117.76,0,0,Canceled,2016-06-15
City Hotel,1,29,2016,August,37,5,0,1,1,2,0,0,2,HB,NLD,Offline TA/TO,TA/TO,0,0,0,C,C,1,Non Refund,325,22,0,Transient,67.29,0,2,Canceled,2016-06-15
City Hotel,1,63,2017,January,17,25,0,2,2,2,0,0,2,BB,PRT,Online TA,TA/TO,0,0,0,E,E,0,No Deposit,76,0,0,Transient,107.56,0,0,Canceled,2016-06-15
Resort Hotel,1,43,2015,March,49,23,1,4,5,1,0,0,1,BB,FRA,Direct,TA/TO,0,0,0,A,A,0,No Deposit,480,22,0,Transient,60.96,0,0,Canceled,2016-06-15
City Hotel,0,43,2016,August,17,2,1,2,3,2,0,0,2,BB,NLD,Direct,TA/TO,0,0,0,E,E,1,No Deposit,112,22,0,Transient,71.8,0,0,Check-Out,2016-06-15
City Hotel,0,184,2016,August,33,12,2,3,5,2,0,0,2,BB,PRT,Online TA,TA/TO,0,0,0,A,A,1,No Deposit,309,0,0,Transient,79.11,0,0,Check-Out,2016-06-15
City Hotel,0,137,2017,August,34,19,3,5,8,2,0,0,2,BB,BEL,Groups,TA/TO,0,0,0,D,D,0,No Deposit,362,22,0,Transient,88.81,0,0,Check-Out,2016-06-15
Resort Hotel,0,484,2015,June,23,27,1,5,6,2,0,0,2,BB,GBR,Groups,TA/TO,0,0,0,A,A,0,No Deposit,256,22,0,Transient,51.55,0,1,Check-Out,2016-06-15
Resort Hotel,1,95,2016,August,30,23,0,1,1,2,0,0,2,BB,NLD,Direct,Direct,0,0,0,A,A,0,No Deposit,82,0,0,Transient,147.04,0,2,Canceled,2016-06-15
City Hotel,0,62,2016,September,27,5,2,2,4,2,0,0,2,BB,DEU,Online TA,GDS,0,0,0,A,A,1,No Deposit,189,0,0,Transient-Party,107.45,0,1,Check-Out,2016-06-15
Resort Hotel,0,9,2016,December,51,23,1,1,2,2,0,0,2,BB,PRT,Direct,Corporate,0,0,0,A,A,0,No Deposit,264,22,0,Transient,71.25,0,0,Check-Out,2016-06-15
City Hotel,0,567,2017,October,9,25,1,3,4,1,0,0,1,BB,PRT,Online TA,TA/TO,0,0,0,A,A,0,No Deposit,212,0,0,Transient-Party,125.94,0,0,Check-Out,2016-06-15
Resort Hotel,1,80,2016,September,20,25,0,6,6,1,0,0,1,BB,PRT,Direct,TA/TO,0,0,0,A,A,1,No Deposit,16,0,0,Transient-Party,85.43,0,0,Canceled,2016-06-15
Resort Hotel,0,120,2016,August,23,3,0,1,1,1,0,0,1,BB,IRL,Groups,TA/TO,0,0,0,A,A,0,No Deposit,66,0,0,Transient,99.54,0,1,Check-Out,2016-06-15
Resort Hotel,0,52,2015,July,47,24,1,2,3,2,0,0,2,BB,FRA,Groups,TA/TO,0,0,0,B,B,0,Non Refund,469,22,0,Transient-Party,162.54,0,1,Check-Out,2016-06-15
Resort Hotel,0,79,2016,February,19,6,1,6,7,1,0,0,1,BB,PRT,Online TA,TA/TO,0,0,0,A,A,1,No Deposit,194,22,0,Transient,122.7,0,0,Check-Out,2016-06-15
City Hotel,0,285,2016,March,37,13,0,4,4,2,0,0,2,BB,PRT,Groups,TA/TO,0,0,0,A,A,0,No Deposit,152,22,0,Transient,82.18,0,0,Check-Out,2016-06-15
Resort Hotel,1,18,2015,September,45,20,0,1,1,2,0,0,2,HB,PRT,Online TA,TA/TO,0,0,0,A,A,1,No Deposit,24,22,0,Transient,114.51,0,0,Canceled,2016-06-15
City Hotel,0,34,2016,September,4,15,0,2,2,2,0,0,2,BB,GBR,Online TA,TA/TO,0,0,0,A,A,0,No Deposit,61,22,0,Transient,138.01,0,2,Check-Out,2016-06-15
City Hotel,1,16,2016,July,13,4,0,7,7,1,0,0,1,BB,NLD,Groups,TA/TO,0,0,0,D,D,0,No Deposit,238,22,0,Transient,101.83,0,0,Canceled,2016-06-15
City Hotel,0,157,2015,June,38,20,0,2,2,2,0,0,2,BB,ESP,Offline TA/TO,TA/TO,1,0,0,A,A,1,No Deposit,238,22,0,Transient,85.27,0,2,Check-Out,2016-06-15
City Hotel,1,6,2016,January,12,7,1,3,4,1,0,0,1,SC,NLD,Online TA,Direct,0,0,0,A,A,1,No Deposit,426,0,0,Transient,91.78,0,2,Canceled,2016-06-15
City Hotel,0,8,2017,May,9,22,2,3,5,1,0,0,1,BB,PRT,Groups,TA/TO,0,0,0,A,A,0,No Deposit,202,0,0,Transient,149.08,1,1,Check-Out,2016-06-15
City Hotel,0,35,2016,June,15,18,1,3,4,2,0,0,2,BB,PRT,Direct,GDS,0,0,2,D,D,0,No Deposit,43,0,0,Transient-Party,76.19,0,0,Check-Out,2016-06-15
Resort Hotel,0,72,2017,June,21,21,1,2,3,2,0,0,2,BB,NLD,Offline TA/TO,TA/TO,0,0,0,A,A,2,No Deposit,428,0,0,Transient-Party,97.99,0,0,Check-Out,2016-06-15
City Hotel,0,52,2015,November,15,21,0,1,1,2,0,0,2,BB,FRA,Online TA,TA/TO,0,0,0,A,A,0,No Deposit,74,22,0,Transient,127.03,1,2,Check-Out,2016-06-15
City Hotel,1,4,2016,February,49,22,0,3,3,2,0,1,3,BB,ESP,Offline TA/TO,TA/TO,0,0,0,A,G,3,No Deposit,24,22,0,Transient,146.03,0,1,Canceled,2016-06-15
City Hotel,0,315,2016,July,5,7,1,6,7,2,0,0,2,BB,ESP,Offline TA/TO,TA/TO,0,0,0,D,D,0,No Deposit,303,0,10,Transient-Party,57.12,1,0,Check-Out,2016-06-15
City Hotel,1,305,2016,May,5,12,0,6,6,2,0,0,2,BB,DEU,Offline TA/TO,TA/TO,0,0,0,D,D,0,No Deposit,314,22,0,Transient,106.8,0,0,Canceled,2016-06-15
City Hotel,1,32,2016,December,25,11,2,3,5,2,0,0,2,BB,ESP,Groups,Corporate,0,0,0,D,A,0,No Deposit,103,22,0,Transient,105.01,0,0,Canceled,2016-06-15
City Hotel,0,131,2017,October,24,24,0,2,2,2,0,0,2,BB,IRL,Corporate,Direct,1,0,0,C,C,0,No Deposit,43,0,0,Transient-Party,110.92,0,0,Check-Out,2016-06-15
City Hotel,0,86,2016,June,37,12,2,2,4,1,0,0,1,SC,PRT,Online TA,TA/TO,0,0,0,D,D,0,No Deposit,372,22,0,Transient,120.69,0,1,Check-Out,2016-06-15
City Hotel,1,27,2015,December,31,26,0,1,1,2,0,0,2,BB,IRL,Online TA,TA/TO,0,0,0,D,A,0,No Deposit,247,0,0,Transient,98.61,0,1,Canceled,2016-06-15
Resort Hotel,0,30,2016,July,46,15,2,5,7,4,0,0,4,BB,PRT,Groups,TA/TO,0,0,0,D,D,0,No Deposit,494,0,0,Group,94.13,0,1,Check-Out,2016-06-15
City Hotel,1,67,2017,March,34,8,1,1,2,2,0,0,2,HB,GBR,Offline TA/TO,TA/TO,0,0,0,A,G,0,No Deposit,11,22,0,Transient,64.67,0,0,Canceled,2016-06-15
Resort Hotel,0,54,2017,July,41,11,2,2,4,2,0,0,2,BB,NLD,Groups,TA/TO,0,0,0,D,D,2,No Deposit,334,22,0,Transient,60.63,0,1,Check-Out,2016-06-15
Resort Hotel,1,34,2016,April,14,21,1,3,4,2,0,0,2,BB,DEU,Online TA,Direct,0,2,0,A,A,0,No Deposit,445,0,0,Transient,117.66,0,0,Canceled,2016-06-15
City Hotel,0,164,2016,August,27,18,1,3,4,2,0,0,2,BB,NLD,Groups,Corporate,0,0,0,A,A,2,Non Refund,235,0,0,Transient,51.07,0,0,Check-Out,2016-06-15
Resort Hotel,0,65,2016,November,47,10,3,3,6,2,0,0,2,BB,PRT,Online TA,TA/TO,0,0,0,E,E,0,No Deposit,221,22,0,Transient,108.57,0,0,Check-Out,2016-06-15
Resort Hotel,0,106,2017,September,4,8,0,3,3,2,0,0,2,HB,NLD,Direct,Direct,0,1,0,A,A,0,No Deposit,7,0,0,Transient,126.76,0,0,Check-Out,2016-06-15
Resort Hotel,0,20,2017,April,23,6,2,2,4,2,0,0,2,HB,DEU,Online TA,TA/TO,0,0,0,D,D,0,No Deposit,268,22,0,Transient-Party,122.48,0,0,Check-Out,2016-06-15
City Hotel,1,76,2017,April,38,3,0,1,1,3,0,0,3,BB,GBR,Online TA,TA/TO,0,0,0,A,A,0,Non Refund,465,0,0,Transient,182.16,0,1,Canceled,2016-06-15
City Hotel,0,38,2016,February,46,20,0,7,7,2,0,0,2,BB,NLD,Online TA,TA/TO,0,0,0,A,A,0,Refundable,423,0,0,Transient-Party,63.41,0,3,Check-Out,2016-06-15
City Hotel,0,74,2015,April,5,12,1,5,6,2,0,0,2,BB,NLD,Direct,TA/TO,0,0,0,A,A,0,No Deposit,13,0,0,Transient,99.43,0,1,Check-Out,2016-06-15
City Hotel,0,151,2017,February,27,17,1,2,3,2,0,0,2,BB,NLD,Direct,TA/TO,0,0,0,A,A,0,No Deposit,122,22,0,Transient,101.08,1,0,Check-Out,2016-06-15
City Hotel,0,146,2017,June,43,3,1,2,3,2,0,0,2,BB,PRT,Direct,TA/TO,0,0,0,A,A,0,Non Refund,50,0,0,Transient-Party,152.24,0,0,Check-Out,2016-06-15
Resort Hotel,0,43,2017,August,14,20,0,2,2,2,0,0,2,BB,PRT,Groups,Direct,0,0,0,A,A,0,Non Refund,446,0,0,Transient,118.26,0,1,Check-Out,2016-06-15
City Hotel,0,118,2015,September,7,18,1,3,4,2,0,0,2,BB,PRT,Online TA,TA/TO,0,0,0,A,A,0,No Deposit,155,22,0,Transient,93.36,0,0,Check-Out,2016-06-15
City Hotel,1,283,2016,January,46,12,0,3,3,2,0,0,2,BB,NLD,Online TA,TA/TO,0,0,0,A,A,1,No Deposit,215,0,0,Transient,126.19,0,0,Canceled,2016-06-15
City Hotel,0,98,2016,May,45,22,3,1,4,2,0,0,2,HB,BRA,Online TA,TA/TO,0,0,0,A,A,0,No Deposit,155,22,0,Transient,99.6,0,0,Check-Out,2016-06-15
Resort Hotel,0,16,2017,April,18,24,0,2,2,2,2,0,4,BB,DEU,Groups,Direct,0,0,0,A,A,0,No Deposit,9,0,0,Transient,78.11,0,0,Check-Out,2016-06-15
City Hotel,1,113,2016,February,32,16,0,3,3,2,0,0,2,BB,IRL,Online TA,Direct,0,1,0,A,A,2,No Deposit,63,0,0,Transient,80.84,0,3,Canceled,2016-06-15
City Hotel,1,11,2016,May,2,28,0,7,7,2,0,0,2,HB,DEU,Groups,TA/TO,0,0,0,A,B,0,No Deposit,196,0,0,Transient,98.34,0,0,Canceled,2016-06-15
Resort Hotel,1,205,2016,April,41,22,2,2,4,2,0,0,2,BB,GBR,Corporate,TA/TO,0,0,0,B,B,1,No Deposit,8,22,0,Transient,119.38,0,0,Canceled,2016-06-15
City Hotel,0,72,2015,August,43,10,1,3,4,2,0,0,2,BB,BEL,Online TA,TA/TO,0,0,0,A,A,1,No Deposit,230,0,0,Transient,48.78,0,0,Check-Out,2016-06-15
Resort Hotel,0,48,2016,October,20,19,1,2,3,1,0,0,1,BB,NLD,Online TA,TA/TO,0,0,0,A,A,2,No Deposit,467,22,0,Transient,125.25,0,0,Check-Out,2016-06-15
Resort Hotel,1,5,2015,June,29,9,1,1,2,1,0,0,1,BB,BRA,Online TA,Direct,0,0,0,A,C,0,No Deposit,44,0,0,Transient-Party,84.0,0,3,Canceled,2016-06-15
City Hotel,0,47,2016,September,43,14,2,4,6,2,0,0,2,BB,NLD,Online TA,Direct,0,0,0,A,A,0,No Deposit,278,22,0,Contract,47.83,0,0,Check-Out,2016-06-15
Resort Hotel,0,233,2017,March,26,20,0,3,3,2,0,0,2,BB,PRT,Groups,TA/TO,0,0,0,D,D,0,Non Refund,237,22,0,Transient,140.93,0,0,Check-Out,2016-06-15
City Hotel,1,2,2017,October,38,14,0,2,2,1,0,0,1,HB,GBR,Offline TA/TO,TA/TO,0,0,0,A,A,2,No Deposit,377,0,0,Transient,73.48,0,0,Canceled,2016-06-15
City Hotel,0,64,2016,March,1,22,1,3,4,1,0,0,1,BB,FRA,Offline TA/TO,TA/TO,0,0,0,A,A,0,No Deposit,211,22,0,Transient-Party,154.14,0,1,Check-Out,2016-06-15
Resort Hotel,0,267,2017,March,5,4,1,5,6,2,1,0,3,BB,FRA,Offline TA/TO,TA/TO,0,0,0,A,A,0,No Deposit,130,0,0,Transient,134.82,0,2,Check-Out,2016-06-15
City Hotel,0,50,2016,February,14,15,0,4,4,2,0,0,2,BB,FRA,Online TA,TA/TO,0,0,3,A,A,0,No Deposit,454,22,0,Transient,133.85,0,1,Check-Out,2016-06-15
Resort Hotel,1,55,2017,May,25,20,1,5,6,2,1,0,3,BB,DEU,Online TA,Direct,0,0,0,E,E,0,No Deposit,457,22,0,Transient,105.0,0,0,Canceled,2016-06-15
Resort Hotel,1,86,2017,July,48,27,1,2,3,1,1,0,2,HB,NLD,Online TA,TA/TO,0,0,0,A,A,0,No Deposit,300,0,0,Transient-Party,124.11,0,1,Canceled,2016-06-15
Resort Hotel,1,62,2015,December,9,2,1,4,5,2,0,0,2,BB,NLD,Offline TA/TO,TA/TO,0,2,0,A,E,0,No Deposit,271,0,0,Transient,54.79,0,0,Canceled,2016-06-15
Resort Hotel,0,18,2016,September,30,26,4,2,6,2,0,0,2,BB,PRT,Direct,TA/TO,0,1,0,A,A,0,No Deposit,165,0,0,Transient,94.27,1,3,Check-Out,2016-06-15
Resort Hotel,1,1,2016,May,19,18,1,1,2,2,2,0,4,BB,PRT,Corporate,TA/TO,1,0,0,C,C,0,No Deposit,38,0,0,Contract,118.84,0,0,Canceled,2016-06-15
City Hotel,0,94,2017,July,52,2,1,1,2,2,0,0,2,HB,PRT,Offline TA/TO,TA/TO,0,0,0,A,A,0,No Deposit,498,22,0,Transient,144.37,0,0,Check-Out,2016-06-15
City Hotel,0,253,2016,August,40,18,0,3,3,2,0,0,2,SC,BEL,Online TA,TA/TO,0,0,0,A,A,0,No Deposit,426,22,0,Transient,65.07,0,1,Check-Out,2016-06-15
Resort Hotel,1,11,2016,September,8,8,2,2,4,2,0,0,2,BB,NLD,Online TA,Direct,0,0,0,A,A,0,No Deposit,277,22,0,Transient-Party,91.74,0,1,Canceled,2016-06-15
City Hotel,0,23,2016,August,16,10,0,2,2,2,0,0,2,BB,GBR,Online TA,TA/TO,0,0,0,D,D,0,No Deposit,20,0,0,Transient,112.27,0,2,Check-Out,2016-06-15
City Hotel,1,46,2017,July,50,20,2,3,5,2,0,0,2,BB,PRT,Online TA,TA/TO,0,0,0,A,A,0,No Deposit,459,22,0,Transient,119.64,0,0,Canceled,2016-06-15
City Hotel,0,165,2017,August,8,4,0,3,3,2,0,0,2,BB,PRT,Corporate,TA/TO,1,0,0,G,G,0,No Deposit,361,0,0,Transient,112.66,0,1,Check-Out,2016-06-15
City Hotel,0,31,2016,September,23,10,0,3,3,1,0,0,1,HB,PRT,Online TA,TA/TO,0,0,0,A,A,1,Refundable,484,22,0,Transient-Party,37.24,0,3,Check-Out,2016-06-15
Resort Hotel,0,213,2017,March,9,10,0,3,3,2,0,0,2,HB,PRT,Offline TA/TO,Direct,0,0,3,F,F,0,No Deposit,72,22,0,Transient,90.37,0,1,Check-Out,2016-06-15
Resort Hotel,1,5,2017,March,32,27,3,6,9,1,0,0,1,BB,PRT,Groups,Direct,0,0,0,A,B,0,No Deposit,299,0,0,Transient-Party,102.3,1,0,Canceled,2016-06-15
City Hotel,1,282,2017,August,37,3,4,5,9,2,0,0,2,HB,ITA,Direct,TA/TO,0,0,0,A,A,0,No Deposit,56,0,0,Transient,98.55,0,3,Canceled,2016-06-15
City Hotel,0,82,2015,October,34,21,3,1,4,2,0,0,2,BB,PRT,Online TA,TA/TO,0,0,0,A,A,0,No Deposit,477,22,0,Transient,78.77,0,1,Check-Out,2016-06-15
Resort Hotel,1,107,2016,June,46,4,2,5,7,2,0,0,2,BB,PRT,Online TA,TA/TO,0,0,0,A,A,0,No Deposit,476,0,0,Transient,97.5,0,3,Canceled,2016-06-15
City Hotel,1,45,2016,December,18,23,0,2,2,2,0,0,2,BB,FRA,Offline TA/TO,Direct,0,0,0,A,A,0,Non Refund,329,22,0,Transient,142.68,0,0,Canceled,2016-06-15
City Hotel,0,152,2016,April,45,10,0,3,3,2,0,0,2,HB,PRT,Online TA,TA/TO,0,0,0,D,D,0,No Deposit,418,22,0,Transient,191.72,0,0,Check-Out,2016-06-15
City Hotel,1,18,2015,June,44,7,0,5,5,2,0,0,2,SC,GBR,Online TA,TA/TO,0,0,0,A,C,0,Non Refund,393,0,0,Transient,64.45,1,2,Canceled,2016-06-15
City Hotel,1,5,2016,May,15,22,2,3,5,2,0,0,2,BB,FRA,Online TA,TA/TO,0,0,0,A,A,0,No Deposit,156,0,0,Transient,108.09,0,2,Canceled,2016-06-15
City Hotel,1,50,2016,November,15,23,1,4,5,2,0,0,2,BB,NLD,Online TA,Corporate,0,0,0,A,E,0,Non Refund,38,22,0,Transient,113.28,0,0,Canceled,2016-06-15
City Hotel,0,192,2016,April,29,12,1,5,6,2,0,0,2,BB,NLD,Online TA,TA/TO,0,0,0,E,E,0,No Deposit,359,22,0,Transient,130.55,0,0,Check-Out,2016-06-15
City Hotel,1,140,2016,June,23,7,0,6,6,2,0,0,2,BB,PRT,Online TA,TA/TO,0,0,0,A,A,0,Non Refund,388,0,0,Transient,119.84,0,0,Canceled,2016-06-15
City Hotel,1,72,2015,March,23,13,2,2,4,2,2,0,4,BB,GBR,Online TA,TA/TO,0,0,0,D,D,0,No Deposit,83,0,0,Transient-Party,116.46,0,2,Canceled,2016-06-15
Resort Hotel,0,84,2017,July,1,8,3,7,10,2,0,0,2,BB,ESP,Online TA,TA/TO,0,0,0,D,D,1,No Deposit,486,0,0,Transient,112.63,0,0,Check-Out,2016-06-15
City Hotel,0,13,2017,October,22,27,1,2,3,2,0,0,2,BB,FRA,Direct,TA/TO,0,0,0,A,A,0,Non Refund,481,0,0,Transient,120.97,0,1,Check-Out,2016-06-15
City Hotel,0,183,2016,May,7,13,2,2,4,2,0,0,2,BB,PRT,Offline TA/TO,TA/TO,0,0,0,E,E,2,No Deposit,56,0,0,Transient,76.85,0,1,Check-Out,2016-06-15
Resort Hotel,0,154,2017,September,45,1,1,4,5,1,0,0,1,SC,GBR,Offline TA/TO,TA/TO,0,0,0,F,F,0,No Deposit,44,0,0,Transient,117.96,0,0,Check-Out,2016-06-15
City Hotel,0,106,2015,November,32,16,0,7,7,2,0,0,2,HB,PRT,Online TA,TA/TO,0,0,0,D,D,0,Non Refund,473,0,0,Transient,120.03,1,0,Check-Out,2016-06-15
City Hotel,1,62,2017,February,28,19,4,1,5,2,0,0,2,HB,GBR,Groups,TA/TO,0,0,0,A,A,3,No Deposit,348,22,0,Transient,78.1,0,0,Canceled,2016-06-15
City Hotel,0,333,2015,September,50,28,0,6,6,2,0,0,2,HB,PRT,Online TA,TA/TO,1,0,0,A,A,0,No Deposit,307,0,0,Transient,111.56,0,0,Check-Out,2016-06-15
Resort Hotel,0,211,2016,April,32,19,0,7,7,2,0,0,2,BB,IRL,Corporate,TA/TO,0,0,0,A,A,1,No Deposit,210,0,0,Transient,50.28,0,0,Check-Out,2016-06-15
Resort Hotel,0,103,2016,March,33,21,0,5,5,2,0,0,2,HB,GBR,Direct,TA/TO,0,0,0,A,A,1,No Deposit,324,0,0,Transient,69.42,0,2,Check-Out,2016-06-15
City Hotel,1,46,2016,July,43,26,1,1,2,2,0,0,2,BB,PRT,Offline TA/TO,Direct,0,0,0,A,E,0,No Deposit,311,0,0,Contract,71.55,0,0,Canceled,2016-06-15
Resort Hotel,0,96,2016,August,13,13,1,4,5,2,0,0,2,HB,DEU,Groups,TA/TO,0,0,0,A,A,0,No Deposit,307,0,0,Transient,58.56,1,1,Check-Out,2016-06-15
City Hotel,0,85,2016,May,52,7,0,3,3,1,0,0,1,SC,BEL,Online TA,TA/TO,0,0,0,A,A,0,No Deposit,228,22,0,Transient-Party,95.47,0,1,Check-Out,2016-06-15
City Hotel,0,50,2016,January,28,15,3,1,4,2,0,0,2,BB,PRT,Offline TA/TO,Direct,0,0,0,A,B,0,No Deposit,328,0,0,Transient,96.16,0,2,Check-Out,2016-06-15
Resort Hotel,0,36,2017,October,9,26,2,7,9,2,0,0,2,BB,PRT,Groups,TA/TO,1,0,0,E,E,0,No Deposit,334,0,0,Transient,107.41,0,0,Check-Out,2016-06-15
City Hotel,1,52,2016,August,48,6,0,1,1,2,0,0,2,BB,PRT,Online TA,TA/TO,0,2,0,G,G,0,No Deposit,193,22,0,Transient,95.94,0,0,Canceled,2016-06-15
City Hotel,1,85,2016,April,43,4,1,2,3,1,0,0,1,HB,PRT,Online TA,TA/TO,0,0,0,G,G,0,No Deposit,322,0,0,Transient,154.77,1,0,Canceled,2016-06-15
City Hotel,1,55,2016,June,3,22,2,1,3,2,0,0,2,BB,NLD,Groups,Direct,0,0,0,D,D,0,No Deposit,10,22,0,Transient,80.72,0,0,Canceled,2016-06-15
City Hotel,0,30,2017,January,17,23,0,2,2,1,0,0,1,BB,PRT,Online TA,TA/TO,0,0,0,D,D,3,No Deposit,141,0,0,Transient,62.51,0,1,Check-Out,2016-06-15
City Hotel,1,143,2016,May,34,20,0,3,3,1,0,0,1,BB,NLD,Offline TA/TO,TA/TO,0,0,0,E,F,0,Non Refund,199,0,0,Transient-Party,43.81,0,0,Canceled,2016-06-15
City Hotel,0,75,2016,July,32,11,0,6,6,2,0,0,2,HB,GBR,Groups,TA/TO,0,0,0,A,A,0,No Deposit,103,0,0,Transient-Party,82.57,0,1,Check-Out,2016-06-15
City Hotel,1,7,2016,July,9,24,2,7,9,4,0,0,4,BB,DEU,Online TA,Direct,0,0,0,A,A,0,No Deposit,85,22,0,Transient,83.42,0,0,Canceled,2016-06-15
City Hotel,0,45,2016,March,41,21,1,2,3,2,0,0,2,BB,FRA,Online TA,TA/TO,0,0,0,A,A,3,No Deposit,353,22,0,Transient-Party,140.71,0,0,Check-Out,2016-06-15
City Hotel,1,216,2016,September,48,19,2,2,4,1,0,0,1,BB,ESP,Offline TA/TO,TA/TO,0,0,0,A,A,0,No Deposit,15,22,0,Transient,84.84,0,1,Canceled,2016-06-15
City Hotel,0,140,2016,April,1,2,1,1,2,2,0,0,2,BB,ESP,Offline TA/TO,TA/TO,0,0,0,A,A,0,No Deposit,49,22,0,Transient,101.49,0,0,Check-Out,2016-06-15
City Hotel,1,39,2016,July,49,17,0,2,2,1,1,0,2,BB,GBR,Direct,TA/TO,0,0,3,G,G,0,Non Refund,342,22,0,Transient,98.31,0,0,Canceled,2016-06-15
City Hotel,1,278,2016,April,42,15,0,6,6,1,0,0,1,BB,PRT,Offline TA/TO,TA/TO,0,0,0,A,A,0,No Deposit,184,0,0,Transient,38.42,0,0,Canceled,2016-06-15
Resort Hotel,0,7,2015,June,20,20,0,1,1,2,0,0,2,BB,NLD,Online TA,TA/TO,0,0,0,A,C,0,Non Refund,312,22,0,Transient,140.29,0,2,Check-Out,2016-06-15
City Hotel,0,325,2016,March,5,18,0,2,2,2,0,0,2,HB,NLD,Groups,TA/TO,0,1,0,C,C,0,No Deposit,369,22,30,Transient-Party,77.47,0,1,Check-Out,2016-06-15
Resort Hotel,0,28,2016,August,40,12,0,5,5,2,0,0,2,BB,PRT,Direct,TA/TO,0,0,0,E,E,0,No Deposit,348,22,0,Transient,125.31,0,1,Check-Out,2016-06-15
City Hotel,0,0,2017,June,45,3,0,3,3,2,0,0,2,SC,PRT,Online TA,TA/TO,1,0,0,F,F,0,No Deposit,84,0,0,Transient,81.68,0,0,Check-Out,2016-06-15
Resort Hotel,1,56,2016,January,21,17,2,2,4,2,0,0,2,HB,ESP,Groups,TA/TO,0,0,0,D,D,1,No Deposit,354,22,0,Transient,82.01,0,2,Canceled,2016-06-15
City Hotel,0,44,2017,January,5,14,0,4,4,2,0,0,2,BB,NLD,Online TA,TA/TO,0,0,0,A,A,0,No Deposit,201,0,0,Transient,71.39,0,0,Check-Out,2016-06-15
City Hotel,1,77,2015,June,4,6,1,1,2,2,0,0,2,BB,BEL,Online TA,TA/TO,1,0,0,D,D,0,No Deposit,89,22,0,Transient,90.15,0,0,Canceled,2016-06-15
City Hotel,0,159,2015,March,8,4,0,5,5,2,1,0,3,BB,NLD,Online TA,TA/TO,0,0,0,D,D,0,No Deposit,300,22,0,Transient,123.03,0,0,Check-Out,2016-06-15
City Hotel,0,184,2017,July,25,21,1,2,3,1,0,0,1,BB,PRT,Online TA,TA/TO,0,0,0,A,C,0,No Deposit,275,22,0,Transient,52.84,0,0,Check-Out,2016-06-15
City Hotel,0,51,2016,June,7,8,2,4,6,2,1,0,3,BB,PRT,Online TA,GDS,0,0,0,A,A,0,No Deposit,173,0,0,Transient,130.98,0,0,Check-Out,2016-06-15
City Hotel,0,56,2015,August,37,27,0,2,2,1,0,0,1,BB,PRT,Online TA,TA/TO,0,0,0,D,D,0,No Deposit,243,0,0,Transient,134.34,0,0,Check-Out,2016-06-15
City Hotel,1,16,2016,November,42,20,0,1,1,2,0,0,2,BB,FRA,Groups,TA/TO,0,0,0,A,A,0,No Deposit,458,22,0,Transient,84.36,1,1,Canceled,2016-06-15
City Hotel,1,4,2016,July,32,22,2,3,5,1,0,0,1,BB,NLD,Groups,TA/TO,0,0,0,A,A,0,No Deposit,135,22,0,Transient,51.92,1,0,Canceled,2016-06-15
Resort Hotel,1,102,2017,September,17,3,1,1,2,2,0,0,2,BB,PRT,Online TA,TA/TO,0,0,0,G,G,0,No Deposit,460,0,0,Transient-Party,114.74,0,0,Canceled,2016-06-15
City Hotel,0,6,2015,September,28,8,0,1,1,2,0,0,2,BB,ESP,Offline TA/TO,TA/TO,0,0,0,E,E,0,No Deposit,444,22,0,Transient,97.37,0,1,Check-Out,2016-06-15
City Hotel,1,132,2016,November,6,13,2,2,4,2,0,0,2,BB,NLD,Offline TA/TO,TA/TO,0,0,0,D,D,0,No Deposit,42,22,0,Transient,122.73,0,0,Canceled,2016-06-15
City Hotel,0,77,2017,April,42,19,0,2,2,2,0,0,2,HB,FRA,Offline TA/TO,TA/TO,0,0,0,A,A,0,No Deposit,290,0,0,Transient,40.85,0,0,Check-Out,2016-06-15
Resort Hotel,0,22,2017,September,48,15,0,3,3,1,0,0,1,BB,GBR,Corporate,TA/TO,0,1,0,C,C,0,Non Refund,65,0,0,Transient,44.2,0,1,Check-Out,2016-06-15
City Hotel,1,77,2017,October,42,23,0,3,3,2,0,0,2,BB,GBR,Online TA,TA/TO,1,0,0,A,A,0,No Deposit,47,22,0,Transient,174.15,0,0,Canceled,2016-06-15
Resort Hotel,0,20,2016,May,36,7,1,2,3,2,0,0,2,BB,DEU,Offline TA/TO,TA/TO,0,0,0,A,A,0,No Deposit,3,0,0,Transient,129.72,0,1,Check-Out,2016-06-15
City Hotel,1,57,2017,May,2,3,2,2,4,2,0,0,2,HB,NLD,Online TA,TA/TO,0,0,3,A,A,0,No Deposit,418,0,0,Transient,86.86,1,2,Canceled,2016-06-15
City Hotel,1,160,2017,November,31,19,2,5,7,2,0,0,2,BB,NLD,Online TA,TA/TO,0,0,1,F,F,0,No Deposit,46,22,0,Transient,46.99,0,2,Canceled,2016-06-15
City Hotel,0,61,2017,August,1,26,2,1,3,2,0,0,2,BB,NLD,Groups,TA/TO,0,0,0,A,A,0,No Deposit,481,0,0,Transient-Party,63.24,0,0,Check-Out,2016-06-15
Resort Hotel,0,16,2017,May,3,10,0,3,3,2,0,0,2,BB,FRA,Direct,TA/TO,0,0,0,A,A,1,No Deposit,482,0,0,Transient,121.5,0,1,Check-Out,2016-06-15
City Hotel,1,128,2017,September,13,28,2,2,4,2,0,0,2,BB,PRT,Online TA,Corporate,0,0,0,A,A,0,No Deposit,124,22,0,Transient,74.32,0,1,Canceled,2016-06-15
City Hotel,0,20,2015,May,31,27,1,2,3,2,0,0,2,HB,PRT,Direct,TA/TO,0,0,0,D,D,0,No Deposit,206,22,0,Transient,43.81,0,0,Check-Out,2016-06-15
City Hotel,0,134,2015,March,29,16,0,3,3,2,0,0,2,BB,PRT,Online TA,TA/TO,0,0,0,B,B,0,No Deposit,403,22,0,Transient-Party,74.82,0,0,Check-Out,2016-06-15
City Hotel,1,65,2017,July,44,14,2,5,7,2,1,0,3,BB,GBR,Offline TA/TO,TA/TO,0,0,0,A,B,0,No Deposit,313,0,0,Transient,49.92,0,0,Canceled,2016-06-15
Resort Hotel,1,60,2016,July,33,8,1,3,4,2,0,0,2,BB,FRA,Online TA,TA/TO,0,0,0,A,A,0,No Deposit,484,22,0,Transient,79.67,0,0,Canceled,2016-06-15
City Hotel,0,190,2015,September,10,11,1,3,4,2,0,0,2,BB,NLD,Offline TA/TO,TA/TO,0,0,0,A,A,0,No Deposit,11,0,0,Transient,72.34,0,2,Check-Out,2016-06-15
City Hotel,1,123,2016,June,38,19,0,2,2,1,0,0,1,FB,PRT,Corporate,TA/TO,0,0,0,E,E,1,No Deposit,27,22,0,Transient,125.42,0,0,Canceled,2016-06-15
City Hotel,1,3,2017,September,9,2,2,2,4,2,1,0,3,BB,PRT,Online TA,Direct,0,0,0,A,A,0,No Deposit,69,0,0,Transient,129.01,0,0,Canceled,2016-06-15
Resort Hotel,1,35,2015,May,1,5,0,2,2,1,0,0,1,SC,FRA,Online TA,Direct,0,0,0,A,A,0,No Deposit,425,22,0,Transient-Party,70.66,0,1,Canceled,2016-06-15
City Hotel,0,204,2016,July,44,11,0,1,1,2,0,0,2,BB,NLD,Groups,TA/TO,0,0,0,A,A,0,No Deposit,440,22,0,Transient,94.69,0,0,Check-Out,2016-06-15
City Hotel,0,1,2015,March,37,7,3,3,6,1,0,0,1,BB,PRT,Online TA,Direct,0,0,0,A,A,0,No Deposit,362,22,0,Transient,113.27,0,3,Check-Out,2016-06-15
City Hotel,0,78,2015,May,32,8,0,2,2,2,0,0,2,BB,PRT,Online TA,GDS,0,0,0,A,A,2,No Deposit,399,22,0,Transient,145.61,0,0,Check-Out,2016-06-15
Resort Hotel,0,130,2016,October,33,17,0,3,3,2,0,0,2,BB,ESP,Online TA,Corporate,0,0,2,A,A,2,No Deposit,9,22,0,Transient,87.81,0,0,Check-Out,2016-06-15
City Hotel,0,97,2015,April,2,12,2,2,4,2,0,0,2,BB,PRT,Corporate,Direct,0,0,0,F,F,0,Non Refund,134,22,0,Transient,44.6,0,1,Check-Out,2016-06-15
Resort Hotel,0,142,2017,September,46,18,0,6,6,2,0,0,2,BB,NLD,Offline TA/TO,TA/TO,0,0,0,A,A,0,No Deposit,127,0,0,Transient,98.95,0,2,Check-Out,2016-06-15
Resort Hotel,1,129,2017,April,2,7,0,2,2,2,0,0,2,BB,FRA,Online TA,TA/TO,0,0,0,G,G,1,Non Refund,339,22,0,Transient,115.21,0,1,Canceled,2016-06-15
Resort Hotel,0,117,2017,January,5,9,1,3,4,2,0,0,2,BB,NLD,Online TA,TA/TO,0,0,0,D,D,0,No Deposit,479,22,0,Transient,106.85,0,0,Check-Out,2016-06-15
City Hotel,0,172,2016,February,10,19,0,3,3,2,0,0,2,BB,NLD,Online TA,TA/TO,0,0,0,E,B,0,No Deposit,482,0,0,Transient,110.01,0,2,Check-Out,2016-06-15
City Hotel,1,103,2016,September,52,14,3,3,6,2,0,0,2,SC,PRT,Online TA,TA/TO,0,0,1,A,A,0,No Deposit,102,22,0,Transient,115.24,0,1,Canceled,2016-06-15
City Hotel,1,51,2015,April,38,24,0,2,2,2,0,0,2,BB,PRT,Online TA,Corporate,0,0,0,A,A,0,No Deposit,284,22,0,Transient,120.9,0,0,Canceled,2016-06-15
Resort Hotel,1,63,2016,August,37,26,2,2,4,2,0,0,2,BB,PRT,Offline TA/TO,Corporate,0,0,0,D,D,0,No Deposit,291,0,0,Transient,51.05,0,0,Canceled,2016-06-15
City Hotel,1,126,2016,August,2,19,0,3,3,2,0,0,2,BB,GBR,Direct,TA/TO,0,0,0,A,A,0,No Deposit,308,22,0,Transient-Party,75.4,0,0,Canceled,2016-06-15
City Hotel,0,208,2017,May,41,20,0,4,4,2,0,0,2,BB,PRT,Groups,TA/TO,0,0,0,A,A,0,No Deposit,447,0,0,Transient-Party,83.66,0,1,Check-Out,2016-06-15
City Hotel,0,31,2015,June,42,18,0,3,3,2,0,0,2,BB,NLD,Offline TA/TO,Direct,0,0,0,A,A,1,No Deposit,8,0,0,Transient,110.78,0,1,Check-Out,2016-06-15
City Hotel,1,41,2016,June,40,25,0,2,2,2,0,0,2,BB,PRT,Groups,TA/TO,0,0,3,E,E,0,No Deposit,413,22,0,Transient,67.59,0,2,Canceled,2016-06-15
Resort Hotel,1,266,2017,November,25,15,1,2,3,1,0,0,1,BB,NLD,Offline TA/TO,TA/TO,0,0,0,D,D,0,No Deposit,257,0,0,Transient,62.36,0,0,Canceled,2016-06-15
City Hotel,1,86,2016,May,38,21,1,4,5,1,0,0,1,BB,ESP,Online TA,TA/TO,0,0,0,A,A,2,No Deposit,170,0,0,Transient,111.07,0,2,Canceled,2016-06-15
Resort Hotel,0,19,2017,March,37,21,2,5,7,2,0,0,2,BB,FRA,Offline TA/TO,TA/TO,0,0,0,A,A,0,No Deposit,147,0,0,Transient,115.73,1,2,Check-Out,2016-06-15
City Hotel,1,108,2017,May,18,4,0,1,1,2,0,0,2,BB,ITA,Direct,TA/TO,0,0,0,A,A,0,No Deposit,133,0,0,Transient,137.21,0,1,Canceled,2016-06-15
Resort Hotel,0,468,2016,August,27,13,0,4,4,2,0,0,2,BB,NLD,Groups,TA/TO,0,0,0,A,A,0,No Deposit,59,0,0,Transient,123.98,0,2,Check-Out,2016-06-15
Resort Hotel,1,173,2016,August,20,5,0,1,1,2,0,0,2,BB,PRT,Offline TA/TO,Corporate,0,0,0,G,G,2,No Deposit,57,22,0,Transient,55.01,0,2,Canceled,2016-06-15
City Hotel,0,136,2017,November,50,12,0,5,5,2,0,0,2,HB,PRT,Online TA,TA/TO,0,0,0,A,A,0,No Deposit,167,0,0,Transient,128.99,0,0,Check-Out,2016-06-15
City Hotel,1,23,2015,October,34,17,0,3,3,2,0,0,2,BB,GBR,Online TA,GDS,0,0,0,A,A,2,No Deposit,3,22,0,Transient-Party,92.51,0,1,Canceled,2016-06-15
Resort Hotel,0,208,2016,April,44,10,0,1,1,2,0,0,2,BB,FRA,Offline TA/TO,Direct,0,0,0,A,A,0,No Deposit,72,0,0,Transient,87.79,0,1,Check-Out,2016-06-15
City Hotel,0,74,2017,June,8,26,0,1,1,2,0,0,2,BB,PRT,Online TA,TA/TO,0,0,0,G,G,0,No Deposit,297,22,0,Transient-Party,95.51,0,1,Check-Out,2016-06-15
City Hotel,1,220,2016,September,4,12,2,3,5,2,0,0,2,BB,ITA,Online TA,TA/TO,0,0,0,A,A,0,Non Refund,210,0,0,Transient,141.3,0,0,Canceled,2016-06-15
Resort Hotel,0,40,2016,November,30,6,1,3,4,2,0,0,2,BB,FRA,Online TA,TA/TO,0,0,0,A,A,0,No Deposit,455,0,0,Transient,47.77,0,2,Check-Out,2016-06-15
City Hotel,1,6,2016,May,52,27,0,3,3,2,0,0,2,BB,ESP,Online TA,TA/TO,0,0,0,A,A,0,No Deposit,255,0,0,Contract,75.91,0,1,Canceled,2016-06-15
Resort Hotel,0,64,2017,June,36,20,0,2,2,2,0,0,2,BB,PRT,Online TA,TA/TO,0,0,0,D,D,0,No Deposit,85,0,0,Transient,85.78,0,0,Check-Out,2016-06-15
City Hotel,1,31,2015,October,9,28,1,3,4,2,0,0,2,SC,NLD,Corporate,TA/TO,0,0,0,A,A,0,No Deposit,38,22,0,Transient-Party,66.41,0,1,Canceled,2016-06-15
City Hotel,1,125,2016,May,41,20,2,5,7,1,0,0,1,BB,GBR,Online TA,TA/TO,0,0,0,A,A,0,No Deposit,357,0,0,Transient,58.5,0,1,Canceled,2016-06-15
Resort Hotel,0,314,2016,June,12,12,0,6,6,2,0,0,2,BB,DEU,Online TA,TA/TO,0,0,0,A,A,0,No Deposit,154,0,0,Transient,79.95,0,0,Check-Out,2016-06-15
Resort Hotel,0,117,2016,October,14,13,2,2,4,2,0,0,2,BB,PRT,Offline TA/TO,TA/TO,0,0,0,A,A,0,No Deposit,34,22,0,Transient,25.01,0,0,Check-Out,2016-06-15
City Hotel,0,217,2017,September,35,21,1,2,3,2,0,0,2,BB,NLD,Groups,TA/TO,1,1,0,A,A,0,No Deposit,215,22,0,Transient,112.7,0,0,Check-Out,2016-06-15
City Hotel,1,60,2017,April,6,17,1,2,3,1,0,0,1,BB,PRT,Groups,TA/TO,0,0,0,A,A,0,No Deposit,149,22,0,Transient,120.69,0,1,Canceled,2016-06-15
City Hotel,0,147,2016,May,47,20,2,2,4,2,0,0,2,BB,NLD,Corporate,TA/TO,0,0,0,D,D,0,No Deposit,161,22,0,Transient,112.57,0,0,Check-Out,2016-06-15
City Hotel,0,185,2015,May,23,10,3,4,7,2,2,0,4,BB,FRA,Online TA,TA/TO,0,0,0,C,C,0,Non Refund,20,0,0,Transient,90.49,0,0,Check-Out,2016-06-15
City Hotel,1,124,2015,November,51,19,0,2,2,2,2,0,4,BB,PRT,Direct,Corporate,0,0,0,D,D,0,No Deposit,406,22,0,Transient,125.55,0,1,Canceled,2016-06-15
Resort Hotel,0,70,2016,December,4,5,2,2,4,2,1,0,3,BB,DEU,Direct,Direct,0,1,0,A,A,1,No Deposit,126,0,0,Transient,74.97,0,1,Check-Out,2016-06-15
City Hotel,1,98,2016,September,1,26,1,5,6,2,0,0,2,SC,ESP,Online TA,TA/TO,0,0,0,A,A,0,No Deposit,344,22,0,Transient,117.72,0,0,Canceled,2016-06-15
City Hotel,0,120,2015,June,9,5,1,1,2,2,0,0,2,BB,GBR,Corporate,TA/TO,0,0,0,B,B,0,Non Refund,101,22,0,Transient-Party,106.56,0,0,Check-Out,2016-06-15
Resort Hotel,0,29,2016,January,48,8,1,5,6,2,0,0,2,SC,NLD,Online TA,TA/TO,0,0,0,E,E,0,Non Refund,3,22,0,Transient,37.91,0,0,Check-Out,2016-06-15
Resort Hotel,0,165,2015,August,9,17,3,1,4,2,0,0,2,BB,GBR,Online TA,TA/TO,0,0,0,D,D,0,No Deposit,450,22,0,Transient-Party,107.84,0,1,Check-Out,2016-06-15
Resort Hotel,0,300,2017,May,44,3,1,2,3,2,0,0,2,HB,PRT,Groups,TA/TO,0,0,0,F,F,0,No Deposit,59,22,0,Transient,105.87,1,0,Check-Out,2016-06-15
City Hotel,0,62,2017,August,46,21,2,2,4,1,2,0,3,BB,PRT,Direct,Direct,0,0,0,A,A,0,No Deposit,414,0,0,Transient-Party,168.08,0,0,Check-Out,2016-06-15
City Hotel,1,120,2016,July,15,16,1,5,6,1,0,0,1,BB,NLD,Online TA,TA/TO,0,0,0,A,A,0,No Deposit,354,0,30,Transient,79.92,0,0,Canceled,2016-06-15
Resort Hotel,0,133,2015,June,24,27,1,5,6,2,0,0,2,BB,FRA,Groups,TA/TO,0,0,0,A,A,0,Non Refund,51,0,0,Transient,102.93,0,1,Check-Out,2016-06-15
City Hotel,1,108,2017,November,48,19,1,3,4,2,0,0,2,Undefined,ESP,Direct,TA/TO,0,0,1,A,A,0,No Deposit,3,0,0,Transient,159.65,0,0,Canceled,2016-06-15
Resort Hotel,0,79,2017,January,8,6,1,2,3,2,0,0,2,BB,PRT,Online TA,TA/TO,0,0,0,D,D,0,No Deposit,451,0,0,Transient-Party,114.11,0,0,Check-Out,2016-06-15
City Hotel,0,213,2016,August,28,10,1,2,3,2,0,0,2,BB,FRA,Online TA,TA/TO,0,0,0,A,A,0,No Deposit,275,0,0,Transient,120.0,0,1,Check-Out,2016-06-15
Resort Hotel,1,59,2017,June,42,16,1,3,4,2,0,0,2,BB,ESP,Groups,TA/TO,0,0,0,A,A,0,No Deposit,269,22,0,Transient,58.38,0,3,Canceled,2016-06-15
City Hotel,1,6,2017,August,46,13,2,6,8,2,0,0,2,HB,FRA,Offline TA/TO,TA/TO,0,1,0,E,E,1,Non Refund,72,0,0,Transient,90.38,0,1,Canceled,2016-06-15
City Hotel,0,186,2016,August,17,3,2,6,8,2,0,0,2,BB,NLD,Online TA,TA/TO,0,0,0,A,A,0,No Deposit,281,22,30,Transient,115.9,0,0,Check-Out,2016-06-15
City Hotel,0,112,2016,January,35,22,0,4,4,2,0,0,2,BB,ESP,Direct,Direct,0,0,0,A,A,0,No Deposit,406,0,0,Transient,76.96,0,3,Check-Out,2016-06-15
City Hotel,1,189,2016,April,31,8,0,3,3,2,0,0,2,BB,NLD,Online TA,TA/TO,0,0,0,A,A,0,No Deposit,340,0,0,Transient,124.45,0,0,Canceled,2016-06-15
City Hotel,0,14,2016,March,4,20,1,2,3,2,0,0,2,SC,PRT,Online TA,TA/TO,0,0,0,A,A,0,No Deposit,27,22,0,Transient,143.26,0,0,Check-Out,2016-06-15
City Hotel,1,3,2016,March,48,8,1,1,2,1,0,0,1,BB,NLD,Direct,TA/TO,0,0,0,A,A,0,No Deposit,323,22,0,Transient,167.62,0,0,Canceled,2016-06-15
Resort Hotel,0,272,2017,August,14,7,0,2,2,1,0,0,1,BB,ESP,Offline TA/TO,TA/TO,0,0,0,A,A,0,No Deposit,177,0,0,Contract,155.24,0,0,Check-Out,2016-06-15
Resort Hotel,1,15,2017,April,25,27,1,2,3,2,0,0,2,BB,PRT,Online TA,Direct,0,0,0,F,B,1,No Deposit,467,0,0,Transient,96.55,0,0,Canceled,2016-06-15
City Hotel,0,165,2016,June,46,11,2,1,3,1,0,0,1,BB,BRA,Offline TA/TO,TA/TO,0,0,0,A,A,0,Non Refund,141,22,0,Transient,91.28,0,2,Check-Out,2016-06-15
Resort Hotel,1,173,2016,April,48,20,1,2,3,2,0,0,2,BB,ESP,Groups,Direct,0,0,0,C,C,0,Refundable,171,22,0,Transient,95.72,0,0,Canceled,2016-06-15
Resort Hotel,0,123,2016,July,40,3,2,3,5,2,0,0,2,BB,ESP,Online TA,TA/TO,0,0,0,A,A,0,No Deposit,384,0,0,Transient-Party,57.57,0,0,Check-Out,2016-06-15
City Hotel,1,14,2015,August,50,21,2,3,5,2,0,0,2,BB,PRT,Online TA,TA/TO,0,0,0,D,D,0,No Deposit,321,0,0,Transient,93.86,0,1,Canceled,2016-06-15
City Hotel,0,110,2016,May,7,21,0,1,1,2,0,0,2,SC,ITA,Direct,TA/TO,0,0,0,A,A,0,Non Refund,65,0,0,Transient,81.91,0,1,Check-Out,2016-06-15
City Hotel,0,219,2017,July,31,7,2,2,4,1,0,0,1,HB,PRT,Groups,TA/TO,0,0,0,A,A,3,No Deposit,246,22,0,Transient,45.09,1,1,Check-Out,2016-06-15
Resort Hotel,0,55,2016,September,35,11,1,3,4,3,0,0,3,BB,GBR,Online TA,Direct,0,0,0,A,A,0,No Deposit,381,0,0,Transient,117.42,1,0,Check-Out,2016-06-15
Resort Hotel,1,53,2016,February,38,17,2,6,8,2,0,0,2,BB,NLD,Online TA,TA/TO,0,0,0,F,G,0,Non Refund,370,0,0,Transient,51.18,0,2,Canceled,2016-06-15
City Hotel,0,58,2015,August,20,25,0,1,1,2,0,0,2,BB,PRT,Online TA,TA/TO,0,0,0,A,D,1,No Deposit,219,22,0,Transient,69.19,0,1,Check-Out,2016-06-15
Resort Hotel,1,8,2016,May,16,18,0,3,3,3,0,0,3,BB,NLD,Groups,TA/TO,0,0,0,A,A,1,No Deposit,50,0,0,Transient,143.78,0,0,Canceled,2016-06-15
Resort Hotel,0,222,2016,February,22,25,0,1,1,2,0,0,2,HB,FRA,Online TA,TA/TO,0,0,0,A,A,0,No Deposit,406,22,0,Transient,98.17,0,0,Check-Out,2016-06-15
City Hotel,1,203,2016,July,36,9,0,1,1,2,0,0,2,HB,PRT,Online TA,TA/TO,0,0,0,A,A,1,No Deposit,57,0,0,Transient-Party,108.04,0,3,Canceled,2016-06-15
City Hotel,0,617,2016,April,19,13,0,1,1,2,0,0,2,HB,NLD,Groups,Direct,0,0,0,A,A,0,Non Refund,25,0,0,Transient-Party,144.25,0,1,Check-Out,2016-06-15
City Hotel,1,87,2015,September,2,15,0,2,2,2,0,0,2,BB,DEU,Corporate,TA/TO,0,0,0,A,A,3,No Deposit,298,0,0,Transient,131.48,0,0,Canceled,2016-06-15
Resort Hotel,0,139,2015,January,4,19,1,4,5,2,0,0,2,SC,GBR,Online TA,Corporate,0,0,0,D,F,0,Refundable,150,0,0,Transient-Party,154.48,1,1,Check-Out,2016-06-15
Resort Hotel,0,22,2016,February,34,15,1,5,6,1,0,1,2,BB,PRT,Direct,Direct,0,0,0,A,A,0,No Deposit,138,0,0,Transient-Party,100.02,0,0,Check-Out,2016-06-15
City Hotel,0,110,2015,July,7,7,0,2,2,2,0,0,2,FB,GBR,Online TA,TA/TO,0,0,0,D,D,0,No Deposit,148,0,0,Transient,145.43,0,0,Check-Out,2016-06-15
Resort Hotel,1,104,2017,July,47,3,1,2,3,2,0,0,2,HB,PRT,Offline TA/TO,Direct,0,0,0,A,A,0,No Deposit,121,22,0,Transient,63.73,0,1,Canceled,2016-06-15
City Hotel,0,231,2015,August,49,24,0,1,1,2,0,0,2,BB,NLD,Offline TA/TO,TA/TO,0,0,0,A,A,2,No Deposit,11,22,0,Transient,110.73,0,0,Check-Out,2016-06-15
City Hotel,0,177,2016,April,14,8,0,2,2,2,0,0,2,SC,PRT,Groups,TA/TO,0,0,0,A,G,0,No Deposit,333,0,0,Transient,32.68,0,0,Check-Out,2016-06-15
City Hotel,0,278,2016,October,43,13,2,2,4,1,0,0,1,BB,NLD,Online TA,TA/TO,0,2,0,A,A,0,No Deposit,290,22,0,Transient,109.7,1,0,Check-Out,2016-06-15
Resort Hotel,0,203,2016,November,32,16,0,1,1,1,0,0,1,BB,BEL,Offline TA/TO,TA/TO,0,0,0,G,G,0,Non Refund,441,22,0,Transient-Party,144.82,0,2,Check-Out,2016-06-15
Resort Hotel,0,203,2017,June,17,3,0,1,1,2,0,0,2,BB,NLD,Corporate,TA/TO,0,0,0,A,A,0,No Deposit,436,0,0,Contract,95.62,0,0,Check-Out,2016-06-15
City Hotel,1,6,2016,September,37,21,0,4,4,2,0,0,2,BB,PRT,Groups,Corporate,0,0,3,B,B,0,No Deposit,283,0,0,Transient-Party,86.04,0,2,Canceled,2016-06-15
City Hotel,0,187,2017,July,14,23,2,1,3,2,0,0,2,BB,GBR,Online TA,TA/TO,0,0,0,A,A,0,No Deposit,455,22,0,Transient,108.0,0,0,Check-Out,2016-06-15
City Hotel,1,93,2016,February,17,1,2,3,5,2,0,0,2,SC,DEU,Online TA,Corporate,0,0,0,A,A,0,No Deposit,310,22,0,Transient,38.42,0,1,Canceled,2016-06-15
Resort Hotel,0,47,2016,May,32,3,0,1,1,2,0,0,2,BB,NLD,Groups,Direct,0,0,0,A,A,0,No Deposit,218,0,0,Transient,17.13,0,0,Check-Out,2016-06-15
Resort Hotel,1,5,2017,February,52,16,1,4,5,4,2,0,6,BB,PRT,Online TA,TA/TO,0,0,0,A,B,0,No Deposit,145,0,0,Transient,136.27,0,0,Canceled,2016-06-15
City Hotel,0,113,2016,December,2,1,0,2,2,2,0,0,2,BB,NLD,Online TA,TA/TO,0,0,0,A,A,0,No Deposit,109,0,0,Transient,116.64,0,2,Check-Out,2016-06-15
City Hotel,0,39,2016,April,39,18,0,1,1,2,0,0,2,SC,PRT,Groups,TA/TO,0,0,0,A,A,0,No Deposit,433,0,0,Transient,67.42,0,1,Check-Out,2016-06-15
City Hotel,0,63,2017,August,4,14,0,2,2,2,0,0,2,BB,FRA,Offline TA/TO,TA/TO,0,0,0,A,A,0,No Deposit,21,22,0,Transient,65.31,0,0,Check-Out,2016-06-15
Resort Hotel,0,114,2017,April,40,7,2,7,9,2,0,0,2,SC,PRT,Groups,TA/TO,0,0,0,C,C,0,Non Refund,485,0,0,Transient,126.9,1,0,Check-Out,2016-06-15
City Hotel,0,242,2016,August,30,23,0,4,4,2,2,0,4,SC,PRT,Online TA,TA/TO,0,0,0,D,D,0,Non Refund,16,0,0,Transient,75.09,0,1,Check-Out,2016-06-15
City Hotel,1,174,2016,April,30,3,1,3,4,2,0,0,2,SC,NLD,Online TA,Corporate,0,0,0,D,D,0,No Deposit,308,0,0,Contract,59.59,1,0,Canceled,2016-06-15
City Hotel,1,59,2015,September,33,22,2,1,3,2,1,0,3,BB,PRT,Offline TA/TO,TA/TO,0,0,0,A,B,0,Non Refund,153,22,0,Transient,121.66,0,2,Canceled,2016-06-15
City Hotel,1,49,2016,February,42,16,1,1,2,2,0,0,2,BB,ESP,Groups,TA/TO,1,0,0,A,A,0,No Deposit,153,22,0,Transient-Party,26.39,0,2,Canceled,2016-06-15
Resort Hotel,1,27,2016,October,1,6,2,4,6,2,0,0,2,BB,PRT,Direct,TA/TO,0,0,0,A,E,1,No Deposit,158,22,0,Transient,59.19,0,0,Canceled,2016-06-15
City Hotel,0,46,2017,October,33,18,2,4,6,2,0,0,2,BB,NLD,Online TA,TA/TO,0,0,0,A,A,0,No Deposit,124,0,0,Transient,147.74,0,1,Check-Out,2016-06-15
Resort Hotel,0,11,2016,August,36,25,1,2,3,2,0,0,2,SC,NLD,Direct,TA/TO,0,0,0,A,A,0,No Deposit,439,22,0,Transient-Party,107.17,0,2,Check-Out,2016-06-15
City Hotel,1,354,2017,February,49,13,1,2,3,2,0,0,2,HB,IRL,Groups,TA/TO,0,0,0,A,A,0,No Deposit,42,0,0,Transient,94.38,0,0,Canceled,2016-06-15
City Hotel,0,85,2015,March,31,24,2,3,5,2,0,0,2,BB,BRA,Online TA,Direct,0,0,0,C,C,0,No Deposit,432,0,0,Transient-Party,112.18,0,0,Check-Out,2016-06-15
City Hotel,1,13,2016,October,37,2,2,2,4,2,0,0,2,BB,ESP,Offline TA/TO,Direct,0,0,0,A,A,0,Non Refund,38,0,0,Transient,146.17,0,0,Canceled,2016-06-15
City Hotel,1,43,2017,February,14,12,1,2,3,2,0,0,2,BB,FRA,Offline TA/TO,TA/TO,0,0,0,C,C,0,Non Refund,430,0,0,Transient,116.93,0,1,Canceled,2016-06-15
Resort Hotel,1,79,2016,March,6,4,0,2,2,2,0,0,2,BB,GBR,Online TA,Direct,0,0,0,B,B,0,No Deposit,144,0,0,Transient,88.28,0,3,Canceled,2016-06-15
City Hotel,1,76,2015,July,7,9,2,1,3,2,0,0,2,BB,ITA,Online TA,TA/TO,0,0,0,G,G,0,No Deposit,464,22,0,Transient,70.85,0,0,Canceled,2016-06-15
City Hotel,0,3,2016,April,40,20,3,3,6,2,0,0,2,BB,GBR,Online TA,TA/TO,0,0,0,A,A,0,No Deposit,220,0,0,Transient-Party,88.15,0,3,Check-Out,2016-06-15
Resort Hotel,0,301,2017,April,24,23,1,4,5,2,0,0,2,BB,PRT,Corporate,TA/TO,0,0,0,A,A,0,No Deposit,347,22,0,Transient,64.18,0,0,Check-Out,2016-06-15
Resort Hotel,0,32,2016,July,50,5,1,3,4,2,0,0,2,HB,PRT,Direct,TA/TO,0,0,0,A,A,0,No Deposit,323,22,0,Transient,101.56,0,1,Check-Out,2016-06-15
City Hotel,1,1,2016,May,4,10,1,3,4,3,0,0,3,BB,DEU,Online TA,TA/TO,0,0,0,E,E,0,No Deposit,452,0,0,Transient,81.16,0,1,Canceled,2016-06-15
Resort Hotel,0,7,2016,March,25,6,0,5,5,2,0,0,2,BB,GBR,Offline TA/TO,TA/TO,0,0,0,A,A,0,No Deposit,352,0,0,Transient,193.78,0,0,Check-Out,2016-06-15
City Hotel,1,86,2016,July,3,1,0,2,2,2,0,0,2,BB,NLD,Direct,TA/TO,0,0,0,A,A,0,No Deposit,399,0,0,Transient-Party,111.13,0,0,Canceled,2016-06-15
City Hotel,0,14,2017,May,28,20,0,1,1,2,0,0,2,SC,GBR,Direct,TA/TO,0,0,1,D,D,0,Non Refund,383,22,0,Transient,75.79,0,0,Check-Out,2016-06-15
City Hotel,0,4,2015,August,23,5,1,1,2,2,0,0,2,SC,PRT,Offline TA/TO,TA/TO,0,0,3,G,G,1,No Deposit,380,0,0,Transient,127.88,0,2,Check-Out,2016-06-15
Resort Hotel,0,47,2016,February,36,6,1,6,7,2,0,0,2,BB,PRT,Groups,TA/TO,0,2,0,A,A,0,Non Refund,133,0,0,Transient,68.12,0,1,Check-Out,2016-06-15
City Hotel,1,97,2016,August,48,22,0,3,3,2,2,0,4,BB,ITA,Online TA,TA/TO,0,0,0,A,A,0,No Deposit,303,0,0,Transient,201.4,0,1,Canceled,2016-06-15
City Hotel,0,11,2017,June,13,21,0,4,4,2,0,0,2,BB,FRA,Online TA,TA/TO,0,0,0,A,A,0,No Deposit,234,22,0,Transient-Party,72.25,0,0,Check-Out,2016-06-15
Resort Hotel,1,37,2017,June,22,19,0,2,2,2,0,0,2,BB,DEU,Offline TA/TO,TA/TO,0,0,0,A,A,1,No Deposit,370,0,0,Contract,24.57,0,0,Canceled,2016-06-15
City Hotel,1,54,2017,April,25,11,2,2,4,1,0,0,1,BB,PRT,Online TA,TA/TO,0,1,0,A,A,1,Non Refund,339,22,0,Transient-Party,81.2,0,0,Canceled,2016-06-15
City Hotel,1,17,2016,January,43,15,0,1,1,1,0,0,1,HB,NLD,Online TA,TA/TO,0,0,0,A,A,1,No Deposit,20,0,0,Transient,148.33,0,0,Canceled,2016-06-15
City Hotel,0,70,2015,October,24,2,0,5,5,2,0,0,2,BB,NLD,Online TA,TA/TO,0,0,0,A,A,1,No Deposit,19,0,0,Transient,56.75,0,0,Check-Out,2016-06-15
Resort Hotel,0,8,2016,May,43,15,2,1,3,2,0,0,2,HB,PRT,Groups,TA/TO,0,0,0,A,A,0,No Deposit,431,22,0,Transient,118.29,0,2,Check-Out,2016-06-15
City Hotel,1,4,2017,August,37,7,1,5,6,2,0,0,2,HB,DEU,Direct,TA/TO,0,0,0,A,A,0,Non Refund,76,0,0,Transient,102.8,0,1,Canceled,2016-06-15
Resort Hotel,0,73,2017,November,52,17,1,1,2,3,0,0,3,BB,PRT,Groups,TA/TO,0,0,0,B,B,0,No Deposit,23,0,0,Transient,72.63,0,0,Check-Out,2016-06-15
Resort Hotel,0,28,2017,July,33,12,1,1,2,2,0,0,2,BB,PRT,Offline TA/TO,Direct,0,0,0,A,E,0,No Deposit,55,0,0,Transient,95.7,0,0,Check-Out,2016-06-15
City Hotel,0,10,2015,May,14,12,0,1,1,3,0,0,3,BB,PRT,Online TA,TA/TO,0,0,0,A,A,0,No Deposit,311,0,0,Transient,114.77,1,1,Check-Out,2016-06-15
City Hotel,1,55,2016,April,24,5,0,5,5,2,0,0,2,HB,FRA,Offline TA/TO,TA/TO,1,0,0,A,A,0,No Deposit,57,22,0,Transient,158.97,0,3,Canceled,2016-06-15
Resort Hotel,0,246,2016,November,22,20,1,1,2,1,0,1,2,HB,NLD,Offline TA/TO,TA/TO,0,0,0,A,A,0,No Deposit,453,0,0,Transient-Party,70.04,0,3,Check-Out,2016-06-15
Resort Hotel,1,128,2017,August,52,7,1,2,3,2,0,0,2,BB,NLD,Online TA,TA/TO,0,0,0,B,B,0,Refundable,192,0,0,Transient,51.27,0,1,Canceled,2016-06-15
Resort Hotel,0,169,2016,August,51,2,1,2,3,1,0,0,1,SC,PRT,Groups,TA/TO,0,0,0,A,A,0,No Deposit,351,22,0,Transient,120.02,0,0,Check-Out,2016-06-15
Resort Hotel,0,205,2017,June,37,27,1,1,2,2,0,0,2,BB,FRA,Online TA,Direct,0,0,0,A,A,0,No Deposit,75,22,0,Transient,76.22,0,1,Check-Out,2016-06-15
Resort Hotel,0,359,2016,October,52,13,1,2,3,2,0,0,2,BB,PRT,Direct,TA/TO,0,0,0,A,A,0,No Deposit,228,22,0,Transient-Party,132.06,0,0,Check-Out,2016-06-15
Resort Hotel,0,144,2015,August,23,24,0,7,7,2,2,0,4,BB,GBR,Offline TA/TO,TA/TO,0,0,0,A,A,0,No Deposit,214,0,0,Transient,134.73,0,0,Check-Out,2016-06-15
City Hotel,1,93,2016,April,6,9,2,5,7,2,0,0,2,BB,ESP,Online TA,TA/TO,0,0,0,E,E,0,No Deposit,169,0,0,Transient-Party,136.79,0,2,Canceled,2016-06-15
City Hotel,0,45,2015,July,19,15,0,1,1,2,0,0,2,BB,NLD,Online TA,TA/TO,0,0,0,A,B,0,No Deposit,431,22,0,Group,101.65,0,1,Check-Out,2016-06-15
City Hotel,0,20,2016,June,12,28,2,5,7,2,0,0,2,BB,NLD,Offline TA/TO,TA/TO,0,0,0,E,E,0,No Deposit,14,22,0,Transient,117.39,0,0,Check-Out,2016-06-15
City Hotel,0,116,2015,January,26,26,2,2,4,1,0,0,1,BB,PRT,Online TA,TA/TO,0,0,2,E,E,0,No Deposit,271,0,0,Transient-Party,116.79,1,0,Check-Out,2016-06-15
Resort Hotel,0,528,2016,September,29,15,0,2,2,2,0,0,2,BB,ITA,Direct,TA/TO,1,0,0,A,A,0,No Deposit,390,0,0,Transient,84.46,0,0,Check-Out,2016-06-15
City Hotel,1,62,2016,February,14,1,3,3,6,2,0,0,2,BB,GBR,Online TA,TA/TO,0,0,0,E,E,0,No Deposit,206,0,0,Transient,124.17,0,2,Canceled,2016-06-15
City Hotel,0,128,2017,July,17,21,2,1,3,2,0,0,2,BB,FRA,Online TA,TA/TO,0,0,0,A,A,0,No Deposit,117,22,0,Transient,117.58,0,0,Check-Out,2016-06-15
City Hotel,1,68,2017,May,30,20,4,5,9,2,0,0,2,HB,PRT,Online TA,TA/TO,0,0,0,A,A,0,No Deposit,247,22,0,Transient,170.16,0,0,Canceled,2016-06-15
City Hotel,1,56,2016,May,7,21,1,3,4,2,0,0,2,BB,PRT,Offline TA/TO,TA/TO,0,0,0,A,A,0,No Deposit,189,22,0,Transient,127.0,1,3,Canceled,2016-06-15
City Hotel,1,52,2015,June,21,25,2,1,3,2,0,0,2,BB,NLD,Offline TA/TO,TA/TO,0,0,0,A,A,0,No Deposit,32,22,0,Transient-Party,85.25,0,0,Canceled,2016-06-15
City Hotel,0,70,2015,December,1,28,1,3,4,2,0,0,2,BB,PRT,Online TA,TA/TO,0,0,0,A,A,0,No Deposit,45,22,0,Transient,172.11,0,2,Check-Out,2016-06-15
Resort Hotel,0,45,2017,June,49,3,2,2,4,2,0,1,3,BB,NLD,Groups,TA/TO,0,0,0,A,A,0,No Deposit,35,0,0,Transient,43.81,0,0,Check-Out,2016-06-15
City Hotel,0,138,2016,March,38,1,1,2,3,1,0,0,1,BB,PRT,Online TA,TA/TO,0,0,0,A,A,0,Non Refund,262,0,0,Transient,76.22,0,0,Check-Out,2016-06-15
City Hotel,0,207,2015,July,4,27,2,2,4,2,0,0,2,BB,GBR,Online TA,Direct,0,0,0,A,A,1,No Deposit,390,0,0,Transient-Party,81.48,0,0,Check-Out,2016-06-15
City Hotel,1,214,2017,April,46,19,1,2,3,2,0,0,2,BB,BRA,Online TA,TA/TO,0,0,0,A,A,1,No Deposit,230,22,0,Transient,113.78,0,1,Canceled,2016-06-15
City Hotel,0,25,2016,February,8,20,2,3,5,2,0,0,2,BB,PRT,Online TA,TA/TO,0,0,0,A,A,0,No Deposit,37,22,0,Transient,76.47,0,0,Check-Out,2016-06-15
Resort Hotel,0,226,2017,January,18,13,2,3,5,2,0,0,2,HB,NLD,Online TA,TA/TO,0,0,0,A,A,0,No Deposit,112,0,0,Transient,63.41,0,2,Check-Out,2016-06-15
City Hotel,0,41,2016,January,52,15,1,5,6,2,1,0,3,SC,DEU,Online TA,TA/TO,0,0,0,A,A,0,No Deposit,262,22,0,Transient,86.84,1,0,Check-Out,2016-06-15
City Hotel,1,37,2016,June,45,13,0,1,1,2,0,0,2,BB,PRT,Direct,Corporate,0,0,3,A,A,0,No Deposit,401,22,0,Transient,89.24,0,1,Canceled,2016-06-15
City Hotel,1,129,2016,June,8,18,0,3,3,2,0,0,2,HB,NLD,Groups,TA/TO,0,0,0,D,D,1,Non Refund,257,22,0,Transient,65.54,0,2,Canceled,2016-06-15
City Hotel,0,36,2017,March,31,17,3,4,7,2,0,0,2,BB,NLD,Groups,TA/TO,0,0,0,D,D,0,Non Refund,335,22,0,Transient,100.45,0,0,Check-Out,2016-06-15
Resort Hotel,0,5,2017,September,31,1,2,1,3,2,0,0,2,BB,PRT,Online TA,TA/TO,0,0,0,A,A,1,No Deposit,126,0,0,Transient,122.18,0,0,Check-Out,2016-06-15
City Hotel,0,46,2016,February,28,15,1,5,6,2,0,0,2,BB,NLD,Offline TA/TO,TA/TO,0,0,0,A,A,2,No Deposit,487,22,0,Transient,92.18,0,0,Check-Out,2016-06-15
City Hotel,0,127,2016,November,48,24,3,1,4,2,0,0,2,HB,NLD,Offline TA/TO,TA/TO,0,0,0,A,A,0,No Deposit,35,22,0,Transient,142.81,0,0,Check-Out,2016-06-15
City Hotel,1,39,2016,July,37,4,0,4,4,2,0,0,2,BB,PRT,Online TA,TA/TO,0,0,0,A,A,0,No Deposit,312,22,0,Transient,199.73,0,0,Canceled,2016-06-15
City Hotel,0,99,2017,January,3,28,0,3,3,2,0,0,2,BB,PRT,Online TA,TA/TO,0,0,0,A,A,0,No Deposit,147,0,0,Transient-Party,122.41,0,0,Check-Out,2016-06-15
City Hotel,0,107,2016,December,45,2,1,3,4,2,0,0,2,BB,IRL,Groups,TA/TO,0,0,0,D,D,0,No Deposit,419,22,0,Transient,135.32,0,1,Check-Out,2016-06-15
City Hotel,0,132,2017,May,15,26,0,5,5,1,0,0,1,SC,NLD,Online TA,GDS,0,0,0,A,A,0,No Deposit,441,0,10,Transient,69.17,0,0,Check-Out,2016-06-15
Resort Hotel,0,227,2016,June,4,19,0,6,6,2,1,0,3,BB,IRL,Offline TA/TO,TA/TO,0,0,0,D,A,2,No Deposit,410,0,0,Transient,89.64,0,1,Check-Out,2016-06-15
City Hotel,0,56,2016,April,35,8,2,7,9,1,0,0,1,BB,FRA,Direct,TA/TO,0,0,1,F,F,0,No Deposit,181,22,0,Transient,85.75,0,0,Check-Out,2016-06-15
City Hotel,1,18,2016,August,34,22,0,3,3,2,0,0,2,BB,PRT,Offline TA/TO,TA/TO,0,0,0,A,A,0,No Deposit,307,0,0,Transient,112.26,0,1,Canceled,2016-06-15
City Hotel,1,38,2017,June,36,16,2,2,4,2,0,0,2,BB,NLD,Offline TA/TO,TA/TO,0,0,0,D,D,0,No Deposit,421,22,0,Transient,137.59,0,0,Canceled,2016-06-15
City Hotel,0,56,2017,March,6,8,0,5,5,1,0,0,1,BB,PRT,Direct,TA/TO,0,0,2,D,D,0,No Deposit,439,0,0,Transient,76.78,0,0,Check-Out,2016-06-15
City Hotel,1,125,2016,February,4,10,4,3,7,4,0,0,4,BB,PRT,Groups,TA/TO,0,0,0,A,A,0,No Deposit,120,22,0,Transient,130.06,0,3,Canceled,2016-06-15
Resort Hotel,0,1,2016,August,49,16,2,2,4,1,0,0,1,BB,FRA,Online TA,Direct,0,0,0,A,A,0,No Deposit,186,0,0,Transient,118.58,0,1,Check-Out,2016-06-15
City Hotel,0,37,2016,April,30,5,1,6,7,2,0,0,2,BB,FRA,Online TA,TA/TO,0,1,0,D,D,0,No Deposit,188,0,10,Transient,158.6,1,3,Check-Out,2016-06-15
Resort Hotel,0,151,2015,March,39,19,0,3,3,2,0,0,2,BB,PRT,Online TA,Direct,0,0,0,A,A,0,No Deposit,115,0,0,Transient,149.29,0,1,Check-Out,2016-06-15
City Hotel,1,111,2017,June,18,6,3,2,5,2,0,0,2,BB,PRT,Online TA,Direct,0,0,0,D,D,1,No Deposit,321,22,0,Transient,33.93,0,0,Canceled,2016-06-15
Resort Hotel,0,131,2016,September,22,10,0,2,2,1,0,0,1,BB,PRT,Online TA,TA/TO,0,0,0,A,A,1,No Deposit,437,22,0,Transient,100.64,0,1,Check-Out,2016-06-15
Resort Hotel,0,167,2017,April,10,24,0,7,7,2,0,0,2,BB,PRT,Online TA,TA/TO,0,0,0,A,A,1,No Deposit,444,0,0,Transient,65.39,0,1,Check-Out,2016-06-15
City Hotel,0,152,2017,April,49,5,0,2,2,2,0,0,2,BB,NLD,Groups,TA/TO,0,0,0,A,A,0,No Deposit,26,22,0,Transient,100.6,0,1,Check-Out,2016-06-15
Resort Hotel,0,114,2017,October,29,21,3,1,4,2,2,0,4,BB,PRT,Corporate,Direct,0,0,0,D,D,2,No Deposit,40,0,0,Transient,104.46,0,1,Check-Out,2016-06-15
City Hotel,0,57,2017,March,23,19,2,2,4,2,0,0,2,BB,NLD,Offline TA/TO,TA/TO,0,0,0,A,A,0,No Deposit,290,22,0,Transient,88.95,0,0,Check-Out,2016-06-15
City Hotel,0,411,2016,July,4,19,3,5,8,1,0,0,1,BB,NLD,Direct,Corporate,0,0,1,A,A,1,Non Refund,422,0,0,Transient-Party,94.83,0,0,Check-Out,2016-06-15
Resort Hotel,0,84,2017,November,19,13,2,3,5,1,0,0,1,HB,IRL,Online TA,TA/TO,0,1,0,A,A,0,Non Refund,41,22,0,Transient-Party,141.44,0,1,Check-Out,2016-06-15
City Hotel,0,22,2015,October,26,28,0,4,4,1,0,0,1,BB,DEU,Online TA,TA/TO,0,0,0,A,A,0,No Deposit,121,22,30,Transient-Party,96.27,0,0,Check-Out,2016-06-15
City Hotel,0,34,2016,February,7,15,2,1,3,2,0,0,2,BB,FRA,Groups,TA/TO,0,0,0,D,D,0,Non Refund,397,22,0,Transient,80.97,0,1,Check-Out,2016-06-15
City Hotel,1,118,2017,May,13,8,1,3,4,2,0,0,2,BB,ESP,Groups,Direct,0,0,2,A,A,0,No Deposit,7,0,0,Transient,122.0,0,1,Canceled,2016-06-15
Resort Hotel,0,258,2016,March,3,11,0,1,1,2,0,0,2,BB,NLD,Online TA,TA/TO,0,0,0,A,A,0,No Deposit,385,22,0,Transient,90.14,0,0,Check-Out,2016-06-15
Resort Hotel,0,19,2017,November,40,1,0,3,3,2,0,0,2,SC,NLD,Offline TA/TO,Corporate,0,0,0,A,A,0,No Deposit,97,22,0,Transient-Party,59.59,0,3,Check-Out,2016-06-15
Resort Hotel,1,8,2017,December,11,4,0,2,2,2,0,0,2,SC,PRT,Corporate,TA/TO,0,0,0,A,A,2,No Deposit,354,0,0,Transient,131.11,0,0,Canceled,2016-06-15
Resort Hotel,0,213,2017,April,16,25,2,6,8,2,0,0,2,BB,PRT,Corporate,Corporate,0,0,0,A,D,0,No Deposit,335,0,0,Transient,103.23,1,1,Check-Out,2016-06-15
Resort Hotel,1,246,2016,August,20,22,0,1,1,2,0,0,2,BB,PRT,Online TA,TA/TO,0,0,0,A,A,0,No Deposit,377,0,0,Transient,150.96,0,1,Canceled,2016-06-15
City Hotel,0,32,2016,October,51,22,0,1,1,2,0,0,2,BB,PRT,Online TA,TA/TO,0,0,0,A,A,0,Non Refund,386,22,0,Transient,110.38,0,0,Check-Out,2016-06-15
City Hotel,1,47,2016,April,23,26,1,1,2,2,1,0,3,BB,NLD,Online TA,TA/TO,0,0,0,A,A,1,No Deposit,327,0,0,Transient,112.48,0,1,Canceled,2016-06-15
City Hotel,0,107,2017,March,23,27,0,1,1,2,0,0,2,SC,GBR,Direct,TA/TO,0,0,0,A,A,1,No Deposit,307,0,0,Transient,74.73,0,0,Check-Out,2016-06-15
City Hotel,0,40,2016,January,32,27,0,2,2,2,0,0,2,BB,PRT,Offline TA/TO,TA/TO,0,0,0,B,B,0,No Deposit,174,22,0,Transient,113.47,1,0,Check-Out,2016-06-15
Resort Hotel,0,209,2016,June,41,13,2,4,6,2,0,0,2,BB,DEU,Offline TA/TO,TA/TO,0,0,0,D,D,0,No Deposit,410,0,0,Transient-Party,158.65,0,1,Check-Out,2016-06-15
Resort Hotel,0,11,2016,October,42,7,0,2,2,1,0,0,1,BB,GBR,Online TA,TA/TO,0,0,0,A,A,0,No Deposit,423,0,0,Transient,151.9,0,0,Check-Out,2016-06-15
Resort Hotel,0,3,2015,October,38,27,2,4,6,2,0,0,2,BB,PRT,Online TA,TA/TO,0,0,0,A,A,1,No Deposit,409,22,0,Transient,85.22,0,0,Check-Out,2016-06-15
Resort Hotel,0,23,2015,February,3,7,1,2,3,1,0,0,1,BB,PRT,Offline TA/TO,TA/TO,1,0,0,A,A,0,No Deposit,266,0,0,Transient,118.42,0,0,Check-Out,2016-06-15
City Hotel,0,33,2015,March,52,6,0,5,5,2,0,0,2,BB,PRT,Offline TA/TO,TA/TO,0,0,0,G,G,0,No Deposit,74,0,0,Transient,142.14,0,0,Check-Out,2016-06-15
City Hotel,0,11,2016,June,8,25,1,1,2,1,0,0,1,BB,ESP,Online TA,Direct,0,0,0,A,A,0,No Deposit,74,22,0,Contract,115.35,0,0,Check-Out,2016-06-15
City Hotel,0,6,2017,September,38,8,0,6,6,2,0,0,2,Undefined,BRA,Offline TA/TO,Direct,0,0,0,D,D,0,No Deposit,38,22,5,Transient,103.41,0,0,Check-Out,2016-06-15
City Hotel,1,140,2015,July,40,12,0,3,3,2,0,0,2,BB,NLD,Offline TA/TO,Direct,0,0,0,A,A,0,No Deposit,220,0,0,Transient,95.06,0,0,Canceled,2016-06-15
City Hotel,0,17,2015,July,14,24,0,2,2,1,0,0,1,Undefined,ESP,Groups,TA/TO,0,0,0,A,A,3,No Deposit,94,0,0,Transient,94.57,0,0,Check-Out,2016-06-15
City Hotel,0,245,2016,July,8,18,0,3,3,1,0,0,1,SC,DEU,Online TA,TA/TO,0,0,0,A,A,0,No Deposit,496,22,0,Transient-Party,148.26,0,1,Check-Out,2016-06-15
Resort Hotel,1,45,2017,February,11,23,1,6,7,2,0,0,2,SC,PRT,Groups,TA/TO,0,0,0,A,A,0,Non Refund,291,22,0,Transient,121.67,0,0,Canceled,2016-06-15
City Hotel,0,111,2015,June,42,15,0,3,3,2,0,0,2,HB,PRT,Online TA,TA/TO,0,0,0,G,G,3,No Deposit,308,22,0,Transient-Party,80.25,0,1,Check-Out,2016-06-15
City Hotel,0,25,2016,December,42,28,0,1,1,1,0,0,1,SC,GBR,Offline TA/TO,TA/TO,0,0,0,A,A,0,No Deposit,411,22,0,Transient-Party,104.34,0,2,Check-Out,2016-06-15
Resort Hotel,0,27,2016,February,43,16,2,3,5,2,0,0,2,BB,NLD,Online TA,TA/TO,0,0,0,A,A,0,No Deposit,72,0,0,Transient-Party,71.04,0,0,Check-Out,2016-06-15
City Hotel,0,85,2016,July,33,1,0,5,5,2,1,0,3,BB,GBR,Groups,TA/TO,0,0,0,A,A,2,No Deposit,436,22,0,Transient,101.41,0,1,Check-Out,2016-06-15
City Hotel,0,82,2016,April,15,10,0,7,7,2,0,0,2,BB,PRT,Online TA,TA/TO,0,0,1,B,B,0,No Deposit,329,0,0,Transient-Party,94.49,0,3,Check-Out,2016-06-15
City Hotel,1,146,2016,July,37,15,2,3,5,2,0,0,2,BB,NLD,Offline TA/TO,TA/TO,0,0,0,A,A,2,No Deposit,247,0,0,Transient,115.44,0,1,Canceled,2016-06-15
City Hotel,0,141,2017,July,14,24,2,1,3,1,0,0,1,FB,GBR,Offline TA/TO,Direct,0,1,0,E,E,0,No Deposit,74,22,0,Transient,63.66,0,0,Check-Out,2016-06-15
Resort Hotel,0,111,2016,July,26,13,0,4,4,2,0,0,2,BB,PRT,Online TA,TA/TO,0,0,0,C,D,0,Non Refund,60,0,0,Transient-Party,107.18,0,0,Check-Out,2016-06-15
City Hotel,0,59,2015,October,52,19,0,7,7,2,0,0,2,BB,ESP,Online TA,TA/TO,0,0,0,A,A,2,No Deposit,498,22,0,Transient,88.65,0,0,Check-Out,2016-06-15
City Hotel,0,221,2016,May,8,27,0,2,2,1,0,0,1,Undefined,DEU,Direct,TA/TO,0,0,0,E,E,0,No Deposit,21,0,0,Transient-Party,93.3,0,1,Check-Out,2016-06-15
City Hotel,0,97,2016,July,49,13,0,2,2,2,0,0,2,BB,NLD,Groups,TA/TO,0,0,0,A,A,0,No Deposit,89,22,0,Transient,156.09,0,0,Check-Out,2016-06-15
Resort Hotel,0,462,2017,January,4,9,0,3,3,2,0,0,2,BB,NLD,Offline TA/TO,TA/TO,0,0,0,F,F,0,No Deposit,304,0,0,Transient,152.48,0,0,Check-Out,2016-06-15
City Hotel,0,171,2016,September,36,21,0,1,1,4,0,0,4,BB,PRT,Online TA,TA/TO,0,0,0,A,A,0,No Deposit,223,0,0,Transient,25.24,0,2,Check-Out,2016-06-15
City Hotel,1,4,2017,April,18,16,0,7,7,2,0,0,2,BB,FRA,Online TA,Direct,1,0,0,A,A,0,No Deposit,450,0,0,Contract,95.88,0,1,Canceled,2016-06-15
City Hotel,0,38,2017,September,27,23,0,4,4,2,0,0,2,BB,GBR,Online TA,Corporate,0,0,0,A,A,0,No Deposit,184,0,0,Transient,36.48,0,0,Check-Out,2016-06-15
City Hotel,0,84,2016,April,19,14,0,1,1,1,0,1,2,BB,GBR,Groups,TA/TO,0,0,0,A,A,1,No Deposit,442,22,0,Transient-Party,35.34,0,0,Check-Out,2016-06-15
City Hotel,0,127,2017,January,3,23,1,6,7,2,0,0,2,BB,PRT,Online TA,TA/TO,0,0,0,A,A,0,Non Refund,19,22,0,Transient-Party,120.02,0,0,Check-Out,2016-06-15
City Hotel,0,79,2016,March,9,9,0,6,6,2,0,0,2,SC,GBR,Offline TA/TO,TA/TO,0,0,0,A,A,0,No Deposit,30,22,0,Transient,75.97,0,0,Check-Out,2016-06-15
City Hotel,0,154,2016,December,39,18,0,2,2,2,0,0,2,HB,FRA,Direct,Direct,0,0,0,A,A,1,No Deposit,81,0,0,Transient,143.15,0,0,Check-Out,2016-06-15
Resort Hotel,0,33,2015,May,2,4,1,3,4,2,0,0,2,BB,PRT,Groups,TA/TO,0,0,0,G,G,3,No Deposit,413,22,0,Contract,86.06,0,0,Check-Out,2016-06-15
City Hotel,1,20,2016,February,9,12,0,1,1,1,0,0,1,HB,ESP,Online TA,TA/TO,0,0,0,A,A,0,No Deposit,388,0,0,Transient-Party,147.03,0,0,Canceled,2016-06-15
Resort Hotel,0,5,2016,February,6,24,2,1,3,2,0,0,2,BB,PRT,Online TA,TA/TO,0,0,0,A,A,0,No Deposit,329,22,0,Transient,154.47,0,0,Check-Out,2016-06-15
City Hotel,0,85,2016,May,38,5,3,2,5,1,0,0,1,BB,PRT,Online TA,Direct,0,0,0,A,A,1,No Deposit,19,22,0,Transient-Party,133.05,1,1,Check-Out,2016-06-15
Resort Hotel,0,116,2016,January,28,11,0,1,1,2,0,0,2,HB,NLD,Online TA,TA/TO,0,0,0,A,A,0,No Deposit,130,22,0,Transient,74.02,0,0,Check-Out,2016-06-15
Resort Hotel,0,39,2016,July,48,5,0,5,5,2,0,0,2,HB,ITA,Offline TA/TO,TA/TO,0,0,0,A,A,0,No Deposit,146,0,0,Transient,40.13,1,1,Check-Out,2016-06-15
Resort Hotel,0,95,2016,April,34,19,1,5,6,2,0,0,2,SC,ESP,Online TA,TA/TO,0,0,0,A,A,1,No Deposit,194,0,5,Transient,94.79,0,1,Check-Out,2016-06-15
Resort Hotel,0,5,2016,July,29,21,0,1,1,2,0,0,2,BB,PRT,Offline TA/TO,TA/TO,0,0,0,A,A,0,No Deposit,498,22,0,Transient-Party,143.38,0,0,Check-Out,2016-06-15
City Hotel,0,10,2015,March,48,7,2,1,3,3,1,0,4,BB,PRT,Offline TA/TO,Direct,0,0,0,A,A,0,No Deposit,283,22,0,Transient,187.65,0,0,Check-Out,2016-06-15
City Hotel,1,120,2016,June,3,4,0,1,1,4,0,0,4,BB,PRT,Direct,TA/TO,0,0,0,A,C,1,Non Refund,227,22,0,Transient,69.65,0,1,Canceled,2016-06-15
City Hotel,1,45,2016,July,16,8,2,5,7,2,0,0,2,BB,PRT,Groups,Corporate,0,0,0,A,A,0,No Deposit,52,0,0,Transient,137.61,0,3,Canceled,2016-06-15
Resort Hotel,1,111,2016,February,44,27,0,4,4,1,0,0,1,BB,IRL,Online TA,TA/TO,0,0,0,A,A,0,No Deposit,15,22,0,Transient-Party,111.48,0,0,Canceled,2016-06-15
Resort Hotel,1,178,2015,May,35,6,0,3,3,1,0,0,1,BB,PRT,Online TA,Corporate,0,0,0,D,D,0,No Deposit,308,0,0,Transient,146.01,0,0,Canceled,2016-06-15
Resort Hotel,1,191,2016,May,11,6,0,4,4,2,0,0,2,BB,PRT,Offline TA/TO,TA/TO,0,0,0,A,A,0,No Deposit,320,22,0,Transient,62.73,0,0,Canceled,2016-06-15
Resort Hotel,0,18,2016,April,43,22,1,1,2,2,0,0,2,SC,PRT,Corporate,TA/TO,0,0,3,A,A,1,Non Refund,303,0,0,Transient,84.77,0,0,Check-Out,2016-06-15
City Hotel,0,66,2017,July,23,4,2,2,4,2,0,0,2,BB,PRT,Offline TA/TO,TA/TO,0,0,0,A,D,1,Non Refund,78,22,0,Transient-Party,91.27,0,0,Check-Out,2016-06-15
Resort Hotel,0,132,2016,July,30,14,3,2,5,2,0,0,2,BB,FRA,Direct,Corporate,0,0,0,A,A,0,No Deposit,385,22,0,Transient,120.8,0,1,Check-Out,2016-06-15
City Hotel,0,148,2015,August,48,3,0,3,3,2,0,0,2,FB,BEL,Online TA,TA/TO,0,0,0,F,F,0,No Deposit,261,0,0,Transient-Party,73.81,0,0,Check-Out,2016-06-15
Resort Hotel,0,153,2015,March,5,10,1,3,4,1,2,0,3,HB,NLD,Online TA,TA/TO,0,0,0,A,A,0,No Deposit,163,22,0,Transient,56.71,0,1,Check-Out,2016-06-15
Resort Hotel,0,25,2015,April,52,22,1,1,2,2,0,0,2,FB,PRT,Online TA,TA/TO,1,1,0,F,G,0,No Deposit,185,0,0,Transient,115.2,1,0,Check-Out,2016-06-15
City Hotel,0,21,2016,March,8,6,1,2,3,2,0,0,2,BB,ITA,Online TA,Direct,0,1,0,A,A,0,No Deposit,473,22,0,Transient,86.37,0,1,Check-Out,2016-06-15
City Hotel,0,89,2015,July,43,18,0,3,3,2,0,0,2,BB,PRT,Groups,GDS,0,0,0,D,D,0,No Deposit,110,0,0,Transient,165.79,0,0,Check-Out,2016-06-15
Resort Hotel,1,135,2016,June,43,10,1,2,3,2,0,0,2,HB,ESP,Offline TA/TO,TA/TO,0,0,0,A,A,0,No Deposit,352,0,0,Transient-Party,125.01,0,0,Canceled,2016-06-15
Resort Hotel,0,38,2016,May,50,9,2,1,3,2,0,0,2,BB,FRA,Online TA,TA/TO,0,0,0,D,D,1,No Deposit,332,0,0,Transient-Party,95.18,0,0,Check-Out,2016-06-15
City Hotel,0,11,2017,September,51,16,2,1,3,2,0,0,2,BB,PRT,Direct,TA/TO,0,0,0,D,D,0,Non Refund,381,22,30,Transient,114.77,1,0,Check-Out,2016-06-15
Resort Hotel,1,126,2016,February,10,20,1,1,2,1,0,0,1,BB,FRA,Groups,Corporate,0,0,0,A,B,1,No Deposit,422,22,0,Transient,92.5,1,1,Canceled,2016-06-15
Resort Hotel,0,35,2016,December,28,4,0,3,3,2,0,0,2,BB,FRA,Offline TA/TO,TA/TO,0,0,0,A,A,0,No Deposit,221,22,0,Transient,125.4,0,1,Check-Out,2016-06-15
City Hotel,1,18,2017,February,36,26,2,1,3,1,0,0,1,BB,GBR,Online TA,Direct,0,0,0,A,A,0,No Deposit,276,0,0,Transient,104.15,0,2,Canceled,2016-06-15
City Hotel,1,15,2016,September,10,28,4,5,9,2,0,0,2,BB,ESP,Direct,TA/TO,0,0,0,E,E,1,No Deposit,370,0,0,Transient,166.36,0,1,Canceled,2016-06-15
City Hotel,0,37,2017,May,14,11,0,1,1,1,2,0,3,HB,PRT,Offline TA/TO,Direct,0,0,0,A,A,0,No Deposit,105,22,0,Transient,124.95,1,0,Check-Out,2016-06-15
City Hotel,1,89,2016,October,38,28,2,3,5,2,1,0,3,BB,NLD,Groups,Corporate,0,0,1,A,A,0,Non Refund,304,22,0,Transient,154.17,0,2,Canceled,2016-06-15
City Hotel,1,44,2016,February,37,12,4,5,9,2,0,0,2,BB,FRA,Direct,TA/TO,0,0,0,A,A,0,Non Refund,195,22,0,Transient,69.82,0,1,Canceled,2016-06-15
City Hotel,0,2,2016,May,47,24,0,1,1,2,0,0,2,HB,PRT,Online TA,TA/TO,0,0,0,A,A,2,No Deposit,301,0,0,Transient,139.09,0,0,Check-Out,2016-06-15
City Hotel,0,10,2017,May,5,19,2,2,4,2,0,0,2,BB,NLD,Groups,TA/TO,0,0,0,A,A,0,No Deposit,235,0,0,Transient,65.7,0,1,Check-Out,2016-06-15
City Hotel,0,34,2016,December,6,10,1,2,3,2,0,0,2,BB,GBR,Online TA,TA/TO,0,0,0,D,D,0,No Deposit,306,22,0,Transient,83.23,0,1,Check-Out,2016-06-15
Resort Hotel,0,107,2017,December,30,7,2,2,4,2,0,0,2,BB,NLD,Offline TA/TO,TA/TO,0,0,0,G,G,1,No Deposit,345,0,0,Transient,113.99,0,0,Check-Out,2016-06-15
City Hotel,0,10,2015,March,19,7,0,3,3,2,0,0,2,BB,PRT,Groups,Direct,0,0,0,A,A,0,No Deposit,234,0,0,Transient,176.84,0,2,Check-Out,2016-06-15
City Hotel,1,82,2016,August,52,18,0,2,2,1,0,0,1,BB,PRT,Offline TA/TO,TA/TO,0,0,0,A,A,0,No Deposit,331,0,0,Contract,94.35,0,1,Canceled,2016-06-15
City Hotel,1,12,2017,July,49,3,0,1,1,2,0,0,2,BB,IRL,Offline TA/TO,TA/TO,0,0,0,A,A,0,No Deposit,94,22,0,Transient,133.9,0,0,Canceled,2016-06-15
City Hotel,1,23,2016,March,14,12,1,6,7,1,0,0,1,BB,NLD,Online TA,TA/TO,0,0,0,A,A,0,No Deposit,224,0,0,Transient,53.45,1,0,Canceled,2016-06-15
City Hotel,1,18,2017,March,11,14,2,3,5,2,0,0,2,SC,PRT,Groups,TA/TO,0,0,0,A,A,0,Non Refund,413,0,0,Transient,106.0,0,0,Canceled,2016-06-15
Resort Hotel,0,6,2015,December,46,20,1,1,2,2,0,0,2,SC,BEL,Online TA,TA/TO,0,0,0,A,A,1,No Deposit,456,22,0,Transient,81.22,0,0,Check-Out,2016-06-15
City Hotel,0,111,2017,June,5,2,0,2,2,2,2,0,4,Undefined,PRT,Online TA,TA/TO,0,0,0,A,D,0,No Deposit,202,22,0,Transient,112.36,0,0,Check-Out,2016-06-15
Resort Hotel,0,62,2016,February,45,9,2,1,3,2,2,0,4,BB,NLD,Online TA,TA/TO,1,0,0,A,A,0,No Deposit,80,22,0,Transient-Party,78.79,0,0,Check-Out,2016-06-15
City Hotel,0,177,2015,April,31,10,0,1,1,2,0,0,2,BB,ESP,Online TA,Direct,0,0,0,A,A,0,No Deposit,492,22,0,Transient,143.36,0,0,Check-Out,2016-06-15
Resort Hotel,0,10,2017,April,44,27,2,1,3,1,0,0,1,HB,NLD,Online TA,TA/TO,0,0,0,A,A,0,No Deposit,58,0,0,Transient,154.6,0,1,Check-Out,2016-06-15
City Hotel,0,15,2016,July,32,6,2,4,6,2,0,0,2,BB,GBR,Online TA,TA/TO,0,0,0,A,A,0,No Deposit,92,0,0,Transient,130.79,0,2,Check-Out,2016-06-15
Resort Hotel,0,36,2015,May,24,17,1,2,3,2,0,0,2,BB,NLD,Online TA,TA/TO,0,0,0,A,A,0,Non Refund,203,22,5,Transient-Party,60.17,0,0,Check-Out,2016-06-15
City Hotel,1,145,2015,June,51,15,1,4,5,2,0,0,2,BB,PRT,Online TA,TA/TO,0,0,0,A,A,0,Non Refund,252,22,0,Transient,137.24,0,1,Canceled,2016-06-15
City Hotel,1,36,2016,March,10,1,0,2,2,3,0,0,3,BB,PRT,Direct,Direct,0,0,0,A,E,0,No Deposit,42,0,0,Transient,18.17,0,0,Canceled,2016-06-15
Resort Hotel,1,52,2017,May,13,24,1,4,5,1,0,0,1,BB,NLD,Direct,TA/TO,0,0,0,D,D,1,No Deposit,60,0,0,Transient,65.81,0,0,Canceled,2016-06-15
City Hotel,0,35,2015,February,47,27,0,1,1,2,0,0,2,BB,PRT,Groups,TA/TO,0,0,0,A,A,0,Non Refund,247,22,0,Transient,152.91,0,0,Check-Out,2016-06-15
City Hotel,1,8,2016,October,52,22,1,3,4,2,0,0,2,Undefined,ESP,Offline TA/TO,TA/TO,0,2,0,A,F,0,No Deposit,204,22,0,Transient,70.15,0,0,Canceled,2016-06-15
Resort Hotel,0,280,2015,March,13,13,1,2,3,2,2,0,4,BB,ESP,Groups,TA/TO,0,0,0,A,C,0,No Deposit,64,0,0,Transient,129.9,0,2,Check-Out,2016-06-15
City Hotel,1,79,2017,September,36,10,1,2,3,2,0,0,2,BB,PRT,Online TA,TA/TO,0,0,0,A,A,2,No Deposit,43,0,0,Transient,102.66,0,0,Canceled,2016-06-15
Resort Hotel,1,155,2015,May,22,12,4,4,8,2,0,0,2,BB,PRT,Groups,TA/TO,0,0,0,A,A,0,Non Refund,169,22,0,Transient,114.9,0,1,Canceled,2016-06-15
City Hotel,1,107,2016,June,9,23,0,1,1,1,0,0,1,BB,PRT,Online TA,TA/TO,0,1,0,A,A,1,No Deposit,376,0,0,Transient,79.55,0,1,Canceled,2016-06-15
City Hotel,0,72,2015,April,19,22,1,6,7,2,0,0,2,BB,NLD,Online TA,TA/TO,0,0,0,A,A,0,No Deposit,318,0,0,Transient,123.2,0,1,Check-Out,2016-06-15
City Hotel,1,9,2016,August,52,16,2,4,6,2,0,0,2,HB,GBR,Corporate,TA/TO,0,0,1,A,A,0,No Deposit,166,22,0,Transient-Party,142.85,0,0,Canceled,2016-06-15
City Hotel,1,102,2017,October,7,2,0,2,2,2,0,0,2,SC,GBR,Direct,GDS,0,0,0,A,A,0,No Deposit,81,22,0,Transient-Party,106.38,0,1,Canceled,2016-06-15
Resort Hotel,0,16,2016,April,15,3,2,7,9,2,1,0,3,BB,DEU,Online TA,TA/TO,0,0,0,E,E,0,No Deposit,232,0,0,Transient,61.1,0,0,Check-Out,2016-06-15
Resort Hotel,0,53,2015,April,17,8,0,1,1,2,1,0,3,BB,FRA,Direct,TA/TO,0,0,0,A,A,1,Non Refund,347,22,0,Transient-Party,128.84,0,0,Check-Out,2016-06-15
City Hotel,0,99,2016,August,46,20,1,2,3,2,0,0,2,BB,GBR,Online TA,Direct,0,0,0,A,A,0,Non Refund,371,0,30,Transient,91.81,0,2,Check-Out,2016-06-15
City Hotel,1,152,2017,March,14,15,4,5,9,2,0,0,2,HB,IRL,Direct,TA/TO,0,0,0,A,D,0,No Deposit,198,22,0,Transient,130.41,0,0,Canceled,2016-06-15
City Hotel,0,115,2015,August,41,24,4,7,11,1,2,0,3,BB,GBR,Direct,TA/TO,0,0,0,G,G,0,No Deposit,434,22,0,Transient,39.29,0,0,Check-Out,2016-06-15
City Hotel,1,111,2015,February,48,19,0,1,1,2,0,0,2,BB,PRT,Offline TA/TO,TA/TO,0,0,0,A,A,0,No Deposit,368,0,0,Transient,88.13,0,1,Canceled,2016-06-15
City Hotel,0,16,2015,August,2,18,0,3,3,2,1,0,3,BB,BRA,Online TA,Direct,0,0,0,B,B,2,No Deposit,376,22,0,Transient,59.24,0,2,Check-Out,2016-06-15
City Hotel,0,42,2017,July,14,23,2,2,4,1,0,0,1,BB,PRT,Groups,Corporate,0,0,0,A,G,0,No Deposit,420,22,0,Transient-Party,72.58,0,0,Check-Out,2016-06-15
Resort Hotel,0,4,2016,February,4,1,2,4,6,2,0,0,2,BB,NLD,Online TA,TA/TO,0,0,0,A,A,0,No Deposit,157,22,0,Transient,75.02,0,0,Check-Out,2016-06-15
City Hotel,0,127,2016,August,3,27,1,1,2,2,0,0,2,BB,ESP,Online TA,Corporate,0,0,0,A,A,0,No Deposit,392,0,0,Transient-Party,152.15,0,0,Check-Out,2016-06-15
City Hotel,0,304,2016,June,3,19,0,2,2,2,0,0,2,BB,PRT,Offline TA/TO,TA/TO,0,0,0,A,A,1,No Deposit,295,22,0,Transient,132.91,0,1,Check-Out,2016-06-15
Resort Hotel,0,30,2016,April,11,2,2,1,3,2,0,0,2,BB,PRT,Online TA,TA/TO,0,0,0,A,G,1,No Deposit,328,22,0,Transient,143.11,0,2,Check-Out,2016-06-15
City Hotel,1,9,2017,May,5,5,0,2,2,1,0,0,1,BB,PRT,Online TA,TA/TO,1,0,0,F,F,0,No Deposit,82,0,0,Transient,169.12,0,0,Canceled,2016-06-15
City Hotel,0,64,2016,June,48,18,2,3,5,2,0,0,2,HB,NLD,Offline TA/TO,TA/TO,0,0,0,E,E,0,No Deposit,144,22,0,Transient,123.44,0,0,Check-Out,2016-06-15
City Hotel,1,194,2017,February,29,16,1,2,3,2,0,0,2,BB,NLD,Online TA,TA/TO,0,0,0,A,A,0,No Deposit,87,0,0,Group,162.43,0,2,Canceled,2016-06-15
Resort Hotel,1,80,2016,November,28,10,1,3,4,2,0,0,2,BB,PRT,Online TA,TA/TO,0,0,3,C,C,1,No Deposit,424,0,0,Transient-Party,116.63,0,0,Canceled,2016-06-15
City Hotel,0,4,2015,August,23,21,0,3,3,2,0,0,2,HB,DEU,Online TA,TA/TO,0,0,0,A,C,0,No Deposit,142,0,0,Transient,140.16,0,0,Check-Out,2016-06-15
City Hotel,0,366,2016,February,30,3,1,2,3,2,0,0,2,BB,NLD,Online TA,Direct,0,0,0,A,A,0,No Deposit,275,22,0,Group,78.19,0,2,Check-Out,2016-06-15
City Hotel,0,176,2017,September,23,25,2,2,4,1,0,0,1,Undefined,BEL,Offline TA/TO,TA/TO,0,0,0,D,D,0,No Deposit,199,0,0,Transient,122.74,0,3,Check-Out,2016-06-15
Resort Hotel,0,14,2016,May,51,10,1,1,2,2,0,0,2,BB,ESP,Offline TA/TO,TA/TO,0,2,0,A,A,0,No Deposit,359,22,0,Transient,100.25,0,0,Check-Out,2016-06-15
Resort Hotel,0,254,2017,July,41,25,2,2,4,2,0,0,2,BB,PRT,Offline TA/TO,TA/TO,0,0,0,A,A,0,No Deposit,419,0,0,Transient,74.06,0,2,Check-Out,2016-06-15
City Hotel,1,59,2016,April,22,24,2,2,4,2,0,0,2,HB,NLD,Direct,Direct,0,0,0,A,A,2,No Deposit,205,22,0,Transient,111.16,0,0,Canceled,2016-06-15
City Hotel,0,46,2016,August,43,13,0,1,1,2,0,0,2,HB,NLD,Direct,TA/TO,0,0,0,A,A,0,No Deposit,101,22,0,Transient,97.45,0,1,Check-Out,2016-06-15
City Hotel,0,61,2017,August,12,21,1,2,3,2,0,0,2,BB,PRT,Offline TA/TO,TA/TO,0,0,0,A,A,0,No Deposit,304,22,0,Transient,68.18,0,1,Check-Out,2016-06-15
City Hotel,1,179,2017,July,27,10,1,3,4,2,2,0,4,BB,FRA,Groups,TA/TO,0,0,0,A,A,0,No Deposit,185,0,0,Transient,120.01,0,0,Canceled,2016-06-15
Resort Hotel,0,107,2016,April,40,11,0,2,2,2,0,0,2,BB,PRT,Groups,TA/TO,0,0,0,A,A,0,No Deposit,346,0,0,Transient,54.12,0,1,Check-Out,2016-06-15
City Hotel,1,6,2016,April,46,7,0,3,3,1,0,0,1,BB,DEU,Online TA,TA/TO,0,0,0,A,C,2,No Deposit,70,0,0,Transient,93.98,0,2,Canceled,2016-06-15
Resort Hotel,1,316,2015,May,49,2,0,2,2,2,0,0,2,HB,PRT,Direct,TA/TO,0,0,0,E,E,0,No Deposit,171,0,0,Transient,118.05,0,1,Canceled,2016-06-15
City Hotel,0,15,2016,March,52,19,1,4,5,2,0,0,2,BB,NLD,Online TA,TA/TO,0,0,0,D,D,0,No Deposit,437,22,0,Transient,131.44,0,0,Check-Out,2016-06-15
City Hotel,1,136,2016,May,15,28,0,2,2,3,0,0,3,BB,NLD,Online TA,TA/TO,0,0,0,E,F,0,Non Refund,428,0,0,Transient,111.38,0,0,Canceled,2016-06-15
City Hotel,1,101,2015,August,47,27,3,2,5,2,0,0,2,BB,PRT,Online TA,TA/TO,0,0,0,D,D,0,No Deposit,196,0,0,Transient-Party,72.72,0,0,Canceled,2016-06-15
City Hotel,0,20,2016,October,23,18,1,4,5,2,0,0,2,FB,BRA,Groups,TA/TO,0,0,0,A,A,0,Non Refund,395,0,0,Transient,90.3,0,1,Check-Out,2016-06-15
City Hotel,1,18,2016,May,44,26,1,1,2,2,0,0,2,BB,GBR,Direct,TA/TO,0,0,0,D,D,0,No Deposit,24,22,0,Transient,80.23,0,1,Canceled,2016-06-15
Resort Hotel,1,204,2017,April,41,11,2,2,4,2,0,0,2,FB,NLD,Online TA,TA/TO,0,0,0,A,A,2,No Deposit,94,0,0,Transient,82.71,0,0,Canceled,2016-06-15
Resort Hotel,0,54,2016,October,44,17,2,3,5,2,0,0,2,BB,PRT,Offline TA/TO,Direct,0,0,0,A,A,0,Non Refund,393,22,0,Transient,99.12,0,0,Check-Out,2016-06-15
City Hotel,0,106,2016,October,19,3,1,5,6,2,0,0,2,BB,FRA,Offline TA/TO,TA/TO,0,0,2,A,A,0,No Deposit,318,0,0,Transient,133.84,0,1,Check-Out,2016-06-15
City Hotel,0,70,2017,June,44,20,0,1,1,3,0,0,3,BB,GBR,Online TA,TA/TO,0,0,0,A,A,0,No Deposit,70,22,0,Transient-Party,56.33,0,1,Check-Out,2016-06-15
Resort Hotel,1,129,2015,January,11,12,2,1,3,1,0,0,1,BB,PRT,Direct,TA/TO,0,0,0,D,D,0,Non Refund,117,0,0,Transient,104.02,0,0,Canceled,2016-06-15
City Hotel,0,65,2016,August,38,25,0,2,2,2,0,0,2,BB,PRT,Offline TA/TO,Direct,0,0,0,A,A,0,No Deposit,461,0,0,Transient,123.84,0,0,Check-Out,2016-06-15
City Hotel,0,33,2016,September,40,28,2,2,4,2,0,0,2,SC,ITA,Groups,TA/TO,0,0,0,A,A,1,No Deposit,356,22,0,Transient,80.84,0,1,Check-Out,2016-06-15
City Hotel,0,45,2015,January,43,2,0,4,4,1,0,0,1,BB,PRT,Offline TA/TO,TA/TO,0,0,0,A,A,0,No Deposit,456,0,0,Transient,62.08,0,1,Check-Out,2016-06-15
City Hotel,0,195,2017,July,3,25,1,6,7,2,0,0,2,BB,DEU,Online TA,Corporate,0,0,0,A,A,0,No Deposit,128,22,0,Transient,144.41,0,2,Check-Out,2016-06-15
City Hotel,0,63,2015,July,16,1,2,1,3,2,0,0,2,BB,GBR,Groups,TA/TO,0,0,0,A,A,1,No Deposit,329,22,0,Transient-Party,128.5,0,0,Check-Out,2016-06-15
Resort Hotel,0,24,2015,May,32,9,0,1,1,1,1,0,2,SC,PRT,Online TA,TA/TO,0,0,0,A,A,0,No Deposit,416,0,5,Transient,158.43,0,2,Check-Out,2016-06-15
Resort Hotel,0,272,2015,September,38,22,0,5,5,2,0,0,2,BB,NLD,Groups,TA/TO,0,0,0,D,D,0,No Deposit,223,0,0,Transient,143.48,0,1,Check-Out,2016-06-15
City Hotel,0,159,2017,June,9,24,1,1,2,3,0,0,3,BB,GBR,Online TA,TA/TO,0,0,0,C,A,2,No Deposit,298,22,0,Transient,50.41,0,0,Check-Out,2016-06-15
City Hotel,1,5,2016,August,41,19,2,2,4,2,0,0,2,HB,PRT,Offline TA/TO,TA/TO,0,0,0,A,A,0,No Deposit,184,22,0,Transient,89.49,0,1,Canceled,2016-06-15
Resort Hotel,0,685,2016,July,38,8,2,2,4,2,0,0,2,BB,NLD,Online TA,TA/TO,0,0,0,A,A,0,No Deposit,35,0,0,Transient,118.97,0,1,Check-Out,2016-06-15
City Hotel,1,118,2016,April,5,27,2,2,4,2,0,0,2,HB,PRT,Corporate,TA/TO,0,0,0,A,A,0,No Deposit,467,0,0,Transient,109.89,1,2,Canceled,2016-06-15
City Hotel,0,17,2016,July,1,9,0,2,2,2,0,0,2,BB,NLD,Online TA,TA/TO,0,0,0,A,A,0,No Deposit,405,22,0,Transient,131.08,0,0,Check-Out,2016-06-15
City Hotel,0,27,2016,August,35,7,0,2,2,2,0,0,2,BB,ESP,Groups,TA/TO,0,0,0,A,F,0,No Deposit,231,22,0,Transient,66.99,0,0,Check-Out,2016-06-15
Resort Hotel,0,117,2016,December,35,4,2,3,5,2,0,0,2,HB,NLD,Groups,TA/TO,0,0,0,A,A,0,No Deposit,450,0,0,Transient,150.52,0,0,Check-Out,2016-06-15
City Hotel,0,151,2015,May,12,22,0,3,3,2,0,0,2,BB,GBR,Online TA,TA/TO,0,0,3,A,C,0,Non Refund,88,0,0,Transient,79.3,0,0,Check-Out,2016-06-15
City Hotel,0,27,2016,February,36,16,1,2,3,2,0,0,2,BB,PRT,Offline TA/TO,TA/TO,0,0,0,A,A,0,No Deposit,118,0,0,Transient,105.32,0,2,Check-Out,2016-06-15
City Hotel,0,29,2015,December,21,6,1,5,6,2,0,0,2,BB,PRT,Corporate,TA/TO,0,0,0,A,A,0,No Deposit,92,0,5,Contract,62.03,1,0,Check-Out,2016-06-15
City Hotel,1,36,2015,August,48,18,4,4,8,2,1,0,3,BB,NLD,Online TA,TA/TO,0,0,0,F,F,0,No Deposit,145,22,0,Transient-Party,107.26,0,0,Canceled,2016-06-15
City Hotel,0,91,2017,November,43,2,0,1,1,2,1,0,3,BB,NLD,Online TA,TA/TO,0,0,0,A,D,0,No Deposit,348,0,0,Transient,100.9,0,3,Check-Out,2016-06-15
City Hotel,1,18,2016,February,8,11,0,2,2,2,0,0,2,BB,PRT,Groups,TA/TO,1,0,0,C,C,0,No Deposit,442,0,0,Transient-Party,67.79,0,0,Canceled,2016-06-15
Resort Hotel,0,11,2016,May,27,5,2,4,6,2,0,0,2,BB,NLD,Offline TA/TO,TA/TO,0,0,0,B,B,0,No Deposit,138,22,0,Transient,134.69,0,0,Check-Out,2016-06-15
City Hotel,0,113,2016,March,9,17,0,5,5,2,0,0,2,BB,NLD,Groups,TA/TO,0,0,0,D,D,1,Non Refund,333,22,0,Transient,102.91,0,1,Check-Out,2016-06-15
City Hotel,1,151,2016,October,28,5,1,2,3,1,0,0,1,BB,GBR,Offline TA/TO,Direct,0,0,0,A,A,0,Non Refund,314,0,30,Transient,141.35,0,0,Canceled,2016-06-15
City Hotel,1,69,2016,October,30,26,2,2,4,1,0,0,1,HB,PRT,Online TA,TA/TO,0,0,0,A,A,1,No Deposit,96,22,0,Transient,70.96,0,1,Canceled,2016-06-15
Resort Hotel,0,45,2017,July,14,3,0,2,2,2,2,0,4,BB,PRT,Online TA,TA/TO,0,0,0,A,A,0,Non Refund,225,22,0,Transient,80.06,0,0,Check-Out,2016-06-15
Resort Hotel,1,56,2016,March,23,19,0,3,3,2,2,0,4,BB,NLD,Offline TA/TO,TA/TO,0,0,0,A,A,0,No Deposit,436,0,0,Transient-Party,110.01,0,0,Canceled,2016-06-15
City Hotel,1,49,2017,February,29,8,0,2,2,2,0,0,2,BB,DEU,Online TA,TA/TO,0,0,0,G,G,0,No Deposit,87,22,0,Transient,97.49,0,0,Canceled,2016-06-15
City Hotel,0,321,2017,July,26,11,0,2,2,2,0,0,2,BB,NLD,Direct,Direct,0,0,0,E,E,0,No Deposit,26,0,0,Transient,79.37,0,1,Check-Out,2016-06-15
City Hotel,1,146,2016,July,22,3,1,3,4,3,0,0,3,BB,PRT,Online TA,TA/TO,0,0,0,A,A,0,No Deposit,484,0,0,Transient-Party,199.06,0,1,Canceled,2016-06-15
City Hotel,0,23,2017,August,15,3,0,2,2,1,0,0,1,BB,NLD,Groups,TA/TO,0,0,0,A,A,2,No Deposit,165,0,0,Transient,97.51,0,0,Check-Out,2016-06-15
City Hotel,0,48,2016,May,51,1,0,1,1,2,0,0,2,BB,DEU,Direct,TA/TO,0,0,0,F,B,0,No Deposit,422,0,0,Transient,91.59,0,1,Check-Out,2016-06-15
City Hotel,1,78,2016,June,9,24,1,6,7,2,0,0,2,BB,PRT,Online TA,TA/TO,0,0,0,A,A,0,No Deposit,142,22,0,Contract,180.2,0,2,Canceled,2016-06-15
City Hotel,1,94,2015,January,26,13,3,1,4,2,0,0,2,BB,FRA,Online TA,TA/TO,0,0,0,D,E,0,No Deposit,205,0,0,Transient-Party,80.2,0,1,Canceled,2016-06-15
City Hotel,0,63,2016,July,17,10,2,1,3,2,2,0,4,BB,NLD,Online TA,Direct,0,0,0,A,A,1,No Deposit,181,22,0,Transient,114.15,0,0,Check-Out,2016-06-15
City Hotel,0,166,2017,June,9,26,2,4,6,2,0,0,2,BB,PRT,Online TA,TA/TO,0,0,0,D,G,0,No Deposit,240,22,5,Transient,126.15,0,2,Check-Out,2016-06-15
Resort Hotel,0,145,2017,November,3,6,1,2,3,2,1,0,3,BB,DEU,Offline TA/TO,TA/TO,0,0,0,A,A,0,No Deposit,284,22,0,Transient-Party,151.16,1,0,Check-Out,2016-06-15
City Hotel,1,70,2017,August,16,11,0,2,2,2,0,0,2,SC,IRL,Online TA,TA/TO,0,0,0,A,A,1,No Deposit,102,0,0,Transient-Party,101.3,0,0,Canceled,2016-06-15
City Hotel,1,192,2015,May,13,8,2,3,5,2,0,0,2,HB,GBR,Online TA,TA/TO,0,0,0,D,D,0,Non Refund,217,0,0,Transient-Party,92.71,0,0,Canceled,2016-06-15
Resort Hotel,0,139,2016,April,26,19,0,1,1,2,0,0,2,BB,ESP,Online TA,TA/TO,0,0,0,D,D,1,No Deposit,403,22,0,Transient-Party,57.26,0,0,Check-Out,2016-06-15
Resort Hotel,0,150,2016,October,17,11,2,1,3,2,0,0,2,BB,NLD,Groups,TA/TO,0,1,0,A,A,0,No Deposit,439,0,0,Contract,74.99,0,1,Check-Out,2016-06-15
Resort Hotel,0,313,2016,January,32,6,0,1,1,2,0,0,2,BB,NLD,Direct,Direct,0,0,0,D,D,0,No Deposit,333,22,0,Transient,90.14,0,0,Check-Out,2016-06-15
Resort Hotel,0,30,2016,May,24,12,1,2,3,2,0,0,2,BB,ESP,Online TA,TA/TO,0,0,0,F,F,0,No Deposit,176,22,0,Transient,40.23,0,0,Check-Out,2016-06-15
Resort Hotel,1,31,2016,November,36,18,0,5,5,1,0,0,1,BB,IRL,Groups,TA/TO,0,0,0,A,A,0,No Deposit,424,0,0,Transient,104.12,0,0,Canceled,2016-06-15
City Hotel,0,219,2016,August,22,3,0,5,5,2,0,0,2,BB,PRT,Online TA,TA/TO,0,0,0,A,A,0,No Deposit,363,0,0,Transient-Party,89.71,0,0,Check-Out,2016-06-15
City Hotel,1,147,2016,July,9,13,1,2,3,2,0,0,2,BB,PRT,Online TA,TA/TO,0,0,0,A,A,1,No Deposit,47,22,0,Transient,70.72,0,0,Canceled,2016-06-15
City Hotel,0,261,2016,March,22,4,1,1,2,1,0,0,1,BB,NLD,Online TA,TA/TO,0,0,0,D,D,3,No Deposit,57,0,0,Transient,56.88,0,0,Check-Out,2016-06-15
Resort Hotel,0,6,2015,October,41,9,0,1,1,1,0,0,1,BB,PRT,Direct,TA/TO,0,0,0,A,A,0,No Deposit,439,22,0,Transient,14.97,0,0,Check-Out,2016-06-15
Resort Hotel,1,98,2017,March,50,16,2,2,4,2,0,0,2,BB,PRT,Offline TA/TO,TA/TO,0,0,0,E,E,1,No Deposit,419,22,0,Transient,171.43,0,2,Canceled,2016-06-15
City Hotel,0,15,2015,April,46,12,0,4,4,1,0,0,1,BB,PRT,Offline TA/TO,TA/TO,0,0,0,A,A,3,No Deposit,250,0,0,Transient,163.79,0,0,Check-Out,2016-06-15
City Hotel,0,70,2015,March,20,20,2,5,7,2,0,0,2,BB,PRT,Online TA,TA/TO,0,0,0,A,A,0,No Deposit,67,22,0,Transient,58.14,0,3,Check-Out,2016-06-15
City Hotel,0,16,2017,March,3,7,1,1,2,2,0,0,2,SC,ITA,Online TA,TA/TO,0,0,0,A,G,0,Non Refund,452,22,0,Transient,33.01,0,0,Check-Out,2016-06-15
City Hotel,0,13,2017,November,36,12,1,1,2,2,0,0,2,SC,NLD,Offline TA/TO,TA/TO,0,0,0,E,E,0,No Deposit,44,22,0,Transient,121.55,0,0,Check-Out,2016-06-15
City Hotel,1,1,2017,July,33,8,3,1,4,1,0,0,1,HB,PRT,Groups,TA/TO,0,0,0,A,A,0,No Deposit,76,0,0,Transient,87.65,0,1,Canceled,2016-06-15
Resort Hotel,0,99,2015,August,18,21,2,4,6,2,0,0,2,BB,PRT,Online TA,Corporate,0,0,0,A,A,2,No Deposit,471,0,0,Transient,88.99,0,2,Check-Out,2016-06-15
City Hotel,0,44,2016,November,36,15,0,2,2,2,0,0,2,BB,NLD,Offline TA/TO,TA/TO,0,0,0,A,A,0,No Deposit,68,22,0,Transient,99.66,0,0,Check-Out,2016-06-15
Resort Hotel,0,11,2017,April,10,2,0,2,2,3,0,0,3,BB,FRA,Direct,TA/TO,0,0,0,A,A,0,No Deposit,69,0,0,Transient,83.54,0,2,Check-Out,2016-06-15
City Hotel,0,38,2017,January,36,11,0,6,6,1,0,0,1,BB,NLD,Offline TA/TO,TA/TO,0,0,0,B,B,0,No Deposit,290,22,0,Transient,167.62,0,1,Check-Out,2016-06-15
City Hotel,1,18,2016,July,21,24,1,5,6,2,0,0,2,Undefined,NLD,Offline TA/TO,TA/TO,0,0,0,A,A,0,No Deposit,80,22,0,Transient,61.53,0,0,Canceled,2016-06-15
Resort Hotel,0,284,2016,July,25,21,2,2,4,1,0,0,1,BB,NLD,Offline TA/TO,Corporate,0,0,0,A,A,0,No Deposit,406,22,0,Transient-Party,63.13,0,1,Check-Out,2016-06-15
Resort Hotel,1,38,2015,June,49,5,1,1,2,1,0,0,1,BB,GBR,Groups,TA/TO,0,0,0,A,A,0,No Deposit,473,22,0,Transient,71.57,0,0,Canceled,2016-06-15
Resort Hotel,1,40,2015,February,40,23,0,1,1,2,0,0,2,BB,GBR,Online TA,TA/TO,0,0,0,A,E,0,No Deposit,370,0,0,Contract,85.37,0,0,Canceled,2016-06-15
City Hotel,0,183,2016,June,51,6,1,1,2,2,0,0,2,BB,BRA,Online TA,TA/TO,0,0,0,A,A,0,No Deposit,152,22,0,Transient,141.67,0,2,Check-Out,2016-06-15
Resort Hotel,1,104,2015,April,9,19,1,3,4,2,0,0,2,BB,ESP,Online TA,TA/TO,1,0,0,D,D,0,No Deposit,427,22,0,Transient,91.95,0,0,Canceled,2016-06-15
City Hotel,0,123,2017,April,48,14,1,3,4,1,0,0,1,BB,DEU,Direct,TA/TO,0,0,0,A,A,0,No Deposit,263,0,0,Transient,79.19,0,0,Check-Out,2016-06-15
Resort Hotel,0,101,2015,April,27,7,1,3,4,2,0,0,2,HB,ESP,Online TA,TA/TO,0,0,0,A,A,1,No Deposit,139,0,0,Transient,98.36,0,0,Check-Out,2016-06-15
City Hotel,1,292,2017,May,15,12,1,1,2,2,0,0,2,BB,FRA,Online TA,TA/TO,0,0,0,A,A,0,No Deposit,254,22,0,Transient,65.81,0,2,Canceled,2016-06-15
City Hotel,0,23,2015,May,52,17,1,4,5,1,0,0,1,BB,PRT,Groups,TA/TO,0,0,0,A,A,0,No Deposit,372,0,0,Transient-Party,132.38,0,0,Check-Out,2016-06-15
City Hotel,0,451,2016,May,32,4,2,2,4,3,0,0,3,BB,ESP,Groups,TA/TO,0,0,0,B,B,0,No Deposit,420,22,0,Transient,82.05,0,0,Check-Out,2016-06-15
City Hotel,0,177,2015,December,48,20,0,1,1,2,0,0,2,BB,PRT,Offline TA/TO,TA/TO,0,0,0,D,D,1,Non Refund,244,22,0,Transient,123.23,0,0,Check-Out,2016-06-15
Resort Hotel,1,88,2017,November,44,22,2,3,5,2,1,0,3,BB,GBR,Online TA,TA/TO,0,0,0,D,D,0,No Deposit,160,0,30,Transient-Party,139.83,0,3,Canceled,2016-06-15
Resort Hotel,0,108,2016,July,50,22,0,7,7,2,0,0,2,BB,DEU,Online TA,TA/TO,0,0,0,A,A,0,No Deposit,4,0,0,Transient-Party,91.66,0,0,Check-Out,2016-06-15
City Hotel,0,104,2015,December,39,10,0,2,2,2,0,0,2,BB,DEU,Direct,Direct,0,0,0,A,A,1,No Deposit,212,22,0,Transient-Party,156.59,0,2,Check-Out,2016-06-15
City Hotel,0,6,2017,December,16,24,2,1,3,2,0,0,2,BB,ESP,Online TA,GDS,0,0,1,C,C,1,Non Refund,409,0,0,Transient,84.61,0,0,Check-Out,2016-06-15
City Hotel,0,24,2016,May,28,28,1,1,2,3,1,0,4,SC,ITA,Direct,TA/TO,0,0,0,G,G,0,Non Refund,469,22,0,Transient,136.87,0,0,Check-Out,2016-06-15
Resort Hotel,1,325,2017,June,51,1,2,1,3,2,2,0,4,BB,GBR,Online TA,TA/TO,0,0,0,C,C,1,No Deposit,244,0,0,Transient,161.82,0,0,Canceled,2016-06-15
Resort Hotel,0,76,2017,November,6,23,4,4,8,2,0,0,2,HB,ESP,Online TA,Corporate,0,0,0,A,A,1,No Deposit,422,0,0,Transient-Party,69.86,0,0,Check-Out,2016-06-15
Resort Hotel,0,47,2017,July,6,4,0,3,3,1,0,0,1,SC,PRT,Online TA,TA/TO,0,0,0,A,A,0,Non Refund,278,22,30,Transient,125.57,0,2,Check-Out,2016-06-15
City Hotel,0,143,2015,April,38,13,4,3,7,1,0,0,1,BB,FRA,Online TA,TA/TO,0,0,0,A,A,0,No Deposit,477,22,0,Transient,57.72,0,1,Check-Out,2016-06-15
Resort Hotel,0,74,2015,August,47,6,0,4,4,1,0,0,1,BB,ESP,Online TA,TA/TO,0,0,0,A,A,0,No Deposit,355,22,0,Transient-Party,120.82,0,0,Check-Out,2016-06-15
City Hotel,0,1,2017,March,2,26,0,7,7,2,0,0,2,BB,GBR,Offline TA/TO,TA/TO,0,0,0,A,A,0,No Deposit,252,0,0,Transient,80.98,0,0,Check-Out,2016-06-15
Resort Hotel,0,133,2016,May,41,15,2,2,4,2,0,0,2,BB,PRT,Online TA,TA/TO,0,0,0,E,G,0,No Deposit,492,22,0,Transient,78.84,0,0,Check-Out,2016-06-15
City Hotel,0,131,2016,April,40,14,0,3,3,2,0,0,2,SC,IRL,Groups,TA/TO,0,0,0,A,A,0,No Deposit,46,0,0,Transient,105.06,0,0,Check-Out,2016-06-15
Resort Hotel,0,18,2017,April,7,25,2,2,4,2,0,0,2,BB,FRA,Groups,TA/TO,0,0,0,A,A,0,No Deposit,347,0,0,Transient,130.38,0,1,Check-Out,2016-06-15
City Hotel,0,313,2016,January,27,3,1,2,3,2,1,0,3,BB,PRT,Groups,TA/TO,0,0,0,D,D,0,No Deposit,129,0,0,Transient,104.17,0,2,Check-Out,2016-06-15
City Hotel,1,25,2017,October,28,24,0,5,5,2,0,0,2,BB,NLD,Offline TA/TO,TA/TO,0,0,0,D,D,0,Non Refund,361,22,0,Transient,96.74,0,0,Canceled,2016-06-15
Resort Hotel,1,61,2017,April,16,19,0,3,3,2,0,0,2,SC,NLD,Online TA,TA/TO,0,0,0,A,A,0,Non Refund,156,22,0,Transient-Party,120.75,0,0,Canceled,2016-06-15
City Hotel,1,12,2017,February,47,6,1,1,2,2,0,0,2,BB,PRT,Groups,Direct,0,0,0,A,A,0,No Deposit,405,0,0,Transient,120.04,1,0,Canceled,2016-06-15
City Hotel,1,92,2016,February,9,2,0,2,2,2,0,0,2,BB,IRL,Online TA,TA/TO,0,0,0,A,A,0,No Deposit,74,0,0,Transient,149.12,0,0,Canceled,2016-06-15
City Hotel,1,47,2016,July,52,9,0,4,4,2,0,0,2,BB,FRA,Groups,TA/TO,0,0,0,B,B,0,No Deposit,166,0,0,Transient,83.39,0,2,Canceled,2016-06-15
City Hotel,0,43,2016,December,15,13,1,6,7,2,0,0,2,HB,PRT,Online TA,TA/TO,0,0,0,D,D,1,No Deposit,29,0,0,Transient,82.5,0,1,Check-Out,2016-06-15
Resort Hotel,0,175,2016,March,34,18,3,3,6,2,0,0,2,SC,ITA,Groups,TA/TO,0,0,0,B,B,0,No Deposit,276,0,0,Transient-Party,127.87,0,0,Check-Out,2016-06-15
City Hotel,1,0,2015,February,20,12,0,2,2,2,0,0,2,BB,FRA,Offline TA/TO,TA/TO,0,0,0,A,F,0,No Deposit,358,0,0,Transient-Party,148.82,0,1,Canceled,2016-06-15
Resort Hotel,1,159,2016,June,14,21,0,2,2,1,0,0,1,HB,NLD,Online TA,TA/TO,0,0,0,A,A,1,No Deposit,327,0,0,Transient,101.71,0,0,Canceled,2016-06-15
Resort Hotel,0,84,2016,July,11,22,0,2,2,2,0,0,2,BB,IRL,Online TA,Corporate,0,0,0,A,A,0,No Deposit,417,0,0,Transient,89.66,0,0,Check-Out,2016-06-15
City Hotel,1,427,2016,April,30,4,0,3,3,2,0,0,2,BB,FRA,Corporate,TA/TO,0,0,0,A,A,0,No Deposit,205,0,0,Transient,104.09,0,0,Canceled,2016-06-15
Resort Hotel,0,89,2017,May,3,28,0,1,1,2,0,0,2,BB,FRA,Online TA,TA/TO,0,0,0,D,D,0,No Deposit,145,22,0,Transient,130.96,0,0,Check-Out,2016-06-15
City Hotel,0,5,2016,June,2,23,0,2,2,1,0,0,1,BB,PRT,Online TA,TA/TO,0,0,0,F,F,0,No Deposit,457,0,0,Transient,101.45,0,0,Check-Out,2016-06-15
City Hotel,0,5,2016,May,50,7,1,3,4,2,1,0,3,SC,PRT,Direct,TA/TO,1,0,0,D,D,2,No Deposit,144,22,0,Transient-Party,85.08,0,0,Check-Out,2016-06-15
City Hotel,0,214,2016,November,14,12,0,3,3,2,0,0,2,BB,PRT,Offline TA/TO,Direct,0,0,0,D,D,0,No Deposit,391,0,0,Transient,99.67,0,0,Check-Out,2016-06-15
City Hotel,0,184,2017,January,29,23,0,3,3,2,0,0,2,HB,PRT,Groups,TA/TO,0,0,0,A,A,0,No Deposit,424,22,0,Contract,81.0,0,1,Check-Out,2016-06-15
Resort Hotel,0,42,2016,April,5,11,2,6,8,2,0,0,2,HB,PRT,Offline TA/TO,TA/TO,0,0,0,A,A,0,No Deposit,361,0,0,Transient,80.53,1,1,Check-Out,2016-06-15
Resort Hotel,1,96,2016,September,44,7,2,3,5,3,0,0,3,SC,PRT,Online TA,TA/TO,0,0,0,A,A,2,No Deposit,61,22,0,Transient-Party,115.52,0,1,Canceled,2016-06-15
City Hotel,0,67,2015,October,46,26,0,2,2,2,0,0,2,BB,NLD,Groups,TA/TO,0,0,0,D,D,0,No Deposit,189,22,0,Transient,63.45,0,3,Check-Out,2016-06-15
Resort Hotel,0,341,2016,February,6,27,1,4,5,2,0,0,2,Undefined,FRA,Online TA,TA/TO,0,0,0,A,A,1,No Deposit,453,0,0,Transient,81.56,0,2,Check-Out,2016-06-15
Resort Hotel,0,299,2017,December,8,10,1,2,3,2,0,0,2,BB,BRA,Online TA,TA/TO,0,0,0,A,A,0,No Deposit,308,0,0,Transient,64.46,0,0,Check-Out,2016-06-15
City Hotel,0,412,2017,August,39,9,2,1,3,2,0,0,2,BB,PRT,Corporate,TA/TO,0,0,0,A,A,0,No Deposit,12,22,0,Contract,90.48,0,0,Check-Out,2016-06-15
City Hotel,0,201,2016,April,39,2,2,3,5,2,0,0,2,BB,NLD,Online TA,TA/TO,0,0,0,A,C,2,No Deposit,306,0,0,Transient,78.91,0,0,Check-Out,2016-06-15
City Hotel,0,240,2017,June,44,5,0,2,2,3,0,0,3,BB,PRT,Online TA,GDS,0,0,0,A,A,0,No Deposit,398,22,0,Transient-Party,87.53,0,0,Check-Out,2016-06-15
Resort Hotel,0,24,2017,April,29,10,1,2,3,2,0,0,2,BB,PRT,Online TA,TA/TO,0,0,0,B,B,0,No Deposit,379,0,0,Contract,73.71,0,1,Check-Out,2016-06-15
City Hotel,0,177,2017,March,39,25,2,3,5,2,1,0,3,BB,GBR,Direct,TA/TO,0,1,0,F,F,0,No Deposit,172,22,0,Transient,15.22,0,1,Check-Out,2016-06-15
Resort Hotel,1,123,2016,April,44,28,1,7,8,2,0,0,2,SC,PRT,Direct,TA/TO,0,0,0,A,D,0,No Deposit,155,22,0,Transient,153.72,0,0,Canceled,2016-06-15
Resort Hotel,1,329,2016,July,27,14,2,3,5,2,0,0,2,BB,PRT,Online TA,TA/TO,0,0,0,A,A,2,No Deposit,384,0,0,Transient,119.44,0,1,Canceled,2016-06-15
City Hotel,0,84,2016,September,16,27,1,2,3,2,0,0,2,HB,DEU,Corporate,TA/TO,0,0,0,A,A,0,No Deposit,246,0,0,Transient-Party,79.52,0,0,Check-Out,2016-06-15
City Hotel,0,8,2015,May,27,16,2,1,3,2,0,0,2,BB,PRT,Online TA,TA/TO,0,0,0,A,A,0,No Deposit,177,0,0,Transient,113.19,0,0,Check-Out,2016-06-15
City Hotel,0,90,2016,May,39,27,2,2,4,1,0,0,1,BB,NLD,Corporate,TA/TO,0,0,0,G,G,1,Non Refund,310,22,0,Transient-Party,50.31,0,2,Check-Out,2016-06-15
Resort Hotel,0,116,2017,June,40,2,1,1,2,2,0,0,2,SC,PRT,Direct,TA/TO,0,1,0,A,A,0,No Deposit,74,0,0,Transient,50.91,0,0,Check-Out,2016-06-15
City Hotel,0,24,2017,August,1,19,0,2,2,1,0,0,1,BB,NLD,Direct,TA/TO,0,0,0,A,A,0,Non Refund,326,22,0,Transient,74.12,0,0,Check-Out,2016-06-15
City Hotel,0,50,2017,September,45,23,2,3,5,1,0,0,1,BB,NLD,Online TA,TA/TO,0,0,0,A,C,0,No Deposit,212,0,0,Transient,117.98,0,0,Check-Out,2016-06-15
City Hotel,0,91,2015,May,51,9,2,2,4,2,0,0,2,BB,GBR,Online TA,Corporate,0,0,0,B,B,0,No Deposit,367,22,0,Transient,112.78,0,0,Check-Out,2016-06-15
City Hotel,1,46,2016,July,33,14,0,5,5,1,0,0,1,HB,PRT,Groups,TA/TO,0,0,0,D,D,0,No Deposit,49,22,0,Transient,135.68,0,1,Canceled,2016-06-15
City Hotel,0,46,2015,May,50,15,0,2,2,2,0,0,2,HB,NLD,Offline TA/TO,Direct,0,0,0,A,A,0,No Deposit,280,22,0,Transient,112.1,0,0,Check-Out,2016-06-15
City Hotel,0,14,2016,August,39,19,3,2,5,2,0,0,2,BB,DEU,Online TA,TA/TO,0,0,0,A,A,0,No Deposit,475,22,0,Transient,85.65,0,1,Check-Out,2016-06-15
City Hotel,0,282,2017,March,27,26,1,2,3,3,0,0,3,BB,FRA,Groups,TA/TO,0,0,0,D,D,3,No Deposit,243,22,0,Transient,115.75,0,1,Check-Out,2016-06-15
City Hotel,1,138,2016,April,17,8,1,4,5,2,0,0,2,HB,PRT,Groups,TA/TO,0,0,0,A,A,0,No Deposit,453,0,0,Transient,134.8,0,2,Canceled,2016-06-15
City Hotel,0,0,2017,June,15,27,2,5,7,1,1,0,2,BB,ESP,Online TA,TA/TO,0,0,0,B,B,0,No Deposit,300,0,0,Transient-Party,105.87,0,0,Check-Out,2016-06-15
City Hotel,1,145,2015,October,22,15,1,7,8,1,0,0,1,HB,GBR,Online TA,TA/TO,0,0,0,A,A,0,No Deposit,307,22,0,Transient,75.86,0,0,Canceled,2016-06-15
City Hotel,1,134,2016,July,19,8,2,7,9,2,0,0,2,BB,FRA,Offline TA/TO,TA/TO,0,0,0,A,A,0,No Deposit,308,22,0,Transient,156.99,0,1,Canceled,2016-06-15
City Hotel,0,0,2016,December,28,28,2,7,9,1,0,0,1,BB,NLD,Online TA,TA/TO,0,0,0,A,A,0,No Deposit,457,22,0,Transient,91.8,1,0,Check-Out,2016-06-15
Resort Hotel,0,46,2015,February,23,4,3,3,6,2,0,0,2,BB,NLD,Direct,TA/TO,0,0,0,E,B,0,No Deposit,71,22,0,Transient,133.83,0,0,Check-Out,2016-06-15
City Hotel,0,93,2016,June,36,27,1,3,4,2,0,0,2,BB,NLD,Online TA,Direct,0,0,3,A,A,0,Non Refund,378,22,0,Transient,63.97,0,1,Check-Out,2016-06-15
City Hotel,1,60,2015,June,49,6,2,1,3,2,0,0,2,BB,NLD,Offline TA/TO,TA/TO,0,0,0,A,A,0,Non Refund,8,0,0,Transient,124.55,0,0,Canceled,2016-06-15
City Hotel,0,150,2016,July,39,11,1,4,5,2,0,0,2,BB,NLD,Online TA,TA/TO,0,0,0,A,E,0,No Deposit,300,22,0,Transient-Party,69.45,0,0,Check-Out,2016-06-15
City Hotel,0,55,2017,September,48,12,1,3,4,1,0,0,1,SC,FRA,Online TA,Direct,0,0,0,B,E,0,No Deposit,242,0,0,Contract,102.34,0,1,Check-Out,2016-06-15
City Hotel,0,16,2017,October,49,24,0,4,4,2,0,0,2,BB,PRT,Online TA,TA/TO,0,1,0,A,A,0,No Deposit,458,0,0,Transient,129.85,0,1,Check-Out,2016-06-15
Resort Hotel,1,374,2017,August,20,28,1,2,3,1,0,0,1,SC,DEU,Online TA,TA/TO,0,0,0,A,A,0,No Deposit,281,22,0,Transient,133.62,0,1,Canceled,2016-06-15
City Hotel,0,27,2017,August,47,9,1,5,6,2,0,0,2,BB,GBR,Online TA,TA/TO,1,0,0,D,D,0,Non Refund,380,22,0,Transient-Party,122.19,0,1,Check-Out,2016-06-15
City Hotel,0,126,2017,November,9,18,2,3,5,2,0,0,2,SC,ITA,Groups,TA/TO,0,0,0,A,A,2,No Deposit,295,0,0,Transient-Party,136.05,0,0,Check-Out,2016-06-15
City Hotel,1,15,2016,May,23,17,2,1,3,2,0,0,2,HB,PRT,Online TA,TA/TO,0,0,0,A,A,0,No Deposit,122,22,0,Contract,121.78,0,0,Canceled,2016-06-15
City Hotel,0,39,2016,October,45,21,2,1,3,2,0,0,2,HB,NLD,Online TA,TA/TO,0,0,0,A,F,0,No Deposit,289,0,0,Transient-Party,76.49,0,3,Check-Out,2016-06-15
City Hotel,1,58,2016,November,7,26,2,4,6,2,0,0,2,BB,PRT,Direct,TA/TO,0,0,0,A,A,0,No Deposit,329,22,0,Transient,89.02,0,0,Canceled,2016-06-15
City Hotel,0,21,2017,June,31,3,0,2,2,2,0,0,2,HB,NLD,Groups,Direct,0,0,0,A,A,0,No Deposit,427,0,0,Transient,113.45,0,2,Check-Out,2016-06-15
Resort Hotel,0,59,2015,August,51,27,0,1,1,2,0,0,2,BB,NLD,Offline TA/TO,TA/TO,0,0,0,A,A,1,No Deposit,169,0,0,Transient,71.49,0,1,Check-Out,2016-06-15
City Hotel,1,17,2015,May,11,13,0,2,2,2,0,0,2,BB,NLD,Online TA,TA/TO,0,0,1,A,A,1,No Deposit,497,22,0,Transient,148.36,0,1,Canceled,2016-06-15
City Hotel,0,81,2017,March,40,6,0,1,1,2,0,0,2,HB,GBR,Direct,TA/TO,0,0,0,A,A,0,No Deposit,351,22,0,Transient,97.41,0,0,Check-Out,2016-06-15
City Hotel,1,108,2015,July,17,28,0,5,5,2,0,0,2,BB,GBR,Groups,TA/TO,0,0,0,A,A,0,No Deposit,229,22,0,Transient-Party,104.31,0,2,Canceled,2016-06-15
City Hotel,0,6,2017,March,36,14,1,1,2,1,0,0,1,BB,NLD,Online TA,TA/TO,0,0,0,D,D,0,No Deposit,113,0,0,Transient,77.77,0,0,Check-Out,2016-06-15
City Hotel,1,204,2017,June,26,27,1,2,3,2,0,0,2,HB,IRL,Direct,TA/TO,0,0,0,A,A,0,No Deposit,311,22,0,Transient,119.04,0,2,Canceled,2016-06-15
Resort Hotel,1,20,2016,October,36,1,1,3,4,2,0,0,2,BB,FRA,Online TA,TA/TO,0,0,0,B,B,0,No Deposit,476,0,0,Transient,73.13,0,0,Canceled,2016-06-15
City Hotel,1,25,2016,February,18,28,0,5,5,1,0,0,1,SC,NLD,Offline TA/TO,TA/TO,0,0,0,A,A,0,No Deposit,202,22,0,Transient,62.38,0,1,Canceled,2016-06-15
City Hotel,0,108,2017,January,31,27,0,4,4,2,0,0,2,BB,FRA,Online TA,Direct,0,0,0,A,A,0,No Deposit,392,22,0,Transient,75.36,0,1,Check-Out,2016-06-15
City Hotel,1,63,2016,July,49,4,0,1,1,2,0,0,2,BB,PRT,Corporate,TA/TO,0,2,0,A,A,1,Non Refund,447,22,0,Transient,102.04,0,1,Canceled,2016-06-15
City Hotel,0,69,2017,May,35,22,1,4,5,2,0,0,2,BB,ITA,Direct,TA/TO,0,0,0,A,A,2,No Deposit,55,0,0,Transient-Party,92.97,0,1,Check-Out,2016-06-15
Resort Hotel,1,13,2017,June,41,18,0,3,3,3,0,0,3,BB,FRA,Offline TA/TO,Corporate,0,0,0,D,A,0,No Deposit,226,0,0,Transient,157.58,0,3,Canceled,2016-06-15
Resort Hotel,0,163,2016,June,28,11,0,1,1,2,0,0,2,BB,PRT,Groups,TA/TO,0,0,0,A,A,1,No Deposit,180,22,0,Transient,130.8,0,2,Check-Out,2016-06-15
City Hotel,0,95,2015,February,26,11,0,3,3,2,0,0,2,HB,PRT,Groups,TA/TO,0,0,0,A,A,0,Non Refund,71,0,0,Transient-Party,103.06,0,0,Check-Out,2016-06-15
City Hotel,1,14,2016,January,6,8,1,4,5,1,0,0,1,BB,GBR,Groups,Direct,0,1,0,A,A,0,No Deposit,418,22,0,Transient-Party,110.96,0,0,Canceled,2016-06-15
Resort Hotel,0,46,2016,October,34,4,1,3,4,2,0,0,2,BB,NLD,Offline TA/TO,TA/TO,0,0,0,A,A,0,No Deposit,491,0,0,Transient,138.65,0,0,Check-Out,2016-06-15
City Hotel,0,166,2015,April,28,2,0,7,7,2,1,0,3,BB,PRT,Online TA,Corporate,0,0,0,D,D,0,No Deposit,94,22,0,Transient,162.71,0,1,Check-Out,2016-06-15
City Hotel,0,84,2017,June,44,1,0,2,2,2,0,0,2,FB,FRA,Online TA,TA/TO,0,0,0,A,A,0,No Deposit,154,22,0,Transient,119.82,0,1,Check-Out,2016-06-15
City Hotel,0,11,2016,December,47,24,0,3,3,2,0,0,2,BB,PRT,Offline TA/TO,TA/TO,0,0,0,A,A,0,No Deposit,490,22,0,Contract,109.86,1,1,Check-Out,2016-06-15
City Hotel,0,46,2017,September,9,10,1,1,2,2,0,0,2,BB,NLD,Groups,TA/TO,0,0,0,F,F,0,No Deposit,315,0,0,Transient,104.67,0,0,Check-Out,2016-06-15
Resort Hotel,0,27,2016,February,29,17,3,4,7,2,0,0,2,SC,GBR,Online TA,TA/TO,0,0,0,D,D,0,No Deposit,496,0,0,Transient-Party,118.1,0,0,Check-Out,2016-06-15
Resort Hotel,0,72,2016,July,34,7,0,3,3,1,0,0,1,BB,PRT,Direct,TA/TO,0,0,0,A,A,0,No Deposit,32,0,0,Transient,143.59,0,0,Check-Out,2016-06-15
City Hotel,0,185,2016,August,12,7,0,3,3,1,0,0,1,BB,FRA,Online TA,Corporate,0,0,0,A,A,0,No Deposit,31,0,0,Transient,113.03,0,2,Check-Out,2016-06-15
City Hotel,0,57,2017,August,16,13,0,3,3,2,0,0,2,BB,PRT,Groups,TA/TO,0,0,0,A,A,0,No Deposit,363,22,0,Transient,147.2,0,0,Check-Out,2016-06-15
City Hotel,0,56,2016,September,7,22,2,3,5,4,1,0,5,BB,GBR,Online TA,TA/TO,0,0,0,A,A,0,No Deposit,280,22,0,Transient,76.59,0,0,Check-Out,2016-06-15
City Hotel,1,235,2016,June,31,24,2,4,6,2,1,0,3,SC,BEL,Online TA,Direct,0,0,0,A,A,1,No Deposit,278,0,0,Transient,48.11,0,2,Canceled,2016-06-15
City Hotel,1,85,2017,March,33,26,0,3,3,2,0,0,2,BB,ESP,Offline TA/TO,TA/TO,0,0,0,E,E,0,No Deposit,337,22,0,Transient,123.89,0,2,Canceled,2016-06-15
City Hotel,0,83,2016,June,7,1,2,2,4,2,0,0,2,BB,PRT,Online TA,Direct,0,0,0,A,B,0,No Deposit,223,22,0,Transient-Party,90.48,0,0,Check-Out,2016-06-15
City Hotel,1,30,2015,August,3,28,1,1,2,1,2,0,3,BB,FRA,Online TA,Corporate,0,0,0,A,A,0,No Deposit,468,22,0,Transient,125.52,0,2,Canceled,2016-06-15
City Hotel,1,93,2016,July,20,1,2,2,4,2,0,0,2,BB,NLD,Online TA,Direct,0,0,0,E,E,0,No Deposit,235,0,0,Transient,80.99,0,0,Canceled,2016-06-15
City Hotel,1,85,2017,February,5,13,1,2,3,2,0,0,2,BB,ESP,Groups,TA/TO,0,0,0,A,A,0,No Deposit,389,0,0,Transient,102.89,0,1,Canceled,2016-06-15
Resort Hotel,0,50,2015,February,3,1,0,3,3,2,0,0,2,BB,FRA,Online TA,TA/TO,0,2,0,A,A,0,No Deposit,232,0,0,Transient,94.38,0,0,Check-Out,2016-06-15
City Hotel,0,467,2016,December,47,6,1,2,3,2,0,1,3,BB,GBR,Direct,TA/TO,0,0,3,A,A,0,No Deposit,355,22,0,Transient,133.71,0,3,Check-Out,2016-06-15
Resort Hotel,0,213,2016,March,38,23,2,1,3,2,1,0,3,SC,ESP,Groups,Corporate,0,1,0,A,A,0,No Deposit,81,0,0,Transient-Party,84.96,0,1,Check-Out,2016-06-15
City Hotel,1,138,2017,April,15,26,2,1,3,2,2,0,4,SC,PRT,Groups,TA/TO,0,0,0,D,G,0,No Deposit,304,0,0,Transient-Party,72.5,0,0,Canceled,2016-06-15
City Hotel,1,77,2016,September,35,25,1,3,4,2,1,0,3,BB,NLD,Groups,GDS,0,0,0,A,A,0,No Deposit,392,0,0,Transient,87.21,0,0,Canceled,2016-06-15
City Hotel,1,62,2016,June,23,10,0,3,3,1,0,0,1,BB,NLD,Corporate,Direct,0,0,0,G,G,0,No Deposit,435,22,0,Transient,116.13,0,2,Canceled,2016-06-15
City Hotel,0,20,2016,March,33,21,0,2,2,2,0,1,3,BB,ESP,Offline TA/TO,TA/TO,0,0,0,D,D,0,No Deposit,39,0,0,Transient-Party,87.12,0,0,Check-Out,2016-06-15
Resort Hotel,0,36,2016,June,2,1,2,2,4,2,0,0,2,BB,NLD,Offline TA/TO,Direct,0,2,0,D,D,0,No Deposit,417,0,0,Contract,98.24,1,0,Check-Out,2016-06-15
Resort Hotel,0,148,2017,July,36,25,1,2,3,2,0,0,2,BB,ESP,Online TA,TA/TO,0,0,0,A,A,0,No Deposit,486,0,0,Transient-Party,82.58,1,0,Check-Out,2016-06-15
City Hotel,0,60,2016,June,21,5,1,1,2,2,0,0,2,SC,PRT,Direct,TA/TO,0,0,0,A,A,0,Non Refund,159,22,0,Transient,84.4,0,0,Check-Out,2016-06-15
Resort Hotel,1,213,2017,November,14,22,0,2,2,2,1,0,3,SC,FRA,Online TA,TA/TO,0,0,0,A,A,0,No Deposit,401,22,0,Transient,155.83,0,0,Canceled,2016-06-15
City Hotel,0,16,2017,April,14,25,0,2,2,2,2,0,4,SC,GBR,Online TA,Corporate,0,0,0,A,A,0,Non Refund,142,22,0,Transient-Party,163.25,0,0,Check-Out,2016-06-15
City Hotel,0,70,2017,August,42,2,1,1,2,1,0,0,1,BB,PRT,Online TA,TA/TO,0,0,0,A,A,0,No Deposit,153,0,0,Transient,146.3,0,0,Check-Out,2016-06-15
City Hotel,1,104,2016,February,11,3,0,2,2,1,0,0,1,BB,ESP,Online TA,TA/TO,0,0,0,A,A,0,No Deposit,256,22,0,Transient-Party,126.1,0,0,Canceled,2016-06-15
City Hotel,0,72,2017,May,4,23,0,2,2,2,1,0,3,BB,FRA,Offline TA/TO,Direct,0,0,0,A,A,0,No Deposit,468,0,0,Transient,112.02,0,0,Check-Out,2016-06-15
Resort Hotel,0,220,2016,September,47,3,1,3,4,2,0,0,2,SC,PRT,Corporate,TA/TO,0,0,0,D,D,1,No Deposit,202,0,0,Transient,71.68,0,1,Check-Out,2016-06-15
City Hotel,1,456,2017,April,52,18,0,3,3,2,0,0,2,BB,FRA,Direct,TA/TO,0,0,0,C,C,0,No Deposit,176,0,30,Transient-Party,80.83,0,0,Canceled,2016-06-15
City Hotel,0,12,2016,July,30,23,2,2,4,1,0,0,1,BB,NLD,Offline TA/TO,TA/TO,0,0,0,A,A,0,No Deposit,17,22,0,Transient,90.36,0,1,Check-Out,2016-06-15
Resort Hotel,0,13,2017,March,36,8,0,2,2,2,0,0,2,BB,FRA,Online TA,TA/TO,0,0,0,A,A,0,No Deposit,92,22,0,Transient-Party,178.1,0,0,Check-Out,2016-06-15
City Hotel,0,13,2016,February,20,9,2,2,4,1,0,0,1,BB,PRT,Offline TA/TO,TA/TO,0,0,0,D,D,0,No Deposit,475,22,0,Transient,74.48,0,0,Check-Out,2016-06-15
Resort Hotel,0,114,2017,July,52,2,0,5,5,2,0,0,2,SC,ITA,Online TA,Direct,0,0,0,A,A,0,No Deposit,463,0,0,Transient,112.14,0,1,Check-Out,2016-06-15
City Hotel,0,46,2017,August,16,2,0,7,7,2,0,0,2,BB,NLD,Online TA,Corporate,0,0,0,C,C,0,No Deposit,82,22,0,Transient,32.81,0,0,Check-Out,2016-06-15
City Hotel,0,132,2017,February,34,27,2,4,6,1,0,0,1,BB,GBR,Online TA,Direct,0,0,0,E,E,3,No Deposit,80,0,0,Transient,121.61,1,0,Check-Out,2016-06-15
Resort Hotel,0,51,2017,November,45,16,1,3,4,1,2,0,3,BB,PRT,Offline TA/TO,TA/TO,0,0,0,A,A,0,No Deposit,224,0,0,Transient,95.95,0,2,Check-Out,2016-06-15
City Hotel,0,98,2015,April,8,7,0,5,5,2,0,0,2,BB,NLD,Online TA,TA/TO,0,0,0,A,A,0,No Deposit,225,22,0,Transient,43.01,0,0,Check-Out,2016-06-15
City Hotel,1,146,2016,February,45,4,0,1,1,3,0,0,3,BB,ITA,Groups,TA/TO,0,0,0,A,A,0,No Deposit,71,0,0,Transient,134.03,0,2,Canceled,2016-06-15
City Hotel,0,79,2017,March,20,5,3,3,6,1,0,0,1,BB,NLD,Groups,TA/TO,1,0,0,A,A,1,No Deposit,353,0,0,Transient,115.34,1,3,Check-Out,2016-06-15
City Hotel,1,77,2016,March,21,1,1,2,3,2,0,0,2,BB,IRL,Online TA,TA/TO,0,0,0,A,D,0,No Deposit,305,0,0,Transient,52.52,0,0,Canceled,2016-06-15
City Hotel,1,9,2016,February,40,22,0,1,1,4,0,0,4,BB,PRT,Online TA,TA/TO,0,0,2,B,B,1,No Deposit,2,22,0,Transient,101.23,0,0,Canceled,2016-06-15
Resort Hotel,0,52,2016,September,30,10,0,1,1,2,0,0,2,HB,GBR,Direct,Corporate,0,0,0,A,A,0,No Deposit,241,0,30,Transient,115.64,0,0,Check-Out,2016-06-15
Resort Hotel,0,78,2015,June,36,13,2,2,4,2,0,0,2,BB,PRT,Offline TA/TO,TA/TO,0,2,0,D,D,0,No Deposit,27,0,0,Transient,104.07,0,0,Check-Out,2016-06-15
Resort Hotel,1,61,2016,May,5,24,0,1,1,2,0,0,2,BB,GBR,Corporate,TA/TO,0,0,0,A,A,2,No Deposit,378,0,0,Group,132.39,0,0,Canceled,2016-06-15
City Hotel,1,231,2016,November,21,27,0,2,2,2,0,0,2,BB,NLD,Online TA,TA/TO,0,0,0,A,A,0,No Deposit,478,0,0,Transient-Party,115.2,0,0,Canceled,2016-06-15
City Hotel,1,237,2016,May,38,15,1,2,3,2,0,0,2,BB,ESP,Online TA,TA/TO,0,0,0,A,A,1,No Deposit,24,0,0,Transient,147.15,1,1,Canceled,2016-06-15
City Hotel,0,172,2015,March,23,1,2,3,5,1,0,0,1,BB,FRA,Online TA,Corporate,0,0,0,A,A,1,Non Refund,213,0,0,Transient-Party,44.2,0,0,Check-Out,2016-06-15
City Hotel,0,47,2016,April,19,18,0,1,1,4,0,0,4,BB,NLD,Direct,TA/TO,0,1,1,D,D,0,No Deposit,356,22,0,Transient,163.93,0,0,Check-Out,2016-06-15
Resort Hotel,0,126,2016,April,10,23,1,3,4,1,0,0,1,BB,PRT,Online TA,TA/TO,0,0,0,A,A,0,No Deposit,206,22,10,Transient,99.59,0,0,Check-Out,2016-06-15
City Hotel,1,50,2016,June,27,14,1,4,5,2,0,0,2,BB,ESP,Direct,TA/TO,0,0,0,A,C,0,No Deposit,131,22,0,Transient,171.22,1,0,Canceled,2016-06-15
Resort Hotel,0,26,2016,April,35,18,0,3,3,2,0,0,2,BB,DEU,Offline TA/TO,TA/TO,0,0,0,A,A,0,No Deposit,491,22,0,Transient,41.4,0,0,Check-Out,2016-06-15
Resort Hotel,0,41,2017,July,13,25,2,1,3,2,0,0,2,BB,NLD,Online TA,TA/TO,0,0,0,A,E,0,No Deposit,97,0,0,Transient-Party,99.62,0,1,Check-Out,2016-06-15
Resort Hotel,0,7,2016,August,9,22,2,1,3,2,0,0,2,HB,PRT,Online TA,Direct,0,0,0,A,A,0,No Deposit,132,22,0,Transient,165.08,0,1,Check-Out,2016-06-15
City Hotel,0,40,2017,September,17,12,0,2,2,2,0,0,2,BB,IRL,Online TA,TA/TO,0,0,0,A,E,1,No Deposit,285,0,0,Transient-Party,86.25,0,2,Check-Out,2016-06-15
Resort Hotel,0,61,2017,August,31,12,1,4,5,2,0,0,2,FB,PRT,Offline TA/TO,Direct,0,0,0,F,F,0,No Deposit,384,22,0,Transient-Party,14.07,0,3,Check-Out,2016-06-15
Resort Hotel,1,311,2015,March,42,5,2,1,3,2,0,0,2,BB,ESP,Online TA,TA/TO,0,0,0,A,A,0,Non Refund,68,22,0,Transient,104.1,0,0,Canceled,2016-06-15
Resort Hotel,0,37,2015,February,44,7,1,3,4,2,0,0,2,BB,DEU,Direct,TA/TO,0,1,0,A,A,3,No Deposit,381,0,0,Transient,118.31,0,0,Check-Out,2016-06-15
Resort Hotel,1,232,2016,July,45,26,1,2,3,1,0,0,1,BB,NLD,Online TA,TA/TO,0,0,2,C,C,3,No Deposit,403,0,0,Transient-Party,123.09,0,1,Canceled,2016-06-15
City Hotel,0,25,2016,March,24,24,0,5,5,2,0,0,2,BB,PRT,Offline TA/TO,TA/TO,0,0,0,A,A,1,No Deposit,235,0,0,Transient-Party,115.02,0,0,Check-Out,2016-06-15
City Hotel,1,21,2016,February,42,13,0,2,2,2,0,0,2,BB,IRL,Groups,TA/TO,0,0,0,C,C,1,No Deposit,38,22,0,Transient-Party,99.21,0,1,Canceled,2016-06-15
City Hotel,1,73,2016,July,51,9,0,3,3,2,0,0,2,BB,PRT,Offline TA/TO,TA/TO,0,0,0,A,A,1,No Deposit,494,22,0,Transient,123.58,0,1,Canceled,2016-06-15
City Hotel,1,111,2016,May,19,6,1,3,4,1,0,0,1,BB,PRT,Offline TA/TO,TA/TO,0,0,0,D,D,0,No Deposit,484,22,0,Transient-Party,22.23,0,0,Canceled,2016-06-15
Resort Hotel,1,4,2015,September,49,21,4,1,5,4,0,0,4,BB,NLD,Online TA,Direct,0,0,0,E,B,0,No Deposit,56,0,0,Transient,139.23,0,1,Canceled,2016-06-15
City Hotel,0,24,2017,May,30,7,2,1,3,2,0,0,2,BB,NLD,Online TA,TA/TO,0,0,0,A,A,0,Non Refund,234,0,0,Contract,119.57,0,0,Check-Out,2016-06-15
Resort Hotel,0,60,2016,December,5,18,0,1,1,3,0,0,3,BB,PRT,Online TA,TA/TO,1,0,0,A,A,0,No Deposit,417,0,0,Transient,81.36,0,0,Check-Out,2016-06-15
Resort Hotel,0,40,2017,September,8,15,2,3,5,2,0,0,2,BB,PRT,Groups,TA/TO,0,0,0,A,A,0,No Deposit,368,0,0,Transient-Party,65.6,0,0,Check-Out,2016-06-15
Resort Hotel,0,124,2015,January,37,8,2,2,4,1,0,0,1,BB,PRT,Groups,TA/TO,0,0,0,A,A,0,No Deposit,476,0,0,Transient,138.15,0,0,Check-Out,2016-06-15
Resort Hotel,0,71,2016,July,47,28,1,1,2,2,0,0,2,HB,FRA,Direct,TA/TO,0,0,0,A,A,2,Refundable,446,0,0,Transient-Party,86.36,0,0,Check-Out,2016-06-15
Resort Hotel,0,17,2016,July,36,20,0,2,2,1,0,0,1,SC,PRT,Online TA,TA/TO,0,0,0,A,A,0,No Deposit,218,0,0,Transient,192.43,0,1,Check-Out,2016-06-15
City Hotel,1,224,2017,August,25,16,1,1,2,2,0,0,2,BB,NLD,Corporate,TA/TO,0,0,0,A,A,0,No Deposit,239,0,0,Transient,76.25,0,0,Canceled,2016-06-15
City Hotel,0,34,2015,June,45,17,1,1,2,2,0,0,2,SC,GBR,Offline TA/TO,TA/TO,0,0,0,A,A,1,No Deposit,444,0,0,Transient,122.75,0,1,Check-Out,2016-06-15
Resort Hotel,0,131,2016,June,49,3,0,2,2,2,0,0,2,BB,PRT,Online TA,TA/TO,0,0,0,A,A,0,No Deposit,476,22,0,Transient,144.79,0,0,Check-Out,2016-06-15
Resort Hotel,0,151,2017,May,5,13,0,1,1,3,0,0,3,SC,NLD,Online TA,TA/TO,0,0,0,A,A,0,No Deposit,354,0,0,Transient-Party,19.74,0,0,Check-Out,2016-06-15
City Hotel,1,330,2016,April,33,9,1,2,3,2,0,0,2,BB,ESP,Offline TA/TO,TA/TO,0,0,0,A,A,0,Non Refund,109,22,0,Transient,81.0,0,1,Canceled,2016-06-15
Resort Hotel,0,69,2016,November,22,20,1,3,4,2,0,0,2,BB,NLD,Groups,TA/TO,0,0,0,A,A,0,No Deposit,112,0,0,Transient,99.19,0,0,Check-Out,2016-06-15
City Hotel,1,95,2017,May,47,15,1,3,4,2,0,0,2,BB,NLD,Online TA,TA/TO,0,0,0,A,A,0,No Deposit,457,22,0,Transient-Party,149.11,0,0,Canceled,2016-06-15
City Hotel,0,40,2017,February,42,26,2,1,3,2,0,0,2,BB,NLD,Online TA,TA/TO,0,0,0,A,A,0,No Deposit,469,22,0,Transient,94.5,0,2,Check-Out,2016-06-15
Resort Hotel,0,113,2016,March,25,26,0,1,1,2,0,0,2,HB,ESP,Offline TA/TO,TA/TO,0,0,0,A,A,0,No Deposit,446,0,0,Transient,115.9,0,1,Check-Out,2016-06-15
Resort Hotel,0,62,2016,October,43,27,0,5,5,2,1,0,3,BB,PRT,Corporate,TA/TO,0,0,0,A,B,0,No Deposit,226,0,0,Group,119.67,0,0,Check-Out,2016-06-15
City Hotel,0,57,2017,July,50,16,2,1,3,2,0,0,2,BB,GBR,Groups,TA/TO,0,0,0,A,A,0,No Deposit,394,0,0,Transient,49.5,0,0,Check-Out,2016-06-15
Resort Hotel,1,193,2017,September,29,16,1,1,2,2,0,0,2,BB,FRA,Online TA,TA/TO,0,0,0,A,A,0,No Deposit,445,0,0,Transient,106.81,0,0,Canceled,2016-06-15
City Hotel,0,5,2016,September,45,19,2,1,3,1,0,0,1,HB,NLD,Online TA,TA/TO,0,0,0,A,A,0,No Deposit,298,0,0,Transient,87.81,0,0,Check-Out,2016-06-15
City Hotel,1,213,2017,September,52,4,1,3,4,1,0,0,1,BB,PRT,Groups,TA/TO,0,0,0,A,A,0,No Deposit,455,22,0,Transient,74.82,0,1,Canceled,2016-06-15
Resort Hotel,0,191,2016,July,30,19,1,1,2,2,0,0,2,SC,GBR,Groups,TA/TO,0,0,2,D,D,0,No Deposit,193,0,0,Transient,132.16,0,0,Check-Out,2016-06-15
City Hotel,1,70,2016,March,48,19,2,7,9,2,0,0,2,BB,ESP,Online TA,TA/TO,0,0,0,A,E,0,No Deposit,452,0,0,Transient,149.89,0,0,Canceled,2016-06-15
City Hotel,0,67,2015,March,51,2,0,1,1,2,0,0,2,BB,GBR,Online TA,TA/TO,0,0,0,F,F,0,Non Refund,473,22,0,Transient,60.1,0,1,Check-Out,2016-06-15
Resort Hotel,1,44,2016,July,30,6,2,1,3,2,0,0,2,BB,PRT,Groups,TA/TO,0,0,0,A,A,0,No Deposit,118,0,0,Transient-Party,173.87,0,0,Canceled,2016-06-15
City Hotel,1,514,2016,May,44,13,0,3,3,2,0,0,2,BB,NLD,Online TA,Direct,0,0,0,A,A,0,No Deposit,18,22,0,Transient,134.18,0,1,Canceled,2016-06-15
Resort Hotel,0,11,2016,July,46,15,1,1,2,2,0,0,2,HB,NLD,Groups,TA/TO,1,0,0,A,A,1,No Deposit,72,22,0,Contract,97.94,0,1,Check-Out,2016-06-15
City Hotel,1,89,2016,June,31,10,0,2,2,2,0,0,2,FB,PRT,Online TA,TA/TO,0,0,1,A,A,0,Non Refund,114,0,0,Transient,203.58,0,0,Canceled,2016-06-15
Resort Hotel,0,114,2016,July,34,22,2,2,4,2,0,0,2,BB,FRA,Online TA,TA/TO,0,0,0,B,B,0,No Deposit,168,22,0,Transient,98.84,0,1,Check-Out,2016-06-15
City Hotel,1,272,2016,January,28,10,3,1,4,3,0,0,3,BB,BEL,Offline TA/TO,TA/TO,0,0,0,A,A,0,No Deposit,114,22,0,Transient,90.82,0,1,Canceled,2016-06-15
Resort Hotel,0,151,2017,January,10,4,0,4,4,2,0,0,2,SC,NLD,Online TA,GDS,0,0,0,E,E,0,No Deposit,328,22,0,Transient-Party,146.5,0,1,Check-Out,2016-06-15
City Hotel,1,103,2017,August,4,14,1,2,3,2,2,0,4,BB,PRT,Corporate,TA/TO,0,1,0,A,A,0,No Deposit,27,22,0,Transient-Party,117.32,0,1,Canceled,2016-06-15
Resort Hotel,0,12,2016,March,33,8,3,2,5,2,0,0,2,BB,DEU,Groups,TA/TO,0,0,0,A,A,0,No Deposit,434,22,0,Transient-Party,89.28,0,0,Check-Out,2016-06-15
City Hotel,1,46,2017,August,17,6,1,2,3,1,0,0,1,BB,NLD,Groups,TA/TO,0,0,0,A,A,0,Non Refund,131,0,0,Transient,134.76,0,0,Canceled,2016-06-15
City Hotel,0,14,2016,July,11,12,2,1,3,2,0,0,2,BB,PRT,Online TA,TA/TO,0,0,0,A,A,0,No Deposit,132,0,0,Transient,84.25,0,0,Check-Out,2016-06-15
City Hotel,0,213,2016,December,7,8,0,3,3,2,0,0,2,BB,NLD,Online TA,TA/TO,1,0,0,A,A,0,No Deposit,48,22,0,Contract,110.23,0,2,Check-Out,2016-06-15
City Hotel,1,138,2017,October,17,6,0,2,2,2,0,0,2,BB,NLD,Online TA,TA/TO,0,0,0,D,D,0,No Deposit,222,0,0,Transient,65.84,0,0,Canceled,2016-06-15
City Hotel,1,141,2016,June,28,15,0,5,5,1,0,0,1,HB,NLD,Corporate,TA/TO,0,0,0,F,F,0,No Deposit,351,22,0,Transient,87.27,0,0,Canceled,2016-06-15
City Hotel,0,105,2016,July,17,25,4,2,6,2,0,0,2,BB,PRT,Online TA,TA/TO,0,0,0,D,D,0,No Deposit,387,22,0,Transient,178.31,0,2,Check-Out,2016-06-15
City Hotel,0,70,2016,February,41,19,2,4,6,1,0,0,1,BB,PRT,Online TA,TA/TO,0,0,0,A,A,0,No Deposit,87,0,0,Transient,85.5,0,0,Check-Out,2016-06-15
Resort Hotel,0,16,2016,May,10,14,2,1,3,2,2,0,4,BB,FRA,Online TA,TA/TO,0,1,1,D,D,0,No Deposit,330,0,0,Transient,119.04,0,2,Check-Out,2016-06-15
City Hotel,0,40,2016,August,26,3,1,1,2,2,0,0,2,BB,NLD,Offline TA/TO,TA/TO,0,0,0,A,G,0,No Deposit,343,0,0,Transient,79.86,0,0,Check-Out,2016-06-15
City Hotel,0,14,2017,August,6,18,2,6,8,2,0,0,2,SC,NLD,Online TA,Corporate,0,0,0,A,A,0,No Deposit,202,22,0,Transient-Party,145.88,0,0,Check-Out,2016-06-15
City Hotel,0,129,2016,June,17,10,2,2,4,1,0,0,1,BB,IRL,Online TA,TA/TO,0,0,0,A,A,0,No Deposit,201,22,0,Transient-Party,112.57,0,1,Check-Out,2016-06-15
City Hotel,1,17,2017,March,16,14,1,4,5,2,0,0,2,BB,FRA,Online TA,TA/TO,0,0,0,A,A,0,No Deposit,357,22,0,Transient,51.82,0,1,Canceled,2016-06-15
City Hotel,0,121,2017,September,39,14,2,2,4,2,0,0,2,BB,PRT,Groups,TA/TO,0,0,0,A,A,2,No Deposit,41,22,0,Transient-Party,97.95,0,0,Check-Out,2016-06-15
Resort Hotel,0,117,2016,April,51,22,0,1,1,2,0,0,2,BB,FRA,Offline TA/TO,Direct,0,0,0,D,D,0,No Deposit,169,0,0,Transient,95.49,1,0,Check-Out,2016-06-15
City Hotel,0,61,2016,September,26,7,0,3,3,2,0,0,2,BB,PRT,Online TA,TA/TO,0,0,0,D,D,0,No Deposit,469,22,0,Contract,90.38,0,1,Check-Out,2016-06-15
City Hotel,0,14,2016,July,4,7,0,4,4,2,0,0,2,BB,NLD,Groups,Corporate,1,0,0,A,A,0,Non Refund,416,22,0,Transient-Party,117.39,0,1,Check-Out,2016-06-15
City Hotel,0,37,2016,May,20,21,0,4,4,2,1,0,3,HB,GBR,Online TA,TA/TO,0,1,0,C,C,1,No Deposit,8,22,0,Transient,58.61,0,0,Check-Out,2016-06-15
City Hotel,0,38,2015,January,49,22,0,5,5,2,0,0,2,BB,ESP,Direct,TA/TO,0,0,0,A,A,0,Non Refund,418,22,0,Transient,73.65,0,0,Check-Out,2016-06-15
City Hotel,1,120,2017,April,41,23,1,2,3,2,1,0,3,BB,ITA,Online TA,Direct,0,0,0,A,A,0,No Deposit,294,0,0,Transient-Party,171.96,0,1,Canceled,2016-06-15
City Hotel,1,12,2017,October,11,11,0,2,2,1,2,0,3,BB,FRA,Online TA,TA/TO,0,0,0,A,A,0,Non Refund,18,22,0,Transient,140.14,0,2,Canceled,2016-06-15
City Hotel,0,176,2016,September,23,18,2,4,6,2,0,0,2,BB,BRA,Online TA,TA/TO,0,0,0,A,A,0,No Deposit,479,0,0,Transient-Party,97.12,0,0,Check-Out,2016-06-15
City Hotel,0,143,2016,July,33,10,1,3,4,2,0,0,2,BB,NLD,Offline TA/TO,TA/TO,0,0,0,A,F,0,No Deposit,1,0,0,Transient,100.28,0,0,Check-Out,2016-06-15
Resort Hotel,0,20,2015,June,31,15,0,6,6,1,0,0,1,BB,PRT,Online TA,TA/TO,0,0,0,B,B,0,No Deposit,313,22,0,Transient,74.39,0,0,Check-Out,2016-06-15
City Hotel,1,126,2016,August,7,12,0,2,2,2,0,0,2,BB,PRT,Groups,TA/TO,0,0,0,A,A,0,No Deposit,212,22,0,Transient-Party,125.31,0,0,Canceled,2016-06-15
City Hotel,1,110,2017,June,22,23,1,1,2,2,0,0,2,SC,PRT,Online TA,TA/TO,0,0,0,A,A,0,Non Refund,144,0,0,Transient-Party,140.71,0,0,Canceled,2016-06-15
Resort Hotel,0,137,2017,August,5,17,1,3,4,2,0,0,2,BB,PRT,Online TA,TA/TO,1,0,0,A,A,0,No Deposit,2,22,0,Transient,102.14,0,0,Check-Out,2016-06-15
Resort Hotel,0,20,2016,May,37,22,0,2,2,2,0,0,2,BB,NLD,Corporate,TA/TO,0,0,0,D,D,0,No Deposit,314,0,0,Transient,71.0,0,0,Check-Out,2016-06-15
City Hotel,1,17,2016,October,1,24,1,2,3,2,0,0,2,SC,PRT,Online TA,TA/TO,0,0,0,A,A,0,No Deposit,281,22,0,Contract,89.86,0,0,Canceled,2016-06-15
Resort Hotel,0,26,2016,August,6,17,1,3,4,2,0,0,2,BB,NLD,Online TA,GDS,0,0,0,A,A,0,No Deposit,362,0,0,Transient,53.16,0,2,Check-Out,2016-06-15
City Hotel,0,45,2016,May,45,1,0,5,5,2,0,0,2,BB,NLD,Online TA,TA/TO,0,0,0,A,A,0,No Deposit,340,22,0,Transient-Party,152.14,0,2,Check-Out,2016-06-15
City Hotel,1,157,2015,October,47,6,0,2,2,2,0,0,2,BB,PRT,Groups,TA/TO,0,0,1,A,A,1,No Deposit,121,0,0,Transient,64.66,1,0,Canceled,2016-06-15
City Hotel,1,133,2016,June,4,21,1,2,3,1,0,0,1,BB,FRA,Online TA,TA/TO,0,0,0,A,A,0,No Deposit,100,0,0,Contract,112.6,0,0,Canceled,2016-06-15
City Hotel,0,259,2016,March,30,15,2,5,7,2,0,0,2,BB,ESP,Groups,TA/TO,0,0,0,G,G,0,No Deposit,492,22,0,Transient-Party,108.73,0,2,Check-Out,2016-06-15
Resort Hotel,0,6,2015,February,30,19,1,5,6,2,0,0,2,BB,NLD,Direct,Corporate,0,0,0,A,A,0,No Deposit,399,0,0,Transient,50.61,0,1,Check-Out,2016-06-15
City Hotel,0,1,2015,August,17,14,2,1,3,2,0,0,2,BB,PRT,Online TA,TA/TO,0,0,0,A,A,1,No Deposit,396,0,0,Transient,124.68,0,0,Check-Out,2016-06-15
City Hotel,0,120,2016,October,24,10,1,3,4,2,0,0,2,BB,NLD,Online TA,TA/TO,0,0,0,D,D,0,No Deposit,144,0,0,Transient,180.66,0,1,Check-Out,2016-06-15
City Hotel,1,32,2016,September,31,10,2,2,4,2,0,0,2,BB,NLD,Groups,TA/TO,0,0,0,F,F,0,No Deposit,251,0,0,Transient,107.77,0,0,Canceled,2016-06-15
Resort Hotel,0,40,2016,August,28,23,2,6,8,1,0,0,1,BB,ESP,Online TA,Direct,0,1,0,E,E,1,Non Refund,323,0,0,Transient,90.21,0,2,Check-Out,2016-06-15
City Hotel,1,79,2016,March,45,7,0,3,3,1,0,0,1,BB,PRT,Online TA,Direct,0,0,0,A,A,0,No Deposit,487,22,0,Transient,57.73,0,0,Canceled,2016-06-15
Resort Hotel,0,10,2016,February,43,7,0,2,2,2,0,0,2,BB,PRT,Offline TA/TO,TA/TO,0,0,0,A,A,0,Non Refund,184,0,0,Transient-Party,140.31,1,1,Check-Out,2016-06-15
Resort Hotel,0,102,2017,May,4,14,0,4,4,2,0,0,2,BB,NLD,Offline TA/TO,TA/TO,0,0,0,A,A,0,No Deposit,60,0,0,Transient,54.1,1,1,Check-Out,2016-06-15
Resort Hotel,0,39,2015,October,39,15,0,7,7,2,0,0,2,HB,PRT,Groups,Direct,0,0,0,B,B,1,No Deposit,389,22,0,Group,115.02,0,0,Check-Out,2016-06-15
Resort Hotel,0,100,2016,December,19,22,1,2,3,2,0,0,2,SC,FRA,Groups,TA/TO,0,0,0,A,A,0,No Deposit,234,22,0,Transient,84.47,0,1,Check-Out,2016-06-15
City Hotel,1,179,2017,April,24,20,2,2,4,2,0,0,2,BB,PRT,Offline TA/TO,TA/TO,0,0,0,A,A,1,No Deposit,373,0,0,Transient,109.7,0,0,Canceled,2016-06-15
Resort Hotel,0,18,2016,September,7,9,3,3,6,1,0,0,1,SC,NLD,Online TA,TA/TO,0,0,0,A,A,0,No Deposit,401,22,0,Transient,138.68,0,1,Check-Out,2016-06-15
City Hotel,1,267,2017,July,46,28,1,3,4,1,1,0,2,BB,ESP,Groups,TA/TO,0,0,0,A,A,0,No Deposit,186,0,0,Transient,92.03,0,0,Canceled,2016-06-15
City Hotel,1,75,2016,January,48,15,1,3,4,2,0,0,2,BB,NLD,Direct,Direct,0,0,0,A,A,0,Non Refund,85,0,0,Transient,120.97,0,0,Canceled,2016-06-15
City Hotel,0,256,2015,July,9,9,1,2,3,3,0,0,3,BB,NLD,Online TA,TA/TO,0,0,0,E,E,0,No Deposit,133,0,0,Transient,62.17,0,1,Check-Out,2016-06-15
Resort Hotel,1,23,2016,September,22,23,0,2,2,2,0,0,2,BB,FRA,Online TA,Direct,0,1,0,A,A,0,No Deposit,255,22,0,Transient-Party,49.24,1,3,Canceled,2016-06-15
City Hotel,1,92,2016,April,2,7,2,4,6,2,0,0,2,BB,NLD,Offline TA/TO,TA/TO,0,0,0,A,A,0,No Deposit,17,0,0,Transient,48.54,0,0,Canceled,2016-06-15
City Hotel,0,51,2015,October,27,24,1,6,7,2,0,0,2,BB,PRT,Corporate,TA/TO,0,1,0,D,A,0,No Deposit,204,0,0,Transient-Party,99.79,0,0,Check-Out,2016-06-15
City Hotel,0,148,2016,April,16,11,2,5,7,2,0,0,2,BB,PRT,Online TA,TA/TO,0,0,1,D,D,0,No Deposit,79,22,0,Transient,207.98,0,0,Check-Out,2016-06-15
Resort Hotel,1,93,2017,February,5,5,0,3,3,2,0,0,2,BB,BEL,Offline TA/TO,TA/TO,0,0,0,A,A,0,No Deposit,89,22,0,Transient,59.3,0,0,Canceled,2016-06-15
City Hotel,1,68,2016,March,12,27,0,2,2,1,0,0,1,SC,FRA,Online TA,Direct,0,0,0,A,A,0,No Deposit,164,22,0,Transient,1.76,0,1,Canceled,2016-06-15
City Hotel,0,244,2016,October,52,9,1,3,4,2,0,0,2,BB,NLD,Online TA,Direct,0,0,0,A,A,0,Non Refund,322,0,0,Transient,71.91,0,1,Check-Out,2016-06-15
City Hotel,0,47,2016,June,26,6,0,1,1,2,0,0,2,HB,NLD,Online TA,TA/TO,1,0,0,A,D,0,No Deposit,88,22,0,Transient,45.51,0,0,Check-Out,2016-06-15
Resort Hotel,0,24,2017,September,15,7,2,2,4,2,0,0,2,HB,ITA,Offline TA/TO,Direct,0,0,0,A,A,1,No Deposit,305,22,0,Transient-Party,67.83,0,0,Check-Out,2016-06-15
City Hotel,1,93,2017,July,3,28,0,4,4,2,2,0,4,BB,NLD,Online TA,TA/TO,0,0,0,D,D,0,Non Refund,466,0,0,Transient,64.59,0,1,Canceled,2016-06-15
Resort Hotel,0,97,2017,June,9,23,0,2,2,2,0,0,2,BB,PRT,Groups,TA/TO,0,0,0,A,A,2,No Deposit,275,22,0,Transient,79.04,1,0,Check-Out,2016-06-15
Resort Hotel,1,57,2016,September,28,25,0,2,2,2,0,0,2,HB,PRT,Groups,Direct,0,0,0,A,A,1,No Deposit,159,22,0,Transient-Party,138.31,0,0,Canceled,2016-06-15
City Hotel,1,66,2015,June,39,23,0,1,1,1,0,0,1,HB,ESP,Corporate,TA/TO,0,0,0,A,A,0,No Deposit,163,22,0,Transient-Party,24.87,0,0,Canceled,2016-06-15
Resort Hotel,0,320,2016,September,36,14,0,4,4,2,1,0,3,SC,PRT,Online TA,TA/TO,0,0,0,A,A,1,No Deposit,421,22,0,Transient,105.39,0,1,Check-Out,2016-06-15
Resort Hotel,0,131,2016,February,25,19,2,2,4,2,0,0,2,SC,PRT,Direct,TA/TO,0,2,0,A,A,0,No Deposit,14,0,0,Transient,108.78,0,2,Check-Out,2016-06-15
Resort Hotel,0,11,2017,August,41,22,0,3,3,2,0,0,2,BB,PRT,Offline TA/TO,TA/TO,0,0,0,A,A,0,No Deposit,448,22,0,Transient-Party,99.29,0,1,Check-Out,2016-06-15
City Hotel,1,23,2017,August,28,22,0,2,2,2,0,0,2,BB,ITA,Online TA,TA/TO,0,0,0,A,A,1,No Deposit,339,22,0,Transient,105.53,0,0,Canceled,2016-06-15
City Hotel,0,371,2016,October,47,11,2,3,5,2,0,0,2,BB,PRT,Online TA,Corporate,0,0,0,A,E,0,No Deposit,494,0,0,Transient,72.98,0,0,Check-Out,2016-06-15
City Hotel,1,129,2016,April,21,28,0,3,3,1,0,0,1,BB,NLD,Online TA,TA/TO,1,0,0,G,G,0,No Deposit,499,22,0,Transient,64.85,0,1,Canceled,2016-06-15
City Hotel,1,246,2016,July,29,7,0,2,2,2,0,0,2,BB,DEU,Online TA,TA/TO,0,0,0,A,A,0,No Deposit,385,22,0,Transient,102.9,0,1,Canceled,2016-06-15
Resort Hotel,0,36,2015,June,25,6,1,2,3,2,0,0,2,BB,PRT,Direct,TA/TO,0,0,0,A,E,0,Non Refund,408,22,0,Transient,119.78,0,0,Check-Out,2016-06-15
City Hotel,0,135,2016,May,30,4,0,4,4,1,0,0,1,BB,PRT,Online TA,TA/TO,0,0,0,D,D,1,No Deposit,165,0,0,Transient-Party,117.72,0,1,Check-Out,2016-06-15
City Hotel,0,125,2016,February,39,14,0,3,3,2,0,0,2,BB,NLD,Direct,TA/TO,0,0,0,A,A,0,No Deposit,152,0,0,Transient,118.16,0,0,Check-Out,2016-06-15
Resort Hotel,0,34,2017,March,11,22,2,1,3,2,0,0,2,SC,GBR,Online TA,TA/TO,0,1,0,A,A,0,No Deposit,209,22,0,Transient,94.4,0,3,Check-Out,2016-06-15
City Hotel,1,80,2016,October,19,3,0,3,3,1,0,0,1,BB,GBR,Groups,Direct,0,0,0,A,A,0,No Deposit,313,0,0,Transient-Party,111.56,0,2,Canceled,2016-06-15
City Hotel,1,98,2017,September,11,17,3,2,5,2,0,0,2,BB,FRA,Offline TA/TO,Direct,0,0,0,A,A,0,No Deposit,81,0,0,Transient,190.66,0,2,Canceled,2016-06-15
Resort Hotel,0,65,2016,May,25,15,0,3,3,1,0,0,1,BB,GBR,Groups,TA/TO,0,0,0,D,D,1,No Deposit,499,0,0,Transient,118.81,0,0,Check-Out,2016-06-15
Resort Hotel,0,175,2016,September,1,1,2,1,3,2,2,0,4,BB,FRA,Offline TA/TO,TA/TO,0,0,0,B,B,2,No Deposit,109,22,0,Transient,142.89,0,0,Check-Out,2016-06-15
Resort Hotel,0,178,2015,February,32,21,2,2,4,2,0,0,2,BB,DEU,Online TA,TA/TO,0,1,0,A,A,1,Non Refund,172,0,0,Transient,103.4,0,1,Check-Out,2016-06-15
Resort Hotel,0,190,2015,August,21,11,0,1,1,2,0,0,2,SC,GBR,Direct,TA/TO,0,1,0,A,A,1,No Deposit,312,0,0,Transient,127.1,1,0,Check-Out,2016-06-15
City Hotel,0,162,2016,October,45,13,0,5,5,1,0,0,1,BB,NLD,Groups,Corporate,0,0,0,A,A,0,No Deposit,336,0,0,Transient,102.38,0,0,Check-Out,2016-06-15
City Hotel,0,66,2015,October,13,24,2,5,7,2,0,0,2,BB,GBR,Offline TA/TO,TA/TO,0,0,0,D,D,1,Non Refund,1,22,0,Transient-Party,66.37,0,1,Check-Out,2016-06-15
City Hotel,0,48,2016,May,34,3,1,6,7,1,0,0,1,HB,PRT,Online TA,Corporate,0,0,0,A,A,1,No Deposit,375,22,0,Transient,141.39,0,0,Check-Out,2016-06-15
City Hotel,0,178,2017,September,17,13,0,3,3,2,0,0,2,BB,NLD,Online TA,TA/TO,0,0,0,A,A,0,No Deposit,133,22,0,Transient-Party,134.84,0,0,Check-Out,2016-06-15
Resort Hotel,0,67,2016,June,51,18,0,4,4,1,0,0,1,BB,PRT,Online TA,TA/TO,0,0,0,D,D,0,No Deposit,494,22,0,Transient,104.42,0,1,Check-Out,2016-06-15
City Hotel,0,28,2017,October,47,24,2,3,5,2,0,0,2,BB,DEU,Corporate,TA/TO,0,0,0,F,F,1,No Deposit,173,0,0,Transient,97.91,1,0,Check-Out,2016-06-15
City Hotel,0,70,2015,July,19,9,1,2,3,2,0,0,2,BB,NLD,Groups,TA/TO,1,0,0,A,A,0,No Deposit,387,22,0,Transient-Party,143.48,0,0,Check-Out,2016-06-15
City Hotel,1,15,2016,September,10,25,0,4,4,2,0,0,2,HB,PRT,Corporate,TA/TO,0,0,0,A,C,1,No Deposit,187,0,0,Transient,90.89,0,0,Canceled,2016-06-15
City Hotel,0,117,2016,February,42,2,2,4,6,2,0,0,2,SC,PRT,Groups,TA/TO,0,0,0,G,G,0,Non Refund,440,0,0,Transient,94.1,0,1,Check-Out,2016-06-15
City Hotel,0,40,2017,July,9,28,0,3,3,2,2,0,4,BB,ESP,Online TA,TA/TO,0,0,0,A,A,0,Non Refund,28,22,0,Transient,94.09,0,1,Check-Out,2016-06-15
City Hotel,0,30,2015,July,51,8,1,5,6,2,0,0,2,BB,FRA,Online TA,TA/TO,0,0,0,A,A,1,No Deposit,215,0,0,Transient,57.94,0,1,Check-Out,2016-06-15
City Hotel,0,313,2016,July,11,2,1,5,6,2,0,0,2,BB,PRT,Online TA,TA/TO,0,0,0,E,E,2,No Deposit,450,22,0,Contract,73.2,0,0,Check-Out,2016-06-15
Resort Hotel,0,150,2016,August,38,23,2,2,4,2,0,0,2,BB,FRA,Groups,TA/TO,0,0,0,E,G,2,No Deposit,285,0,0,Transient,120.72,0,1,Check-Out,2016-06-15
Resort Hotel,0,154,2016,November,31,24,0,2,2,1,0,0,1,BB,PRT,Online TA,TA/TO,0,0,0,A,A,2,No Deposit,380,0,0,Transient-Party,61.39,0,1,Check-Out,2016-06-15
Resort Hotel,1,97,2017,September,2,1,2,2,4,2,0,0,2,BB,PRT,Offline TA/TO,Corporate,0,0,0,A,A,0,No Deposit,268,22,0,Transient,139.65,0,1,Canceled,2016-06-15
City Hotel,0,182,2016,April,24,24,2,1,3,2,0,0,2,BB,BRA,Offline TA/TO,GDS,0,0,0,A,A,0,No Deposit,393,0,0,Transient,92.9,0,1,Check-Out,2016-06-15
City Hotel,0,142,2016,September,42,3,0,6,6,2,0,0,2,BB,PRT,Offline TA/TO,TA/TO,0,0,0,E,E,1,No Deposit,166,0,0,Transient,183.38,0,0,Check-Out,2016-06-15
City Hotel,0,91,2017,February,47,17,1,7,8,2,0,0,2,BB,ITA,Direct,Corporate,0,0,0,D,D,0,No Deposit,96,22,0,Transient,47.87,0,2,Check-Out,2016-06-15
City Hotel,1,324,2016,August,5,7,2,3,5,2,0,0,2,BB,NLD,Groups,TA/TO,0,0,0,A,A,0,No Deposit,74,0,0,Transient,54.28,0,0,Canceled,2016-06-15
City Hotel,0,21,2016,October,50,10,1,3,4,2,0,0,2,BB,PRT,Online TA,TA/TO,0,0,0,A,A,0,No Deposit,384,0,0,Transient,48.53,0,0,Check-Out,2016-06-15
City Hotel,0,287,2015,February,30,19,1,2,3,1,1,0,2,BB,PRT,Online TA,TA/TO,0,0,0,A,A,0,No Deposit,50,0,0,Transient,130.94,0,1,Check-Out,2016-06-15
Resort Hotel,0,51,2017,October,39,24,1,5,6,3,0,0,3,BB,NLD,Online TA,TA/TO,0,0,0,A,A,0,No Deposit,208,0,0,Transient,42.39,0,2,Check-Out,2016-06-15
Resort Hotel,0,75,2017,September,35,9,2,5,7,1,0,0,1,BB,ITA,Direct,Direct,0,0,0,A,A,0,No Deposit,109,22,0,Transient,159.57,0,0,Check-Out,2016-06-15
City Hotel,0,13,2016,July,48,18,1,1,2,2,1,0,3,BB,NLD,Online TA,Direct,0,0,0,A,A,0,No Deposit,338,0,0,Transient,152.99,0,0,Check-Out,2016-06-15
City Hotel,0,77,2017,May,17,15,1,1,2,2,1,0,3,BB,NLD,Offline TA/TO,Direct,0,0,0,A,A,1,Non Refund,142,0,0,Transient,97.7,0,0,Check-Out,2016-06-15
City Hotel,1,94,2016,June,31,17,0,2,2,2,0,0,2,SC,BEL,Offline TA/TO,TA/TO,0,0,0,A,A,0,Non Refund,145,22,0,Transient-Party,111.58,0,0,Canceled,2016-06-15
Resort Hotel,0,607,2016,December,2,24,1,3,4,2,2,0,4,BB,NLD,Online TA,TA/TO,0,0,0,A,A,0,No Deposit,220,0,0,Transient,71.01,0,2,Check-Out,2016-06-15
Resort Hotel,1,369,2015,March,16,26,0,1,1,2,0,0,2,BB,PRT,Offline TA/TO,TA/TO,0,0,0,A,E,2,No Deposit,429,0,0,Transient,177.69,1,2,Canceled,2016-06-15
City Hotel,1,339,2016,July,21,22,1,1,2,2,1,0,3,BB,FRA,Groups,TA/TO,0,0,0,A,A,0,Non Refund,340,0,0,Transient,113.66,0,1,Canceled,2016-06-15
Resort Hotel,0,42,2016,February,30,26,0,2,2,1,0,0,1,SC,ITA,Online TA,TA/TO,0,0,0,E,E,0,No Deposit,252,0,0,Group,88.17,0,0,Check-Out,2016-06-15
Resort Hotel,0,474,2017,April,52,17,1,3,4,2,0,0,2,BB,IRL,Online TA,TA/TO,0,0,0,A,A,0,Non Refund,85,22,0,Transient,168.5,0,0,Check-Out,2016-06-15
City Hotel,0,60,2016,September,1,19,0,7,7,4,0,0,4,SC,PRT,Direct,TA/TO,0,0,0,A,A,1,No Deposit,318,22,0,Transient-Party,56.82,0,0,Check-Out,2016-06-15
Resort Hotel,0,190,2017,May,14,9,1,4,5,2,0,0,2,BB,NLD,Offline TA/TO,TA/TO,0,1,0,D,D,0,No Deposit,233,0,0,Transient-Party,148.72,0,0,Check-Out,2016-06-15
City Hotel,0,24,2016,December,16,25,2,3,5,2,0,0,2,HB,NLD,Online TA,TA/TO,0,0,0,A,A,0,No Deposit,265,0,0,Transient,99.46,0,2,Check-Out,2016-06-15
Resort Hotel,0,70,2016,July,9,6,1,1,2,2,0,0,2,BB,PRT,Groups,TA/TO,0,0,0,A,A,1,Non Refund,366,22,0,Transient,183.62,0,1,Check-Out,2016-06-15
Resort Hotel,0,338,2016,July,49,19,0,2,2,2,0,0,2,BB,ESP,Online TA,TA/TO,0,0,0,A,A,0,No Deposit,98,22,0,Transient,110.9,0,0,Check-Out,2016-06-15
City Hotel,1,293,2016,January,8,8,0,1,1,2,0,0,2,HB,PRT,Online TA,Direct,0,0,0,E,E,0,No Deposit,263,22,0,Transient-Party,92.91,0,1,Canceled,2016-06-15
City Hotel,0,115,2017,November,9,6,2,2,4,2,0,0,2,FB,GBR,Online TA,TA/TO,0,0,0,A,A,0,No Deposit,454,22,0,Transient,84.38,0,0,Check-Out,2016-06-15
City Hotel,0,159,2015,March,34,17,2,2,4,2,0,0,2,BB,ESP,Online TA,TA/TO,0,0,0,D,D,0,No Deposit,133,22,0,Transient-Party,91.5,0,1,Check-Out,2016-06-15
City Hotel,0,19,2017,July,45,6,0,2,2,2,0,0,2,SC,ESP,Direct,TA/TO,0,0,0,A,A,0,No Deposit,78,0,0,Transient,108.24,0,0,Check-Out,2016-06-15
Resort Hotel,1,127,2017,May,33,13,2,1,3,2,1,0,3,BB,ESP,Online TA,TA/TO,0,0,0,A,A,0,No Deposit,383,22,0,Transient,107.64,0,1,Canceled,2016-06-15
City Hotel,0,96,2016,June,22,21,0,3,3,2,0,0,2,SC,ESP,Groups,TA/TO,0,0,0,A,A,0,No Deposit,285,0,0,Transient-Party,150.99,0,0,Check-Out,2016-06-15
Resort Hotel,0,9,2016,August,30,24,1,1,2,2,0,0,2,BB,DEU,Offline TA/TO,TA/TO,0,0,0,A,A,0,No Deposit,132,22,0,Transient,113.97,0,3,Check-Out,2016-06-15
City Hotel,0,12,2016,August,7,2,1,3,4,2,0,0,2,BB,PRT,Online TA,TA/TO,0,0,0,D,D,0,No Deposit,396,22,0,Transient,91.99,0,0,Check-Out,2016-06-15
City Hotel,1,11,2016,March,18,12,0,3,3,2,0,0,2,BB,PRT,Online TA,TA/TO,0,0,0,A,A,1,Non Refund,111,0,0,Transient,143.96,0,0,Canceled,2016-06-15
City Hotel,0,128,2015,June,21,7,0,2,2,2,0,0,2,HB,FRA,Online TA,TA/TO,0,0,0,A,A,0,No Deposit,118,0,0,Transient,105.78,0,1,Check-Out,2016-06-15
City Hotel,0,15,2016,September,5,6,2,4,6,2,0,0,2,BB,IRL,Online TA,TA/TO,0,0,0,A,A,2,No Deposit,138,22,0,Transient,136.34,0,0,Check-Out,2016-06-15
Resort Hotel,0,63,2015,June,7,17,0,6,6,2,0,0,2,SC,FRA,Corporate,TA/TO,0,0,0,A,A,0,No Deposit,306,0,0,Transient-Party,161.48,0,3,Check-Out,2016-06-15
Resort Hotel,1,44,2017,March,12,28,1,2,3,2,0,0,2,BB,DEU,Online TA,TA/TO,0,0,0,A,A,0,No Deposit,260,22,0,Transient,105.3,0,0,Canceled,2016-06-15
City Hotel,0,79,2016,May,17,8,1,3,4,2,2,0,4,BB,NLD,Online TA,TA/TO,0,0,0,A,A,1,No Deposit,385,0,0,Transient-Party,75.88,0,0,Check-Out,2016-06-15
City Hotel,1,122,2015,April,24,6,0,2,2,2,0,0,2,BB,BEL,Groups,TA/TO,0,0,0,A,A,2,Non Refund,496,22,0,Transient,105.95,0,1,Canceled,2016-06-15
City Hotel,0,115,2016,February,37,19,2,2,4,2,0,0,2,BB,NLD,Direct,TA/TO,0,1,0,D,D,0,Non Refund,304,0,0,Transient,82.99,0,2,Check-Out,2016-06-15
Resort Hotel,0,72,2017,May,44,21,0,1,1,2,0,0,2,BB,PRT,Groups,TA/TO,0,0,0,A,A,0,No Deposit,422,0,0,Transient,71.2,0,0,Check-Out,2016-06-15
City Hotel,0,62,2016,July,19,23,0,1,1,2,0,0,2,BB,FRA,Online TA,TA/TO,0,0,0,A,A,0,No Deposit,73,22,0,Transient,20.81,0,1,Check-Out,2016-06-15
Resort Hotel,0,50,2016,February,45,9,2,4,6,1,0,0,1,BB,GBR,Offline TA/TO,TA/TO,0,0,0,A,A,0,No Deposit,149,22,0,Transient-Party,59.97,0,0,Check-Out,2016-06-15
City Hotel,1,197,2017,July,16,20,2,1,3,2,0,0,2,BB,IRL,Online TA,TA/TO,0,0,0,A,A,0,No Deposit,409,0,0,Contract,126.04,0,0,Canceled,2016-06-15
City Hotel,1,40,2017,December,25,28,2,3,5,2,0,0,2,BB,NLD,Direct,TA/TO,0,0,0,A,A,1,No Deposit,360,22,0,Transient-Party,120.82,0,1,Canceled,2016-06-15
City Hotel,0,30,2017,December,27,16,0,3,3,1,2,0,3,SC,PRT,Online TA,Direct,0,0,0,A,A,0,No Deposit,141,22,0,Transient-Party,52.08,0,0,Check-Out,2016-06-15
Resort Hotel,0,135,2016,September,51,18,4,7,11,1,0,0,1,HB,PRT,Groups,TA/TO,0,0,0,D,D,0,No Deposit,440,0,0,Contract,86.83,0,0,Check-Out,2016-06-15
City Hotel,1,44,2017,April,42,19,1,3,4,3,2,0,5,HB,ITA,Offline TA/TO,TA/TO,0,0,0,A,A,1,No Deposit,86,22,0,Transient,116.49,0,1,Canceled,2016-06-15
City Hotel,1,187,2016,January,44,7,0,1,1,2,0,0,2,BB,GBR,Offline TA/TO,TA/TO,0,2,0,A,A,1,No Deposit,107,22,0,Transient,72.62,0,0,Canceled,2016-06-15
Resort Hotel,1,39,2017,October,7,8,2,3,5,2,0,0,2,HB,PRT,Offline TA/TO,TA/TO,0,0,0,A,A,1,No Deposit,152,0,0,Transient-Party,85.67,0,0,Canceled,2016-06-15
City Hotel,0,121,2016,January,46,21,0,2,2,2,0,0,2,BB,NLD,Online TA,Direct,0,0,0,E,E,0,No Deposit,292,0,0,Transient,93.98,0,0,Check-Out,2016-06-15
City Hotel,0,4,2017,March,42,19,1,5,6,1,0,0,1,BB,PRT,Online TA,TA/TO,0,0,0,A,A,0,No Deposit,434,22,0,Transient,98.0,0,0,Check-Out,2016-06-15
City Hotel,0,48,2017,July,8,1,3,3,6,2,0,0,2,BB,PRT,Groups,TA/TO,0,0,0,D,D,0,Non Refund,487,22,0,Transient,89.39,0,3,Check-Out,2016-06-15
City Hotel,1,42,2015,March,15,26,0,2,2,2,0,0,2,BB,PRT,Online TA,TA/TO,0,0,0,D,D,0,No Deposit,91,0,0,Transient,88.01,0,0,Canceled,2016-06-15
Resort Hotel,0,169,2017,October,16,13,1,3,4,2,0,0,2,BB,NLD,Offline TA/TO,TA/TO,0,0,0,D,D,0,Non Refund,292,22,0,Transient,66.62,0,0,Check-Out,2016-06-15
Resort Hotel,1,341,2015,September,8,1,0,2,2,2,0,0,2,HB,ESP,Offline TA/TO,TA/TO,0,1,0,A,A,0,No Deposit,234,22,0,Transient,93.79,0,1,Canceled,2016-06-15
City Hotel,1,61,2016,September,36,11,2,2,4,2,0,0,2,HB,PRT,Direct,TA/TO,0,0,0,A,A,3,Refundable,11,22,0,Transient,113.79,1,0,Canceled,2016-06-15
Resort Hotel,0,174,2016,September,32,2,1,3,4,2,0,0,2,HB,PRT,Online TA,TA/TO,0,0,0,A,A,0,No Deposit,157,0,0,Transient,114.11,0,2,Check-Out,2016-06-15
City Hotel,0,120,2017,April,17,21,0,1,1,2,2,0,4,BB,PRT,Direct,TA/TO,0,1,0,E,E,0,No Deposit,266,22,0,Transient,103.96,0,2,Check-Out,2016-06-15
City Hotel,1,342,2016,August,36,3,0,3,3,3,0,0,3,BB,PRT,Corporate,Direct,0,0,0,A,A,0,No Deposit,422,22,0,Transient,57.22,0,0,Canceled,2016-06-15
City Hotel,0,166,2016,May,22,13,1,1,2,2,0,0,2,BB,NLD,Online TA,TA/TO,0,0,0,A,A,0,Non Refund,81,0,0,Transient,83.06,0,1,Check-Out,2016-06-15
City Hotel,1,8,2016,August,32,7,2,5,7,2,1,0,3,HB,PRT,Groups,GDS,0,0,2,D,B,1,No Deposit,365,22,0,Transient,105.69,0,2,Canceled,2016-06-15
Resort Hotel,0,124,2017,February,11,2,1,6,7,1,0,0,1,HB,NLD,Groups,TA/TO,0,0,0,A,A,0,No Deposit,164,0,0,Transient,123.27,0,0,Check-Out,2016-06-15
City Hotel,0,76,2017,August,45,2,0,4,4,2,0,0,2,BB,PRT,Online TA,TA/TO,0,1,0,A,A,0,Refundable,332,0,0,Transient,82.9,0,0,Check-Out,2016-06-15
Resort Hotel,1,1,2016,December,6,3,2,3,5,2,0,0,2,BB,NLD,Online TA,Direct,0,0,0,A,A,0,No Deposit,276,0,0,Transient-Party,193.85,0,2,Canceled,2016-06-15
City Hotel,1,28,2016,January,22,13,0,6,6,1,1,0,2,BB,ITA,Online TA,TA/TO,0,0,0,A,A,3,No Deposit,34,22,0,Transient,167.79,0,0,Canceled,2016-06-15
Resort Hotel,0,254,2015,February,14,12,2,1,3,2,0,0,2,HB,GBR,Offline TA/TO,TA/TO,0,0,0,D,D,0,No Deposit,316,0,0,Transient,29.22,0,2,Check-Out,2016-06-15
City Hotel,0,260,2016,February,28,1,0,1,1,2,0,0,2,BB,GBR,Online TA,TA/TO,0,0,0,G,G,0,Non Refund,420,22,0,Transient,138.85,0,1,Check-Out,2016-06-15
City Hotel,1,160,2015,June,39,18,1,2,3,2,0,0,2,BB,PRT,Offline TA/TO,TA/TO,0,0,0,B,B,0,No Deposit,218,22,0,Transient,86.65,0,1,Canceled,2016-06-15
City Hotel,0,400,2016,April,12,5,0,1,1,2,0,0,2,BB,PRT,Online TA,Corporate,0,0,0,D,D,0,No Deposit,44,0,0,Transient,96.84,0,1,Check-Out,2016-06-15
Resort Hotel,0,164,2017,September,27,19,1,6,7,2,0,0,2,BB,NLD,Online TA,Direct,0,0,0,E,E,0,No Deposit,59,0,0,Transient,113.85,0,1,Check-Out,2016-06-15
City Hotel,1,1,2016,June,1,27,2,1,3,2,0,0,2,BB,PRT,Groups,TA/TO,0,0,0,A,A,0,No Deposit,47,0,0,Transient,65.85,0,1,Canceled,2016-06-15
City Hotel,1,33,2016,June,10,10,2,3,5,2,0,0,2,SC,PRT,Online TA,TA/TO,0,0,0,A,A,0,No Deposit,404,0,0,Transient,154.98,0,2,Canceled,2016-06-15
Resort Hotel,1,3,2016,August,33,6,1,2,3,2,0,0,2,BB,GBR,Online TA,TA/TO,0,0,0,A,A,0,No Deposit,479,22,5,Transient-Party,87.09,0,0,Canceled,2016-06-15
Resort Hotel,1,9,2015,May,16,18,2,1,3,1,0,0,1,HB,NLD,Offline TA/TO,TA/TO,0,0,0,A,A,0,No Deposit,422,22,0,Transient,84.41,0,3,Canceled,2016-06-15
Resort Hotel,0,24,2016,May,39,15,1,1,2,2,0,0,2,BB,FRA,Groups,TA/TO,1,0,0,A,A,0,No Deposit,267,0,0,Transient,100.17,0,1,Check-Out,2016-06-15
City Hotel,0,70,2016,September,52,14,0,2,2,2,0,0,2,BB,GBR,Online TA,TA/TO,0,0,0,D,D,0,No Deposit,324,0,0,Transient,44.92,0,0,Check-Out,2016-06-15
Resort Hotel,0,188,2017,September,6,24,2,1,3,2,0,0,2,HB,NLD,Online TA,TA/TO,0,0,0,A,A,0,No Deposit,465,0,0,Transient,105.54,0,0,Check-Out,2016-06-15
City Hotel,1,198,2016,January,25,16,1,6,7,2,0,0,2,Undefined,BRA,Offline TA/TO,TA/TO,0,0,0,A,A,0,No Deposit,110,0,0,Transient,41.69,0,0,Canceled,2016-06-15
City Hotel,0,95,2016,March,50,4,0,1,1,2,0,0,2,BB,NLD,Groups,TA/TO,0,0,0,A,A,0,No Deposit,195,22,0,Transient,156.8,0,1,Check-Out,2016-06-15
City Hotel,0,263,2017,April,20,19,0,1,1,2,0,0,2,BB,PRT,Direct,TA/TO,0,0,0,A,A,0,No Deposit,296,0,0,Transient,52.6,0,1,Check-Out,2016-06-15
Resort Hotel,1,69,2017,May,36,21,1,4,5,2,0,0,2,BB,BRA,Online TA,TA/TO,0,0,0,A,A,0,No Deposit,162,22,0,Transient-Party,99.99,0,1,Canceled,2016-06-15
City Hotel,1,219,2017,April,23,8,0,2,2,2,0,0,2,BB,NLD,Direct,TA/TO,0,0,0,B,C,0,No Deposit,408,0,0,Transient,32.9,1,0,Canceled,2016-06-15
City Hotel,0,60,2017,August,16,25,2,4,6,2,0,0,2,BB,FRA,Corporate,Direct,0,0,0,A,A,0,No Deposit,368,0,0,Transient,67.85,0,0,Check-Out,2016-06-15
City Hotel,0,32,2017,September,1,1,2,4,6,1,0,0,1,BB,GBR,Direct,TA/TO,0,0,0,B,B,0,No Deposit,335,0,0,Transient-Party,152.24,0,0,Check-Out,2016-06-15
City Hotel,0,248,2016,March,30,20,0,7,7,1,0,0,1,BB,PRT,Direct,TA/TO,0,0,0,A,A,0,Non Refund,486,0,10,Transient-Party,97.73,0,0,Check-Out,2016-06-15
City Hotel,1,49,2017,July,27,22,0,4,4,2,0,0,2,SC,ESP,Online TA,TA/TO,0,0,0,D,D,0,No Deposit,125,22,0,Transient,182.96,0,0,Canceled,2016-06-15
City Hotel,1,69,2016,May,52,22,0,1,1,2,0,0,2,HB,PRT,Corporate,TA/TO,0,0,0,A,A,0,No Deposit,441,0,0,Transient-Party,54.79,0,1,Canceled,2016-06-15
City Hotel,0,39,2016,July,2,13,0,3,3,2,0,0,2,HB,GBR,Groups,Direct,0,0,0,A,A,2,No Deposit,450,22,0,Transient,98.01,0,2,Check-Out,2016-06-15
City Hotel,0,108,2016,August,48,9,0,2,2,2,0,0,2,HB,ITA,Online TA,TA/TO,0,0,0,A,F,0,No Deposit,158,22,0,Transient,56.73,0,0,Check-Out,2016-06-15
Resort Hotel,0,530,2016,October,21,1,2,2,4,2,0,0,2,HB,DEU,Groups,TA/TO,0,0,0,A,A,0,No Deposit,369,0,0,Transient,85.27,1,0,Check-Out,2016-06-15
Resort Hotel,0,2,2015,March,9,15,1,2,3,2,0,0,2,BB,IRL,Groups,TA/TO,0,0,0,A,A,0,No Deposit,252,0,0,Transient-Party,87.83,0,0,Check-Out,2016-06-15
Resort Hotel,0,230,2015,February,47,15,0,1,1,1,0,0,1,HB,ESP,Offline TA/TO,TA/TO,0,0,0,A,A,0,No Deposit,338,22,0,Transient-Party,112.91,0,1,Check-Out,2016-06-15
City Hotel,0,0,2015,August,24,14,0,3,3,2,0,0,2,BB,PRT,Direct,TA/TO,0,0,0,A,A,0,No Deposit,181,22,0,Transient,97.86,0,1,Check-Out,2016-06-15
City Hotel,0,45,2017,May,48,5,2,1,3,2,0,0,2,HB,PRT,Groups,TA/TO,0,0,0,A,A,0,Non Refund,39,0,0,Transient,84.8,0,0,Check-Out,2016-06-15
City Hotel,0,18,2017,March,41,26,2,1,3,2,0,0,2,BB,ESP,Online TA,Corporate,0,0,0,G,G,0,No Deposit,423,0,0,Transient,124.56,0,1,Check-Out,2016-06-15
City Hotel,0,141,2016,February,39,17,0,2,2,2,0,0,2,BB,NLD,Online TA,Direct,0,0,0,A,A,0,No Deposit,73,0,0,Transient,123.13,0,2,Check-Out,2016-06-15
City Hotel,1,5,2017,July,42,6,0,3,3,2,0,0,2,BB,PRT,Online TA,TA/TO,0,0,0,A,A,0,No Deposit,437,22,0,Transient,153.14,0,1,Canceled,2016-06-15
City Hotel,0,80,2015,May,7,9,3,5,8,1,0,0,1,BB,IRL,Online TA,TA/TO,0,0,0,E,E,0,No Deposit,329,22,0,Transient,50.41,0,1,Check-Out,2016-06-15
Resort Hotel,0,34,2017,December,30,20,0,2,2,2,0,0,2,SC,GBR,Offline TA/TO,Corporate,0,0,0,A,A,0,No Deposit,312,22,5,Transient,63.53,0,0,Check-Out,2016-06-15
City Hotel,0,14,2016,June,45,26,2,4,6,3,0,0,3,BB,PRT,Online TA,TA/TO,0,0,0,A,A,0,No Deposit,280,22,0,Transient,171.48,1,3,Check-Out,2016-06-15
Resort Hotel,0,147,2015,April,2,26,1,1,2,2,0,0,2,BB,PRT,Online TA,TA/TO,0,0,0,A,F,0,No Deposit,48,22,0,Contract,179.06,0,0,Check-Out,2016-06-15
Resort Hotel,0,24,2015,August,12,25,2,2,4,2,0,0,2,BB,IRL,Online TA,TA/TO,0,0,0,D,D,0,No Deposit,53,0,0,Transient-Party,126.93,0,0,Check-Out,2016-06-15
Resort Hotel,0,25,2016,April,13,19,1,1,2,2,0,0,2,BB,PRT,Online TA,TA/TO,0,0,0,D,G,1,No Deposit,421,22,0,Transient,124.46,0,1,Check-Out,2016-06-15
City Hotel,0,32,2015,June,3,27,2,3,5,2,2,0,4,HB,PRT,Groups,TA/TO,0,0,1,A,A,0,Non Refund,242,0,0,Transient-Party,98.82,0,0,Check-Out,2016-06-15
City Hotel,0,88,2016,June,43,23,2,5,7,1,0,0,1,SC,GBR,Online TA,TA/TO,0,0,0,D,D,0,No Deposit,340,22,0,Transient,116.28,0,0,Check-Out,2016-06-15
City Hotel,0,107,2015,June,40,21,0,1,1,2,0,0,2,BB,IRL,Direct,TA/TO,0,0,0,D,D,3,Non Refund,44,0,30,Transient-Party,127.91,0,1,Check-Out,2016-06-15
Resort Hotel,0,1,2016,September,43,26,1,3,4,2,0,0,2,BB,GBR,Offline TA/TO,TA/TO,0,0,0,A,A,0,Non Refund,421,22,0,Transient,164.91,0,0,Check-Out,2016-06-15
City Hotel,1,27,2016,April,18,17,0,4,4,2,1,0,3,BB,GBR,Online TA,TA/TO,1,0,0,D,D,0,No Deposit,308,22,0,Transient,123.24,0,0,Canceled,2016-06-15
City Hotel,0,56,2017,October,39,7,2,3,5,2,0,0,2,BB,NLD,Offline TA/TO,TA/TO,0,0,0,B,B,0,No Deposit,471,22,0,Transient,92.39,0,0,Check-Out,2016-06-15
Resort Hotel,1,40,2016,September,44,8,0,1,1,2,0,0,2,BB,PRT,Groups,TA/TO,0,0,0,A,E,0,No Deposit,475,0,0,Transient,71.66,0,0,Canceled,2016-06-15
City Hotel,0,215,2016,May,6,15,0,1,1,1,0,0,1,BB,BRA,Groups,TA/TO,0,0,0,D,D,0,No Deposit,11,0,0,Transient,47.71,0,1,Check-Out,2016-06-15
Resort Hotel,0,154,2016,March,42,6,1,1,2,2,0,0,2,BB,FRA,Groups,TA/TO,0,0,0,A,A,0,No Deposit,54,0,0,Transient,104.35,0,1,Check-Out,2016-06-15
City Hotel,1,98,2017,April,52,1,1,1,2,2,0,0,2,HB,ESP,Online TA,TA/TO,0,0,0,A,A,0,No Deposit,349,0,0,Transient-Party,137.58,1,0,Canceled,2016-06-15
City Hotel,0,41,2016,May,27,9,0,3,3,2,0,0,2,BB,GBR,Direct,TA/TO,0,0,0,A,A,0,No Deposit,93,22,0,Transient,149.65,0,0,Check-Out,2016-06-15
Resort Hotel,1,120,2017,July,15,7,1,2,3,2,0,0,2,BB,PRT,Groups,TA/TO,0,1,0,A,A,1,No Deposit,55,22,0,Transient,160.35,0,0,Canceled,2016-06-15
Resort Hotel,0,185,2016,January,52,22,2,3,5,2,0,0,2,BB,PRT,Direct,Direct,0,0,0,A,A,1,No Deposit,331,0,0,Transient,120.94,0,0,Check-Out,2016-06-15
City Hotel,0,90,2015,November,15,20,1,2,3,2,0,0,2,HB,GBR,Online TA,Direct,0,0,0,A,A,0,No Deposit,171,0,0,Transient,79.12,0,0,Check-Out,2016-06-15
City Hotel,0,153,2016,February,19,19,1,1,2,2,0,0,2,HB,BEL,Online TA,TA/TO,0,1,0,A,A,0,No Deposit,203,22,0,Transient,147.76,0,0,Check-Out,2016-06-15
City Hotel,0,138,2016,April,38,4,0,3,3,2,0,0,2,BB,NLD,Offline TA/TO,Direct,0,0,1,A,A,0,No Deposit,480,22,0,Transient,57.97,0,0,Check-Out,2016-06-15
City Hotel,0,84,2016,February,51,1,0,3,3,2,0,0,2,BB,NLD,Corporate,TA/TO,0,0,0,D,D,1,No Deposit,104,0,0,Transient,86.37,0,0,Check-Out,2016-06-15
City Hotel,1,37,2016,April,47,9,1,1,2,1,0,0,1,BB,NLD,Online TA,Direct,0,0,0,A,A,0,No Deposit,48,0,0,Transient,85.34,0,0,Canceled,2016-06-15
City Hotel,0,136,2016,October,20,2,1,5,6,2,0,0,2,BB,PRT,Groups,TA/TO,0,0,0,A,A,1,No Deposit,432,0,0,Transient,103.54,0,2,Check-Out,2016-06-15
City Hotel,1,23,2017,July,20,16,1,2,3,1,1,0,2,BB,PRT,Online TA,Direct,0,2,0,A,A,1,No Deposit,306,0,0,Transient,142.12,0,0,Canceled,2016-06-15
City Hotel,0,151,2016,April,18,2,1,3,4,2,0,0,2,SC,NLD,Corporate,TA/TO,0,0,0,A,A,0,No Deposit,89,0,0,Transient,102.81,0,0,Check-Out,2016-06-15
City Hotel,1,163,2016,October,34,3,0,1,1,2,0,0,2,BB,NLD,Groups,GDS,0,0,0,A,A,0,No Deposit,370,0,0,Transient,80.56,0,0,Canceled,2016-06-15
City Hotel,0,172,2016,September,39,14,1,2,3,2,0,0,2,BB,PRT,Online TA,Direct,0,0,0,E,E,0,No Deposit,467,22,0,Transient-Party,118.26,0,0,Check-Out,2016-06-15
City Hotel,0,64,2016,September,37,13,0,6,6,2,0,0,2,BB,DEU,Online TA,TA/TO,0,0,0,A,A,0,No Deposit,281,0,0,Transient,68.08,0,2,Check-Out,2016-06-15
Resort Hotel,0,21,2016,October,35,17,2,5,7,2,1,0,3,BB,GBR,Online TA,TA/TO,0,0,0,A,A,0,No Deposit,60,0,0,Transient,110.52,0,0,Check-Out,2016-06-15
Resort Hotel,0,10,2017,July,38,10,0,1,1,2,0,0,2,BB,PRT,Offline TA/TO,TA/TO,0,0,0,E,E,0,Non Refund,339,22,0,Transient,127.59,0,2,Check-Out,2016-06-15
City Hotel,1,136,2017,July,38,3,1,5,6,2,0,0,2,BB,NLD,Offline TA/TO,TA/TO,1,0,0,F,F,0,No Deposit,275,22,0,Contract,72.6,0,0,Canceled,2016-06-15
City Hotel,0,217,2016,May,1,4,0,2,2,2,0,0,2,BB,NLD,Direct,TA/TO,1,0,0,A,E,1,No Deposit,364,0,0,Transient,57.59,0,2,Check-Out,2016-06-15
Resort Hotel,0,105,2017,April,51,25,1,5,6,2,0,0,2,BB,NLD,Corporate,TA/TO,0,0,0,A,A,0,No Deposit,217,0,0,Transient-Party,99.21,1,0,Check-Out,2016-06-15
City Hotel,0,15,2016,July,12,5,1,3,4,3,1,0,4,SC,GBR,Online TA,Direct,1,0,0,A,B,0,No Deposit,327,22,0,Transient,72.66,0,2,Check-Out,2016-06-15
City Hotel,1,273,2016,October,5,11,0,2,2,2,0,0,2,HB,NLD,Online TA,Corporate,0,0,0,D,D,0,No Deposit,144,0,0,Transient,70.35,0,1,Canceled,2016-06-15
Resort Hotel,1,451,2015,July,27,6,1,5,6,1,2,0,3,BB,FRA,Online TA,TA/TO,0,0,0,B,B,1,No Deposit,411,0,0,Transient,82.21,0,0,Canceled,2016-06-15
City Hotel,1,56,2016,November,39,1,1,2,3,2,0,0,2,BB,NLD,Groups,TA/TO,0,0,0,D,D,0,No Deposit,33,0,0,Transient,130.51,0,0,Canceled,2016-06-15
Resort Hotel,0,90,2015,May,20,19,2,2,4,2,2,0,4,BB,NLD,Offline TA/TO,TA/TO,0,0,0,A,A,0,No Deposit,106,0,0,Transient,89.01,0,1,Check-Out,2016-06-15
Resort Hotel,0,150,2016,August,40,7,0,2,2,2,0,0,2,SC,NLD,Online TA,TA/TO,0,0,0,G,G,0,No Deposit,269,0,0,Transient,53.12,0,0,Check-Out,2016-06-15
City Hotel,0,133,2016,August,19,23,2,6,8,2,0,0,2,BB,FRA,Online TA,TA/TO,0,0,0,A,D,0,No Deposit,207,22,0,Transient-Party,113.23,0,1,Check-Out,2016-06-15
City Hotel,1,343,2017,August,38,10,1,4,5,2,0,0,2,BB,NLD,Groups,TA/TO,0,0,0,A,A,0,Non Refund,146,0,0,Transient-Party,119.57,1,0,Canceled,2016-06-15
Resort Hotel,1,12,2015,August,15,12,0,2,2,1,0,1,2,BB,PRT,Groups,TA/TO,0,0,0,A,D,1,No Deposit,261,22,0,Contract,122.43,0,0,Canceled,2016-06-15
City Hotel,0,86,2017,April,6,12,2,2,4,2,0,0,2,BB,PRT,Offline TA/TO,TA/TO,0,0,0,A,A,0,No Deposit,435,22,0,Transient-Party,110.14,0,1,Check-Out,2016-06-15
City Hotel,0,117,2016,March,9,1,0,1,1,2,0,0,2,SC,ESP,Online TA,TA/TO,0,0,0,A,A,0,Non Refund,327,0,0,Transient,80.8,0,2,Check-Out,2016-06-15
Resort Hotel,0,220,2016,December,36,9,0,1,1,2,2,0,4,SC,NLD,Online TA,TA/TO,0,0,0,A,C,2,No Deposit,178,0,0,Transient,140.04,0,2,Check-Out,2016-06-15
Resort Hotel,1,207,2017,January,48,17,0,1,1,2,0,0,2,SC,PRT,Online TA,TA/TO,0,0,0,A,A,0,No Deposit,290,22,0,Transient,48.25,0,0,Canceled,2016-06-15
City Hotel,0,381,2016,June,23,23,1,2,3,1,0,0,1,BB,NLD,Groups,TA/TO,0,0,0,A,A,1,Non Refund,142,22,0,Transient,57.71,0,1,Check-Out,2016-06-15
Resort Hotel,1,71,2016,June,10,12,2,1,3,2,0,0,2,BB,NLD,Offline TA/TO,TA/TO,0,0,0,D,D,2,No Deposit,288,0,0,Transient,105.94,0,0,Canceled,2016-06-15
City Hotel,0,177,2016,May,1,28,1,1,2,2,0,0,2,BB,ESP,Online TA,TA/TO,0,0,0,A,A,0,No Deposit,276,22,0,Transient,113.78,0,0,Check-Out,2016-06-15
City Hotel,0,55,2016,September,11,2,2,3,5,2,0,0,2,BB,PRT,Online TA,TA/TO,0,0,0,G,G,0,Non Refund,86,22,0,Transient,41.88,0,1,Check-Out,2016-06-15
City Hotel,1,54,2016,September,49,9,2,1,3,2,0,0,2,BB,DEU,Online TA,TA/TO,0,0,0,G,G,0,No Deposit,288,22,0,Transient,57.57,0,0,Canceled,2016-06-15
Resort Hotel,1,29,2016,October,50,12,1,4,5,3,0,0,3,HB,PRT,Online TA,TA/TO,0,0,0,A,A,1,No Deposit,296,0,0,Transient,100.22,0,0,Canceled,2016-06-15
City Hotel,1,170,2017,May,20,28,1,1,2,1,0,0,1,BB,GBR,Direct,TA/TO,0,0,0,A,A,0,No Deposit,237,0,0,Contract,104.03,0,1,Canceled,2016-06-15
City Hotel,0,425,2016,July,28,25,0,2,2,1,0,0,1,BB,IRL,Direct,Direct,0,0,0,E,E,0,No Deposit,168,22,0,Transient,144.98,0,2,Check-Out,2016-06-15
City Hotel,1,29,2015,October,22,25,1,3,4,2,0,0,2,BB,GBR,Groups,TA/TO,0,0,0,A,A,1,No Deposit,277,0,0,Transient,48.18,0,0,Canceled,2016-06-15
Resort Hotel,0,5,2016,December,20,4,0,1,1,2,0,0,2,BB,FRA,Online TA,TA/TO,0,0,0,D,D,0,No Deposit,419,22,0,Transient-Party,68.26,0,0,Check-Out,2016-06-15
Resort Hotel,0,169,2016,December,47,22,1,5,6,2,0,0,2,BB,ESP,Offline TA/TO,TA/TO,0,0,0,A,A,0,No Deposit,268,0,0,Transient,54.67,0,1,Check-Out,2016-06-15
City Hotel,0,96,2016,August,38,12,2,2,4,1,0,0,1,Undefined,PRT,Direct,TA/TO,0,0,0,A,A,0,No Deposit,36,22,0,Transient,26.37,0,1,Check-Out,2016-06-15
City Hotel,0,321,2016,March,16,18,2,2,4,2,0,0,2,BB,PRT,Online TA,TA/TO,0,0,0,A,A,0,No Deposit,269,22,0,Transient,80.18,0,2,Check-Out,2016-06-15
Resort Hotel,0,29,2016,January,2,3,1,5,6,2,0,0,2,BB,FRA,Offline TA/TO,TA/TO,0,0,0,A,A,0,Non Refund,108,22,30,Transient,112.91,0,0,Check-Out,2016-06-15
City Hotel,0,7,2017,September,25,22,2,5,7,2,0,0,2,BB,FRA,Online TA,TA/TO,0,0,0,A,A,0,No Deposit,433,0,0,Transient,82.79,0,0,Check-Out,2016-06-15
Resort Hotel,0,67,2015,October,27,1,2,3,5,3,0,0,3,BB,GBR,Online TA,TA/TO,0,0,0,F,F,0,No Deposit,51,0,0,Transient,107.72,0,1,Check-Out,2016-06-15
City Hotel,1,8,2017,September,3,23,1,2,3,2,0,0,2,BB,PRT,Online TA,TA/TO,0,0,0,D,D,0,No Deposit,368,22,0,Transient-Party,96.22,0,0,Canceled,2016-06-15
City Hotel,1,30,2016,April,23,18,1,2,3,2,0,0,2,BB,PRT,Offline TA/TO,TA/TO,0,0,0,D,D,1,No Deposit,464,22,0,Transient,61.3,0,0,Canceled,2016-06-15
City Hotel,0,13,2016,August,32,24,0,3,3,2,0,0,2,BB,NLD,Online TA,TA/TO,0,0,0,A,A,0,No Deposit,26,0,0,Contract,72.72,0,1,Check-Out,2016-06-15
City Hotel,0,25,2016,May,17,21,1,1,2,2,0,0,2,BB,ESP,Online TA,TA/TO,0,0,0,A,A,0,No Deposit,247,0,0,Transient,135.67,0,1,Check-Out,2016-06-15
City Hotel,0,11,2017,June,40,23,1,2,3,2,0,0,2,BB,NLD,Offline TA/TO,TA/TO,0,1,0,A,A,0,No Deposit,477,0,0,Transient,127.97,0,0,Check-Out,2016-06-15
City Hotel,0,307,2016,May,20,8,1,3,4,2,0,0,2,BB,NLD,Online TA,TA/TO,0,0,0,A,E,0,No Deposit,492,0,0,Transient,123.72,0,2,Check-Out,2016-06-15
City Hotel,1,32,2017,November,30,19,2,3,5,2,0,0,2,BB,ESP,Online TA,TA/TO,0,0,0,D,D,0,No Deposit,396,22,0,Transient,91.57,0,1,Canceled,2016-06-15
City Hotel,0,58,2017,April,28,22,0,3,3,2,0,0,2,BB,FRA,Online TA,TA/TO,0,0,0,E,E,0,No Deposit,352,22,0,Transient-Party,72.65,0,0,Check-Out,2016-06-15
Resort Hotel,0,228,2017,July,47,28,2,5,7,2,0,0,2,BB,PRT,Online TA,TA/TO,0,0,0,A,D,0,No Deposit,76,22,0,Transient,114.72,1,0,Check-Out,2016-06-15
Resort Hotel,0,113,2015,May,45,25,2,6,8,2,1,0,3,HB,GBR,Online TA,TA/TO,0,0,0,D,D,0,No Deposit,431,0,0,Transient,87.82,0,2,Check-Out,2016-06-15
Resort Hotel,0,96,2017,August,23,4,2,2,4,2,0,0,2,BB,NLD,Direct,TA/TO,0,0,0,E,E,0,No Deposit,299,22,0,Transient-Party,83.72,0,0,Check-Out,2016-06-15
City Hotel,1,122,2017,July,19,26,0,1,1,2,0,0,2,BB,NLD,Groups,TA/TO,0,0,0,A,A,0,No Deposit,188,0,0,Transient,105.38,0,0,Canceled,2016-06-15
City Hotel,0,176,2016,November,25,23,0,4,4,1,0,0,1,HB,ESP,Online TA,TA/TO,0,0,0,A,A,0,No Deposit,463,22,0,Transient,60.68,0,0,Check-Out,2016-06-15
City Hotel,0,210,2017,February,24,16,2,1,3,2,1,0,3,BB,DEU,Corporate,TA/TO,0,0,0,A,A,0,No Deposit,370,0,0,Transient-Party,143.07,0,2,Check-Out,2016-06-15
Resort Hotel,0,102,2017,April,1,17,1,1,2,3,0,0,3,BB,NLD,Online TA,TA/TO,0,0,0,A,A,0,No Deposit,162,22,0,Transient,111.2,0,0,Check-Out,2016-06-15
City Hotel,0,220,2016,September,28,28,2,3,5,2,0,0,2,HB,PRT,Online TA,Corporate,0,0,0,A,A,0,No Deposit,79,22,0,Transient,134.9,0,0,Check-Out,2016-06-15
City Hotel,0,76,2015,May,29,23,4,3,7,2,0,0,2,BB,DEU,Offline TA/TO,TA/TO,0,0,2,B,B,3,No Deposit,415,22,0,Transient,89.14,0,0,Check-Out,2016-06-15
City Hotel,1,32,2016,March,44,9,0,3,3,1,0,0,1,HB,ESP,Direct,TA/TO,0,0,0,A,A,0,No Deposit,483,22,0,Transient,87.93,0,3,Canceled,2016-06-15
City Hotel,0,212,2015,July,50,26,1,2,3,1,0,0,1,HB,PRT,Offline TA/TO,TA/TO,0,0,0,G,G,1,No Deposit,407,0,0,Transient,86.35,0,0,Check-Out,2016-06-15
City Hotel,1,77,2016,August,50,8,0,5,5,2,1,0,3,BB,NLD,Groups,TA/TO,0,0,0,A,A,0,No Deposit,244,22,0,Contract,67.6,0,0,Canceled,2016-06-15
Resort Hotel,0,236,2016,January,35,20,2,4,6,2,0,0,2,BB,PRT,Online TA,TA/TO,0,0,0,A,A,0,No Deposit,28,22,0,Transient,73.15,0,1,Check-Out,2016-06-15
City Hotel,0,4,2016,April,50,19,0,3,3,2,1,0,3,BB,PRT,Online TA,TA/TO,0,0,3,C,F,0,No Deposit,42,0,0,Transient,79.28,0,0,Check-Out,2016-06-15
Resort Hotel,1,50,2016,September,17,7,0,2,2,2,0,0,2,BB,FRA,Offline TA/TO,TA/TO,0,0,0,B,B,0,No Deposit,191,22,0,Transient,141.86,0,0,Canceled,2016-06-15
City Hotel,1,295,2017,July,11,12,0,2,2,2,0,0,2,SC,PRT,Online TA,TA/TO,0,0,0,A,A,0,No Deposit,444,0,0,Transient-Party,103.44,0,1,Canceled,2016-06-15
City Hotel,0,28,2016,January,37,1,2,1,3,2,0,0,2,BB,GBR,Online TA,TA/TO,0,0,0,D,D,0,No Deposit,310,0,0,Transient,66.65,0,0,Check-Out,2016-06-15
City Hotel,0,283,2017,April,7,24,1,4,5,1,0,0,1,BB,PRT,Direct,TA/TO,0,0,0,A,C,0,Non Refund,155,0,0,Transient,106.82,0,0,Check-Out,2016-06-15
Resort Hotel,0,307,2015,August,26,28,0,5,5,2,0,0,2,BB,FRA,Online TA,Corporate,0,0,0,A,A,2,No Deposit,116,22,0,Contract,96.07,0,1,Check-Out,2016-06-15
City Hotel,0,213,2017,March,23,17,0,4,4,1,0,0,1,BB,GBR,Online TA,TA/TO,0,0,0,A,A,0,No Deposit,236,0,0,Transient,99.34,0,0,Check-Out,2016-06-15
City Hotel,1,82,2017,September,18,23,0,2,2,2,0,0,2,HB,NLD,Online TA,Direct,0,0,0,A,A,3,No Deposit,304,0,0,Transient,28.72,0,0,Canceled,2016-06-15
Resort Hotel,0,104,2016,August,29,6,2,4,6,2,0,0,2,BB,BEL,Offline TA/TO,TA/TO,0,0,0,A,B,0,No Deposit,196,22,0,Transient-Party,93.43,0,0,Check-Out,2016-06-15
City Hotel,1,203,2016,June,39,26,0,4,4,1,0,0,1,BB,NLD,Online TA,TA/TO,0,0,0,A,A,0,No Deposit,171,22,0,Transient-Party,134.52,0,0,Canceled,2016-06-15
City Hotel,1,149,2016,November,50,24,1,4,5,1,1,0,2,BB,NLD,Online TA,TA/TO,0,0,0,A,A,0,No Deposit,130,0,0,Transient,115.91,0,1,Canceled,2016-06-15
City Hotel,1,99,2017,May,34,22,1,7,8,2,0,0,2,BB,NLD,Direct,TA/TO,0,0,0,D,D,0,No Deposit,462,0,0,Transient,81.55,0,0,Canceled,2016-06-15
City Hotel,0,403,2017,April,38,5,2,4,6,1,0,0,1,BB,NLD,Online TA,TA/TO,0,0,0,E,E,0,No Deposit,202,0,0,Transient,154.45,1,0,Check-Out,2016-06-15
Resort Hotel,0,115,2016,August,8,25,0,2,2,2,0,0,2,BB,PRT,Offline TA/TO,TA/TO,1,0,0,A,A,1,No Deposit,404,0,0,Transient,90.39,0,0,Check-Out,2016-06-15
City Hotel,1,370,2016,July,21,20,1,4,5,1,0,0,1,BB,GBR,Online TA,Corporate,0,0,0,F,B,0,No Deposit,182,22,0,Transient,111.66,0,0,Canceled,2016-06-15
Resort Hotel,0,5,2015,May,21,7,0,2,2,2,2,0,4,BB,NLD,Online TA,TA/TO,0,0,0,E,E,0,No Deposit,471,0,0,Transient,85.78,0,1,Check-Out,2016-06-15
City Hotel,0,14,2016,May,49,22,1,2,3,2,0,0,2,HB,PRT,Direct,TA/TO,0,0,0,D,D,0,No Deposit,387,22,0,Transient,54.58,0,0,Check-Out,2016-06-15
City Hotel,1,60,2017,May,36,26,1,4,5,2,0,0,2,BB,PRT,Groups,TA/TO,0,0,0,D,D,0,Refundable,20,0,0,Transient,120.4,0,0,Canceled,2016-06-15
City Hotel,0,48,2015,April,17,22,1,2,3,2,0,0,2,BB,DEU,Offline TA/TO,TA/TO,0,0,1,A,A,0,No Deposit,360,0,10,Transient,140.44,0,0,Check-Out,2016-06-15
Resort Hotel,1,152,2017,August,16,27,2,1,3,2,0,0,2,BB,NLD,Online TA,TA/TO,0,1,0,A,A,2,No Deposit,407,22,10,Transient-Party,94.72,0,0,Canceled,2016-06-15
City Hotel,0,17,2017,August,15,12,1,3,4,2,0,0,2,HB,NLD,Online TA,TA/TO,0,0,0,A,E,0,Non Refund,187,0,30,Transient-Party,63.39,0,1,Check-Out,2016-06-15
City Hotel,0,373,2017,June,15,5,0,5,5,2,0,0,2,BB,NLD,Online TA,TA/TO,0,0,0,A,G,0,No Deposit,195,0,0,Transient,105.91,0,0,Check-Out,2016-06-15
City Hotel,0,37,2015,May,40,2,2,5,7,1,0,0,1,SC,GBR,Offline TA/TO,TA/TO,0,0,0,D,D,0,No Deposit,130,0,0,Transient,84.04,0,2,Check-Out,2016-06-15
City Hotel,1,56,2016,May,17,4,1,4,5,2,2,0,4,BB,ESP,Online TA,Direct,0,0,0,A,A,0,No Deposit,494,22,0,Transient,113.92,0,2,Canceled,2016-06-15
City Hotel,0,32,2015,April,51,17,1,6,7,2,0,0,2,BB,NLD,Online TA,TA/TO,0,0,0,A,A,0,No Deposit,289,0,0,Transient,74.82,0,0,Check-Out,2016-06-15
City Hotel,1,86,2017,February,1,25,4,4,8,2,0,0,2,BB,NLD,Online TA,TA/TO,0,0,0,A,A,0,No Deposit,177,22,0,Transient,91.71,0,0,Canceled,2016-06-15
City Hotel,1,6,2016,April,13,25,2,1,3,2,0,0,2,BB,ESP,Direct,TA/TO,0,0,0,G,G,0,No Deposit,365,0,0,Transient,138.51,1,1,Canceled,2016-06-15
Resort Hotel,1,16,2015,May,38,8,2,2,4,2,0,0,2,BB,NLD,Online TA,Direct,0,0,0,A,A,0,No Deposit,240,0,0,Transient-Party,91.17,0,2,Canceled,2016-06-15
Resort Hotel,1,136,2017,July,10,20,1,2,3,2,2,0,4,HB,PRT,Direct,TA/TO,0,0,0,A,A,0,Non Refund,149,0,0,Transient,107.42,0,2,Canceled,2016-06-15
City Hotel,1,20,2016,September,33,5,0,1,1,2,0,0,2,BB,NLD,Offline TA/TO,TA/TO,0,0,0,A,A,0,No Deposit,318,0,0,Transient,105.63,0,0,Canceled,2016-06-15
City Hotel,0,26,2015,May,26,17,4,4,8,2,0,0,2,BB,NLD,Online TA,TA/TO,1,0,0,A,A,1,No Deposit,486,22,0,Transient,174.11,0,0,Check-Out,2016-06-15
City Hotel,0,157,2016,November,12,20,0,2,2,2,0,0,2,HB,PRT,Offline TA/TO,TA/TO,0,0,0,D,D,1,No Deposit,281,22,0,Transient-Party,120.41,0,1,Check-Out,2016-06-15
City Hotel,1,9,2015,September,19,4,2,4,6,2,0,0,2,BB,GBR,Online TA,Direct,0,0,0,A,A,0,No Deposit,442,22,0,Transient,84.9,0,1,Canceled,2016-06-15
Resort Hotel,0,57,2016,December,15,21,2,3,5,2,0,0,2,SC,NLD,Direct,Corporate,0,0,0,A,A,0,Non Refund,144,0,0,Transient,106.81,0,0,Check-Out,2016-06-15
City Hotel,1,2,2016,October,5,18,2,3,5,2,0,0,2,HB,FRA,Offline TA/TO,TA/TO,0,0,0,A,A,0,No Deposit,157,0,0,Transient-Party,79.16,0,0,Canceled,2016-06-15
Resort Hotel,0,42,2017,July,2,18,0,2,2,2,0,0,2,BB,PRT,Online TA,Direct,0,0,0,A,A,0,No Deposit,382,22,0,Transient,184.91,0,0,Check-Out,2016-06-15
Resort Hotel,0,120,2017,July,51,28,2,4,6,2,0,0,2,BB,NLD,Groups,TA/TO,0,1,0,A,A,0,No Deposit,279,22,0,Transient,66.02,0,2,Check-Out,2016-06-15
City Hotel,0,9,2016,February,14,18,1,3,4,2,0,0,2,HB,GBR,Online TA,TA/TO,0,0,3,D,D,0,Non Refund,481,0,5,Transient,87.16,0,0,Check-Out,2016-06-15
Resort Hotel,0,219,2017,August,29,16,1,2,3,2,0,0,2,BB,FRA,Online TA,TA/TO,0,0,0,A,A,0,Non Refund,498,0,0,Transient,102.55,0,1,Check-Out,2016-06-15
City Hotel,0,240,2016,July,41,11,2,7,9,2,0,0,2,SC,DEU,Online TA,TA/TO,0,0,0,A,A,0,No Deposit,343,0,0,Contract,64.27,0,2,Check-Out,2016-06-15
Resort Hotel,0,11,2016,July,1,8,1,2,3,2,0,0,2,SC,NLD,Corporate,TA/TO,0,2,0,A,A,1,No Deposit,125,0,0,Transient,119.85,0,0,Check-Out,2016-06-15
City Hotel,0,468,2017,August,13,12,0,2,2,2,0,0,2,BB,NLD,Groups,Direct,0,0,0,A,A,3,No Deposit,464,0,0,Transient-Party,77.77,0,0,Check-Out,2016-06-15
City Hotel,0,35,2016,June,49,18,1,3,4,2,0,0,2,BB,DEU,Direct,TA/TO,0,0,0,A,C,0,No Deposit,461,0,0,Transient-Party,75.7,0,0,Check-Out,2016-06-15
Resort Hotel,1,8,2016,July,32,22,0,1,1,2,0,0,2,BB,NLD,Online TA,TA/TO,0,0,0,A,A,0,No Deposit,321,22,0,Transient-Party,135.48,0,1,Canceled,2016-06-15
City Hotel,1,0,2016,May,34,18,1,4,5,2,0,0,2,SC,PRT,Offline TA/TO,TA/TO,1,0,0,A,A,1,Non Refund,15,22,0,Transient,80.6,0,0,Canceled,2016-06-15
City Hotel,0,52,2016,August,14,8,1,3,4,2,0,0,2,BB,NLD,Online TA,TA/TO,0,0,0,A,A,0,No Deposit,61,0,0,Transient,107.53,0,1,Check-Out,2016-06-15
City Hotel,0,99,2016,October,52,16,1,5,6,2,0,0,2,FB,PRT,Online TA,TA/TO,0,0,0,D,D,0,No Deposit,34,22,0,Transient-Party,110.1,0,0,Check-Out,2016-06-15
Resort Hotel,0,40,2017,October,38,17,0,2,2,3,0,0,3,BB,NLD,Online TA,Direct,0,0,0,A,A,1,No Deposit,118,0,0,Transient-Party,128.49,0,3,Check-Out,2016-06-15
City Hotel,1,181,2015,September,38,2,0,5,5,1,0,0,1,BB,PRT,Direct,TA/TO,0,0,0,D,D,0,No Deposit,289,0,0,Transient,127.44,0,2,Canceled,2016-06-15
City Hotel,1,126,2017,January,50,21,1,2,3,2,0,0,2,BB,IRL,Online TA,TA/TO,0,0,0,A,A,0,No Deposit,218,0,0,Transient-Party,30.28,0,0,Canceled,2016-06-15
City Hotel,1,43,2016,November,51,22,1,1,2,2,0,0,2,HB,NLD,Online TA,Corporate,0,0,0,A,A,0,No Deposit,21,0,0,Transient-Party,79.38,0,1,Canceled,2016-06-15
City Hotel,1,132,2015,April,41,15,1,1,2,2,0,0,2,BB,GBR,Online TA,TA/TO,0,0,0,E,E,1,No Deposit,144,22,0,Transient,93.77,0,3,Canceled,2016-06-15
City Hotel,0,282,2016,October,15,25,2,1,3,2,0,0,2,BB,PRT,Groups,TA/TO,0,0,0,D,D,0,No Deposit,146,22,0,Transient,140.25,1,3,Check-Out,2016-06-15
City Hotel,0,9,2016,March,39,22,1,4,5,2,0,0,2,BB,GBR,Offline TA/TO,TA/TO,0,0,0,A,A,0,No Deposit,11,0,0,Transient-Party,67.54,0,0,Check-Out,2016-06-15
City Hotel,0,36,2017,June,6,24,2,1,3,2,0,0,2,FB,PRT,Direct,TA/TO,0,0,0,A,A,0,No Deposit,269,0,0,Transient-Party,87.46,0,0,Check-Out,2016-06-15
City Hotel,1,62,2016,September,29,28,0,3,3,2,0,0,2,BB,DEU,Direct,TA/TO,0,0,0,A,A,0,No Deposit,268,22,0,Transient,102.54,0,0,Canceled,2016-06-15
City Hotel,1,68,2016,August,37,7,0,3,3,1,0,0,1,BB,IRL,Offline TA/TO,Direct,0,0,0,A,A,0,No Deposit,224,22,0,Transient,90.3,0,1,Canceled,2016-06-15
City Hotel,0,78,2016,June,19,1,0,4,4,3,0,0,3,BB,PRT,Online TA,TA/TO,0,0,0,E,E,0,No Deposit,31,22,0,Contract,126.12,0,0,Check-Out,2016-06-15
City Hotel,0,35,2016,August,52,2,0,4,4,2,0,0,2,BB,DEU,Groups,TA/TO,0,0,0,A,A,1,No Deposit,15,0,0,Transient,87.78,0,1,Check-Out,2016-06-15
City Hotel,0,110,2016,July,1,4,2,3,5,2,0,0,2,HB,PRT,Online TA,TA/TO,0,0,0,D,D,0,Non Refund,176,22,0,Transient,74.05,0,0,Check-Out,2016-06-15
Resort Hotel,0,103,2016,April,21,16,4,1,5,2,2,0,4,SC,PRT,Groups,Direct,0,0,0,A,A,0,No Deposit,379,0,0,Transient,96.23,0,0,Check-Out,2016-06-15
City Hotel,0,86,2016,August,39,12,2,2,4,2,0,0,2,BB,GBR,Online TA,TA/TO,0,0,0,D,D,0,No Deposit,481,22,0,Transient,161.88,0,1,Check-Out,2016-06-15
City Hotel,0,12,2016,March,18,17,1,2,3,2,0,0,2,BB,FRA,Online TA,TA/TO,0,0,0,A,A,0,No Deposit,307,0,0,Transient,103.18,0,0,Check-Out,2016-06-15
City Hotel,1,64,2017,August,27,24,0,4,4,3,0,0,3,FB,PRT,Offline TA/TO,TA/TO,0,0,0,C,C,1,No Deposit,143,0,0,Transient-Party,154.39,0,0,Canceled,2016-06-15
City Hotel,0,44,2016,January,28,4,2,3,5,2,0,0,2,BB,ESP,Online TA,Direct,0,0,0,D,D,0,No Deposit,360,0,0,Transient-Party,116.3,0,0,Check-Out,2016-06-15
City Hotel,1,67,2017,July,8,16,1,1,2,2,0,0,2,BB,NLD,Online TA,TA/TO,0,0,0,A,A,0,No Deposit,6,22,0,Transient-Party,97.33,0,0,Canceled,2016-06-15
City Hotel,1,254,2015,June,31,7,2,3,5,2,0,0,2,SC,GBR,Direct,TA/TO,0,0,0,C,C,0,No Deposit,17,22,0,Transient,139.19,0,0,Canceled,2016-06-15
Resort Hotel,1,65,2015,May,12,23,0,1,1,2,0,0,2,BB,BRA,Corporate,TA/TO,0,0,0,A,A,1,Refundable,284,0,0,Transient,128.55,0,3,Canceled,2016-06-15
City Hotel,1,1,2016,July,42,8,0,4,4,2,0,0,2,BB,PRT,Online TA,Direct,0,0,0,A,A,2,No Deposit,83,22,0,Transient-Party,114.05,0,0,Canceled,2016-06-15
City Hotel,1,57,2015,August,6,25,4,4,8,2,0,0,2,HB,FRA,Groups,TA/TO,0,0,0,A,A,1,No Deposit,229,22,0,Transient-Party,112.28,0,1,Canceled,2016-06-15
City Hotel,1,171,2016,December,26,9,3,2,5,2,0,0,2,BB,NLD,Online TA,TA/TO,0,0,0,A,A,0,No Deposit,444,0,0,Transient,122.95,0,0,Canceled,2016-06-15
Resort Hotel,0,151,2016,October,16,14,2,4,6,2,0,0,2,BB,ITA,Offline TA/TO,TA/TO,0,0,0,A,A,0,No Deposit,216,0,0,Transient-Party,101.9,0,0,Check-Out,2016-06-15
City Hotel,0,72,2016,August,30,23,1,5,6,2,0,0,2,BB,NLD,Offline TA/TO,TA/TO,0,0,0,A,D,1,No Deposit,459,0,0,Transient-Party,135.22,0,0,Check-Out,2016-06-15
Resort Hotel,0,28,2017,June,19,9,2,1,3,2,0,0,2,BB,BEL,Offline TA/TO,TA/TO,0,0,0,D,D,0,No Deposit,210,0,0,Transient-Party,78.29,1,0,Check-Out,2016-06-15
Resort Hotel,1,62,2017,May,18,15,0,2,2,2,0,0,2,HB,PRT,Online TA,TA/TO,0,0,0,A,A,0,No Deposit,222,22,0,Transient-Party,90.55,0,0,Canceled,2016-06-15
Resort Hotel,0,82,2017,January,24,21,0,2,2,2,0,0,2,BB,PRT,Direct,TA/TO,0,0,0,A,A,0,No Deposit,495,22,0,Transient-Party,69.87,0,2,Check-Out,2016-06-15
Resort Hotel,0,700,2015,May,45,26,1,2,3,2,0,0,2,BB,NLD,Online TA,TA/TO,0,0,0,A,A,1,No Deposit,2,0,0,Transient,168.26,0,1,Check-Out,2016-06-15
City Hotel,0,103,2016,October,20,4,2,2,4,1,0,0,1,BB,FRA,Offline TA/TO,TA/TO,0,0,0,A,A,0,No Deposit,144,22,0,Transient,33.22,0,0,Check-Out,2016-06-15
City Hotel,0,118,2016,May,7,3,0,2,2,2,0,0,2,BB,BEL,Online TA,TA/TO,0,2,0,A,A,0,No Deposit,456,0,0,Transient,95.7,0,0,Check-Out,2016-06-15
City Hotel,0,67,2015,June,7,22,1,1,2,2,0,0,2,BB,ITA,Offline TA/TO,TA/TO,0,0,3,A,A,3,No Deposit,273,0,0,Transient,76.94,0,0,Check-Out,2016-06-15
City Hotel,0,43,2016,April,16,10,1,1,2,2,0,0,2,BB,PRT,Online TA,TA/TO,0,0,0,C,C,0,No Deposit,460,22,0,Contract,88.25,0,0,Check-Out,2016-06-15
City Hotel,1,167,2016,April,42,27,1,3,4,2,0,0,2,BB,FRA,Online TA,TA/TO,0,0,0,D,D,0,No Deposit,242,0,0,Transient,34.7,0,2,Canceled,2016-06-15
City Hotel,0,68,2016,February,47,25,0,2,2,2,2,0,4,BB,FRA,Online TA,Direct,0,0,0,A,D,1,No Deposit,463,22,0,Transient-Party,77.04,0,1,Check-Out,2016-06-15
City Hotel,0,523,2017,July,14,4,0,1,1,2,0,0,2,SC,NLD,Online TA,Corporate,0,0,0,A,A,1,Non Refund,379,0,0,Transient,118.17,0,0,Check-Out,2016-06-15
City Hotel,0,61,2017,June,12,18,2,2,4,2,0,0,2,BB,NLD,Online TA,TA/TO,0,0,0,A,A,0,No Deposit,237,22,0,Transient,63.98,0,0,Check-Out,2016-06-15
City Hotel,0,7,2015,July,29,11,1,2,3,2,0,0,2,BB,PRT,Groups,TA/TO,1,0,0,A,A,0,No Deposit,126,0,0,Transient,150.13,0,1,Check-Out,2016-06-15
City Hotel,1,114,2016,July,15,19,2,3,5,3,1,0,4,BB,PRT,Groups,GDS,0,0,0,D,D,0,No Deposit,251,0,0,Transient,73.0,0,0,Canceled,2016-06-15
Resort Hotel,0,4,2017,September,8,19,0,1,1,2,0,0,2,BB,FRA,Direct,TA/TO,0,0,0,F,F,0,No Deposit,392,22,0,Transient,44.72,0,0,Check-Out,2016-06-15
City Hotel,0,28,2016,September,39,18,0,7,7,2,0,0,2,BB,PRT,Corporate,TA/TO,0,0,0,F,F,1,No Deposit,145,0,0,Transient,157.97,0,0,Check-Out,2016-06-15
Resort Hotel,0,43,2016,September,9,13,0,2,2,1,0,0,1,BB,GBR,Online TA,TA/TO,0,0,0,A,A,0,No Deposit,343,0,0,Transient-Party,119.63,0,2,Check-Out,2016-06-15
City Hotel,1,134,2016,June,46,25,0,3,3,2,0,0,2,FB,PRT,Online TA,TA/TO,0,0,0,C,C,0,No Deposit,335,22,0,Transient,124.15,0,0,Canceled,2016-06-15
City Hotel,0,68,2016,May,28,4,0,5,5,2,0,0,2,BB,PRT,Offline TA/TO,TA/TO,0,0,0,A,A,2,No Deposit,118,0,0,Contract,180.16,0,0,Check-Out,2016-06-15
City Hotel,0,2,2015,November,27,3,0,1,1,2,1,0,3,BB,PRT,Direct,TA/TO,0,0,0,A,A,0,No Deposit,114,0,0,Transient-Party,49.08,0,2,Check-Out,2016-06-15
Resort Hotel,0,95,2017,January,7,16,1,3,4,4,2,0,6,BB,PRT,Online TA,TA/TO,0,0,0,A,A,0,No Deposit,84,0,0,Transient,146.01,0,0,Check-Out,2016-06-15
City Hotel,0,53,2015,March,44,14,2,2,4,1,0,0,1,BB,PRT,Offline TA/TO,TA/TO,0,0,0,A,A,0,Non Refund,101,0,0,Transient,35.33,0,0,Check-Out,2016-06-15
Resort Hotel,1,254,2016,June,14,10,2,1,3,2,0,0,2,BB,NLD,Corporate,TA/TO,0,2,0,A,A,0,No Deposit,458,22,0,Transient,57.15,0,0,Canceled,2016-06-15
City Hotel,0,69,2015,July,11,6,2,3,5,1,0,0,1,BB,PRT,Online TA,TA/TO,0,0,0,A,A,0,No Deposit,71,0,0,Transient,135.47,0,0,Check-Out,2016-06-15
Resort Hotel,1,123,2017,January,32,8,1,1,2,2,0,0,2,BB,NLD,Offline TA/TO,TA/TO,0,2,0,A,A,0,No Deposit,260,22,0,Transient,108.83,0,0,Canceled,2016-06-15
Resort Hotel,0,24,2015,August,51,27,0,3,3,1,0,0,1,BB,BEL,Groups,TA/TO,0,0,0,F,F,0,No Deposit,141,22,0,Transient,16.14,0,0,Check-Out,2016-06-15
City Hotel,1,143,2016,July,28,24,0,2,2,2,0,0,2,BB,PRT,Online TA,TA/TO,0,1,0,F,F,0,No Deposit,344,0,0,Transient-Party,77.19,0,1,Canceled,2016-06-15
City Hotel,0,127,2016,June,6,16,0,4,4,1,0,0,1,BB,NLD,Groups,TA/TO,0,0,0,A,A,0,No Deposit,380,22,0,Transient,65.83,0,0,Check-Out,2016-06-15
Resort Hotel,1,234,2016,June,35,10,2,6,8,2,0,0,2,BB,DEU,Online TA,TA/TO,0,0,0,F,F,1,No Deposit,416,0,0,Transient,123.01,0,0,Canceled,2016-06-15
Resort Hotel,0,3,2016,July,6,22,0,5,5,2,2,0,4,SC,PRT,Online TA,Corporate,0,0,0,A,A,0,No Deposit,66,22,0,Transient,111.54,0,0,Check-Out,2016-06-15
City Hotel,0,59,2016,March,24,21,0,2,2,2,0,0,2,BB,PRT,Online TA,TA/TO,0,0,0,D,D,0,No Deposit,149,22,0,Transient,116.65,0,0,Check-Out,2016-06-15
City Hotel,0,113,2017,February,9,27,0,1,1,2,0,0,2,BB,GBR,Corporate,TA/TO,0,0,0,F,F,0,No Deposit,227,22,0,Transient,61.43,0,0,Check-Out,2016-06-15
City Hotel,0,10,2017,April,2,7,3,7,10,1,1,0,2,BB,NLD,Online TA,TA/TO,0,0,0,A,A,0,No Deposit,136,22,0,Transient,81.02,0,0,Check-Out,2016-06-15
Resort Hotel,0,52,2016,August,38,19,2,3,5,2,0,0,2,Undefined,PRT,Direct,TA/TO,0,0,0,A,A,0,No Deposit,152,0,0,Transient,115.39,0,0,Check-Out,2016-06-15
City Hotel,1,284,2015,July,14,28,0,2,2,2,2,1,5,BB,GBR,Direct,TA/TO,0,0,0,A,A,1,No Deposit,166,22,0,Transient,105.95,0,2,Canceled,2016-06-15
Resort Hotel,0,57,2015,June,51,26,0,2,2,3,0,0,3,BB,ESP,Groups,TA/TO,0,0,0,A,A,0,No Deposit,102,22,0,Transient,135.05,0,0,Check-Out,2016-06-15
Resort Hotel,1,422,2017,July,31,18,0,1,1,2,0,0,2,BB,GBR,Online TA,Direct,0,0,0,A,A,0,No Deposit,378,22,0,Transient,62.41,0,2,Canceled,2016-06-15
City Hotel,1,5,2016,July,30,13,0,2,2,2,0,0,2,HB,IRL,Online TA,TA/TO,0,0,0,D,F,2,No Deposit,201,0,10,Transient,53.62,1,1,Canceled,2016-06-15
City Hotel,1,126,2017,May,27,8,0,1,1,2,0,0,2,BB,ITA,Offline TA/TO,TA/TO,0,0,2,A,A,0,No Deposit,245,22,0,Transient,108.57,0,0,Canceled,2016-06-15
Resort Hotel,0,86,2016,February,36,27,0,2,2,2,0,0,2,HB,PRT,Online TA,TA/TO,0,0,0,A,G,0,No Deposit,464,22,0,Transient,151.61,0,0,Check-Out,2016-06-15
Resort Hotel,1,69,2017,October,46,28,1,2,3,1,0,0,1,BB,GBR,Online TA,Direct,0,0,0,A,A,0,No Deposit,364,0,0,Transient-Party,42.24,0,1,Canceled,2016-06-15
Resort Hotel,1,353,2017,July,31,14,0,6,6,2,2,0,4,BB,NLD,Groups,TA/TO,0,0,0,A,A,0,No Deposit,144,22,0,Transient,61.08,0,0,Canceled,2016-06-15
City Hotel,1,13,2017,August,42,9,3,3,6,2,0,0,2,BB,DEU,Online TA,Direct,0,0,0,E,E,0,No Deposit,362,0,0,Transient-Party,81.57,0,0,Canceled,2016-06-15
City Hotel,0,226,2016,June,6,12,0,2,2,2,0,0,2,BB,FRA,Groups,TA/TO,0,0,0,A,A,0,No Deposit,196,22,0,Transient,95.65,0,2,Check-Out,2016-06-15
Resort Hotel,1,117,2016,September,43,6,2,1,3,2,2,0,4,BB,BEL,Offline TA/TO,TA/TO,0,0,0,A,A,0,No Deposit,371,22,0,Transient,133.21,0,2,Canceled,2016-06-15
Resort Hotel,1,29,2016,July,45,20,2,3,5,2,0,0,2,BB,ITA,Offline TA/TO,TA/TO,0,1,0,A,A,0,No Deposit,172,22,0,Transient,61.32,0,1,Canceled,2016-06-15
City Hotel,0,231,2016,January,18,22,2,2,4,1,0,0,1,SC,NLD,Offline TA/TO,TA/TO,0,0,0,A,A,1,No Deposit,466,22,0,Transient-Party,89.1,0,2,Check-Out,2016-06-15
City Hotel,1,56,2016,October,52,28,2,1,3,1,0,0,1,BB,PRT,Offline TA/TO,TA/TO,0,0,0,A,A,0,No Deposit,221,22,0,Transient-Party,75.03,0,1,Canceled,2016-06-15
City Hotel,1,168,2015,May,14,23,1,3,4,2,0,0,2,BB,ESP,Offline TA/TO,TA/TO,0,0,0,A,A,1,Non Refund,175,0,30,Transient,121.34,0,2,Canceled,2016-06-15
Resort Hotel,0,49,2016,March,20,12,1,2,3,2,0,0,2,HB,ITA,Groups,Direct,0,0,0,A,C,0,No Deposit,314,0,0,Transient,112.0,0,1,Check-Out,2016-06-15
Resort Hotel,0,190,2016,February,52,24,0,2,2,2,0,0,2,SC,ITA,Online TA,TA/TO,0,0,0,A,A,0,Non Refund,441,0,0,Transient,136.63,1,0,Check-Out,2016-06-15
City Hotel,0,101,2016,August,11,19,0,4,4,2,0,0,2,BB,NLD,Groups,TA/TO,0,0,0,A,A,0,No Deposit,217,22,0,Group,124.41,0,0,Check-Out,2016-06-15
City Hotel,0,15,2016,August,37,12,0,1,1,2,0,0,2,BB,GBR,Online TA,TA/TO,0,0,0,D,D,1,No Deposit,328,22,0,Transient,138.23,0,0,Check-Out,2016-06-15
Resort Hotel,1,104,2016,August,40,22,0,2,2,1,0,0,1,BB,NLD,Groups,TA/TO,0,0,0,A,A,0,Non Refund,95,0,0,Transient,85.59,0,0,Canceled,2016-06-15
City Hotel,0,21,2016,November,4,26,0,2,2,2,0,0,2,BB,NLD,Online TA,TA/TO,0,0,0,A,A,0,No Deposit,192,0,0,Transient,153.36,0,3,Check-Out,2016-06-15
Resort Hotel,1,53,2017,May,44,22,0,1,1,1,0,0,1,BB,PRT,Groups,TA/TO,0,0,0,E,E,0,No Deposit,92,0,0,Transient-Party,41.61,0,0,Canceled,2016-06-15
City Hotel,1,18,2016,July,6,26,2,4,6,2,0,0,2,BB,PRT,Online TA,Corporate,0,0,0,A,A,0,No Deposit,4,22,5,Transient,149.24,0,0,Canceled,2016-06-15
Resort Hotel,1,2,2016,July,23,7,2,4,6,1,0,0,1,BB,NLD,Online TA,Direct,0,0,0,D,D,0,No Deposit,190,0,0,Transient,68.14,0,0,Canceled,2016-06-15
Resort Hotel,1,23,2015,December,8,15,1,3,4,2,0,0,2,BB,PRT,Corporate,TA/TO,0,0,0,A,A,0,No Deposit,190,22,0,Transient,140.94,0,0,Canceled,2016-06-15
City Hotel,0,76,2016,May,30,16,0,5,5,1,1,0,2,BB,GBR,Offline TA/TO,TA/TO,0,1,0,A,A,0,No Deposit,170,22,0,Transient,136.58,0,1,Check-Out,2016-06-15
City Hotel,0,65,2016,November,36,4,0,2,2,2,0,0,2,BB,DEU,Offline TA/TO,TA/TO,0,0,0,A,A,0,No Deposit,372,0,0,Transient,84.31,0,0,Check-Out,2016-06-15
City Hotel,0,69,2017,March,52,6,0,1,1,2,0,0,2,BB,PRT,Online TA,TA/TO,0,1,0,A,A,0,No Deposit,324,0,0,Transient-Party,88.51,0,0,Check-Out,2016-06-15
City Hotel,1,28,2016,September,42,16,1,1,2,2,0,0,2,BB,ITA,Offline TA/TO,TA/TO,0,0,0,A,A,0,No Deposit,320,22,0,Transient,59.65,0,0,Canceled,2016-06-15
Resort Hotel,1,115,2016,August,11,15,3,3,6,2,0,0,2,BB,PRT,Groups,TA/TO,0,0,0,A,A,0,No Deposit,238,0,0,Transient,64.8,0,0,Canceled,2016-06-15
City Hotel,0,121,2016,September,47,2,0,2,2,2,0,0,2,BB,FRA,Online TA,TA/TO,0,0,0,E,E,0,No Deposit,374,0,0,Transient-Party,109.23,1,0,Check-Out,2016-06-15
Resort Hotel,1,44,2016,January,5,24,1,4,5,1,0,0,1,BB,ESP,Offline TA/TO,Direct,0,1,0,A,A,0,No Deposit,228,22,0,Transient,47.51,1,0,Canceled,2016-06-15
City Hotel,0,213,2017,February,3,3,1,2,3,2,0,0,2,BB,NLD,Groups,TA/TO,0,0,0,A,A,0,No Deposit,397,0,0,Transient,150.38,0,0,Check-Out,2016-06-15
City Hotel,0,103,2016,February,15,15,0,1,1,2,0,0,2,BB,NLD,Online TA,TA/TO,0,0,0,C,C,0,No Deposit,169,0,0,Transient,117.35,0,0,Check-Out,2016-06-15
City Hotel,1,124,2017,July,2,25,3,4,7,1,0,0,1,BB,ITA,Online TA,TA/TO,0,0,0,A,A,0,Non Refund,157,22,0,Transient,103.91,0,0,Canceled,2016-06-15
Resort Hotel,0,32,2016,July,2,8,0,2,2,2,0,0,2,BB,PRT,Online TA,TA/TO,0,0,0,D,D,0,No Deposit,358,0,0,Contract,83.61,0,1,Check-Out,2016-06-15
City Hotel,0,0,2017,October,8,12,2,6,8,2,0,0,2,BB,FRA,Online TA,TA/TO,0,0,0,F,F,0,No Deposit,58,22,0,Transient,149.78,0,0,Check-Out,2016-06-15
City Hotel,1,200,2015,June,46,22,1,2,3,2,0,0,2,BB,ESP,Online TA,TA/TO,0,0,0,A,A,0,No Deposit,427,22,0,Transient,122.72,0,0,Canceled,2016-06-15
City Hotel,1,172,2016,February,30,26,0,1,1,2,0,0,2,HB,PRT,Online TA,TA/TO,0,0,0,A,A,0,No Deposit,353,22,0,Transient,75.96,0,0,Canceled,2016-06-15
Resort Hotel,0,13,2017,March,41,2,0,5,5,2,1,0,3,BB,NLD,Groups,TA/TO,1,0,0,A,B,0,No Deposit,368,22,0,Transient,88.54,1,0,Check-Out,2016-06-15
Resort Hotel,0,46,2016,January,5,15,0,5,5,1,0,0,1,BB,PRT,Online TA,Direct,0,0,0,A,A,0,Non Refund,322,0,0,Transient,133.05,0,2,Check-Out,2016-06-15
City Hotel,0,108,2015,September,30,8,0,2,2,2,0,0,2,BB,NLD,Direct,TA/TO,0,0,1,A,A,3,No Deposit,372,22,0,Transient,107.56,0,0,Check-Out,2016-06-15
City Hotel,1,105,2016,September,44,27,2,1,3,1,0,0,1,HB,GBR,Offline TA/TO,TA/TO,0,0,0,D,D,0,No Deposit,195,0,0,Transient,80.79,0,0,Canceled,2016-06-15
Resort Hotel,0,196,2016,December,10,22,2,1,3,2,0,0,2,BB,NLD,Online TA,Corporate,0,0,0,A,A,0,No Deposit,232,22,0,Transient,125.39,0,2,Check-Out,2016-06-15
City Hotel,1,15,2016,June,33,11,1,2,3,2,0,0,2,BB,ESP,Online TA,TA/TO,0,0,0,D,A,0,No Deposit,83,0,0,Transient,121.06,0,0,Canceled,2016-06-15
City Hotel,1,56,2016,January,24,17,1,3,4,2,2,0,4,HB,BEL,Online TA,TA/TO,0,0,0,D,D,0,No Deposit,107,0,0,Transient,106.02,0,0,Canceled,2016-06-15
City Hotel,1,10,2016,April,19,22,0,2,2,2,0,0,2,BB,BEL,Direct,TA/TO,0,0,0,A,A,0,No Deposit,254,22,0,Contract,50.28,0,0,Canceled,2016-06-15
Resort Hotel,0,49,2016,July,30,21,0,1,1,2,0,1,3,BB,IRL,Groups,TA/TO,0,0,0,A,A,0,No Deposit,77,22,0,Transient,66.54,0,1,Check-Out,2016-06-15
Resort Hotel,0,1,2016,December,25,22,0,4,4,1,1,0,2,BB,PRT,Online TA,TA/TO,0,0,3,A,A,0,No Deposit,48,22,0,Transient-Party,110.06,0,1,Check-Out,2016-06-15
City Hotel,0,228,2015,February,11,1,0,6,6,2,0,0,2,SC,DEU,Groups,TA/TO,0,0,0,A,A,0,No Deposit,142,22,0,Transient,39.11,0,1,Check-Out,2016-06-15
Resort Hotel,0,74,2017,February,49,20,0,2,2,1,0,0,1,BB,NLD,Online TA,Direct,0,0,0,A,A,0,No Deposit,162,0,0,Transient,81.03,0,0,Check-Out,2016-06-15
City Hotel,0,189,2015,August,35,23,1,1,2,2,0,0,2,BB,NLD,Groups,TA/TO,0,0,0,D,D,0,No Deposit,317,0,0,Transient-Party,93.52,0,1,Check-Out,2016-06-15
City Hotel,0,6,2017,August,1,15,0,2,2,2,2,0,4,BB,NLD,Direct,TA/TO,0,0,0,A,A,1,No Deposit,197,0,0,Transient-Party,106.83,0,0,Check-Out,2016-06-15
Resort Hotel,1,25,2016,April,17,21,3,4,7,2,0,0,2,BB,FRA,Groups,TA/TO,0,0,0,A,A,0,Non Refund,463,22,0,Transient,83.19,0,0,Canceled,2016-06-15
City Hotel,1,30,2016,September,31,22,0,2,2,2,0,0,2,SC,FRA,Groups,TA/TO,0,0,0,A,A,2,No Deposit,462,0,0,Transient,91.29,0,1,Canceled,2016-06-15
City Hotel,0,48,2016,February,6,2,0,2,2,2,0,0,2,BB,NLD,Offline TA/TO,TA/TO,1,0,0,A,A,0,Non Refund,441,0,0,Transient,54.31,0,2,Check-Out,2016-06-15
Resort Hotel,1,162,2016,November,13,24,1,2,3,2,0,1,3,BB,PRT,Online TA,TA/TO,0,0,0,A,A,0,No Deposit,173,0,0,Transient,96.18,0,1,Canceled,2016-06-15
City Hotel,1,48,2016,March,52,10,2,1,3,2,0,0,2,BB,NLD,Groups,Direct,0,0,0,A,A,2,No Deposit,4,22,0,Transient,112.29,0,2,Canceled,2016-06-15
City Hotel,0,22,2016,February,26,20,3,2,5,1,0,0,1,BB,FRA,Online TA,TA/TO,0,0,0,A,A,0,No Deposit,419,0,0,Transient-Party,75.76,0,2,Check-Out,2016-06-15
City Hotel,1,6,2015,May,36,6,1,2,3,2,0,0,2,BB,PRT,Direct,TA/TO,0,0,0,D,D,0,No Deposit,176,0,0,Transient,87.98,0,0,Canceled,2016-06-15
Resort Hotel,0,8,2017,March,5,3,0,3,3,1,0,0,1,HB,DEU,Offline TA/TO,TA/TO,0,0,0,A,A,0,No Deposit,234,0,0,Transient-Party,117.84,0,0,Check-Out,2016-06-15
Resort Hotel,1,142,2017,July,47,25,2,2,4,2,0,0,2,BB,PRT,Online TA,Direct,0,0,0,A,A,0,No Deposit,445,0,0,Transient,113.98,0,1,Canceled,2016-06-15
Resort Hotel,1,58,2016,August,14,13,4,5,9,2,0,0,2,BB,ITA,Online TA,Direct,0,0,0,F,F,0,No Deposit,106,22,0,Transient-Party,73.2,0,2,Canceled,2016-06-15
City Hotel,0,129,2016,June,51,24,2,2,4,2,0,0,2,SC,ESP,Offline TA/TO,TA/TO,0,0,0,A,A,1,No Deposit,200,22,0,Transient,119.51,0,1,Check-Out,2016-06-15
City Hotel,0,114,2016,August,15,15,2,2,4,2,0,0,2,BB,BEL,Offline TA/TO,TA/TO,0,0,0,D,D,0,No Deposit,137,22,0,Contract,93.61,0,0,Check-Out,2016-06-15
City Hotel,0,14,2016,May,12,6,0,3,3,2,2,0,4,HB,ESP,Direct,TA/TO,0,0,0,D,D,0,No Deposit,374,0,0,Transient-Party,118.12,1,3,Check-Out,2016-06-15
Resort Hotel,1,15,2015,January,50,9,2,1,3,2,0,0,2,BB,BRA,Online TA,TA/TO,0,0,0,A,A,0,No Deposit,307,0,0,Transient,27.3,0,1,Canceled,2016-06-15
Resort Hotel,1,140,2016,December,46,10,3,1,4,2,0,0,2,SC,NLD,Groups,TA/TO,0,1,0,A,A,0,Non Refund,127,0,0,Transient-Party,121.44,0,0,Canceled,2016-06-15
City Hotel,0,127,2017,September,42,9,1,2,3,2,0,0,2,HB,FRA,Online TA,TA/TO,0,0,0,D,D,0,No Deposit,121,0,0,Transient,117.34,0,2,Check-Out,2016-06-15
City Hotel,0,47,2015,February,8,18,2,1,3,2,0,0,2,BB,ESP,Offline TA/TO,TA/TO,0,0,0,A,A,0,No Deposit,421,0,0,Transient,109.79,0,2,Check-Out,2016-06-15
Resort Hotel,1,8,2016,June,31,9,1,2,3,2,0,0,2,BB,PRT,Offline TA/TO,TA/TO,0,0,0,A,A,0,No Deposit,26,0,0,Transient,89.16,1,1,Canceled,2016-06-15
City Hotel,0,1,2017,August,26,24,0,3,3,2,1,0,3,SC,NLD,Online TA,TA/TO,0,0,0,A,A,0,Non Refund,441,22,0,Transient,119.58,0,0,Check-Out,2016-06-15
Resort Hotel,0,33,2016,March,29,18,1,4,5,2,0,0,2,BB,ESP,Online TA,Direct,0,0,0,F,F,1,No Deposit,135,0,0,Transient,113.73,0,0,Check-Out,2016-06-15
City Hotel,0,0,2015,July,4,9,2,3,5,2,1,0,3,BB,PRT,Online TA,Direct,0,0,0,G,G,0,No Deposit,35,0,0,Transient,84.56,0,0,Check-Out,2016-06-15
City Hotel,1,26,2017,July,50,5,1,3,4,2,0,0,2,HB,GBR,Online TA,Direct,0,0,0,E,E,1,No Deposit,405,22,0,Contract,114.2,0,1,Canceled,2016-06-15
Resort Hotel,1,54,2016,March,28,13,1,4,5,2,0,0,2,BB,PRT,Groups,TA/TO,0,0,0,C,C,0,No Deposit,77,22,0,Transient,78.65,0,1,Canceled,2016-06-15
Resort Hotel,0,12,2015,March,25,12,1,4,5,2,0,0,2,HB,FRA,Groups,Direct,0,0,0,D,D,0,No Deposit,291,22,0,Contract,41.55,0,1,Check-Out,2016-06-15
City Hotel,0,11,2016,September,40,9,0,2,2,2,0,0,2,BB,PRT,Groups,Direct,0,0,0,A,A,0,No Deposit,33,0,0,Transient-Party,82.69,0,2,Check-Out,2016-06-15
Resort Hotel,0,226,2016,May,32,19,1,3,4,2,2,0,4,BB,GBR,Direct,TA/TO,0,0,0,A,G,0,No Deposit,146,0,0,Transient,118.58,0,0,Check-Out,2016-06-15
City Hotel,0,88,2017,April,36,20,1,2,3,1,0,0,1,BB,PRT,Online TA,TA/TO,0,0,0,G,G,0,No Deposit,208,0,0,Transient-Party,98.54,0,2,Check-Out,2016-06-15
City Hotel,0,272,2016,August,11,1,0,3,3,2,0,0,2,SC,NLD,Groups,TA/TO,0,1,0,D,D,0,No Deposit,363,0,0,Transient,106.46,0,0,Check-Out,2016-06-15
City Hotel,0,42,2016,August,37,11,2,2,4,2,0,0,2,BB,NLD,Offline TA/TO,TA/TO,0,0,2,A,A,0,No Deposit,79,22,0,Transient,49.94,0,0,Check-Out,2016-06-15
City Hotel,0,113,2016,April,10,5,3,2,5,2,0,0,2,BB,PRT,Direct,Direct,0,0,0,D,D,0,No Deposit,57,0,0,Transient,100.18,0,1,Check-Out,2016-06-15
City Hotel,0,22,2017,October,38,7,0,1,1,2,0,0,2,BB,BRA,Offline TA/TO,TA/TO,0,1,0,A,A,0,No Deposit,392,22,0,Transient,104.14,0,0,Check-Out,2016-06-15
Resort Hotel,0,96,2015,August,36,13,1,3,4,2,0,0,2,BB,PRT,Online TA,TA/TO,0,0,0,A,A,0,No Deposit,156,22,0,Transient,126.04,0,1,Check-Out,2016-06-15
City Hotel,1,13,2016,May,50,23,1,3,4,2,0,0,2,SC,PRT,Groups,TA/TO,0,0,0,A,A,0,No Deposit,481,0,0,Transient,138.74,0,1,Canceled,2016-06-15
City Hotel,0,0,2017,June,27,6,1,3,4,1,0,0,1,BB,PRT,Online TA,TA/TO,0,0,0,A,A,1,No Deposit,337,22,0,Transient,107.76,0,0,Check-Out,2016-06-15
City Hotel,0,268,2017,August,17,13,0,1,1,2,0,0,2,HB,PRT,Online TA,TA/TO,0,0,0,D,D,0,No Deposit,284,0,0,Transient,121.38,0,0,Check-Out,2016-06-15
Resort Hotel,1,80,2015,April,7,6,1,5,6,2,0,0,2,HB,GBR,Online TA,TA/TO,0,0,0,A,A,0,No Deposit,51,0,0,Transient,49.4,0,2,Canceled,2016-06-15
Resort Hotel,1,261,2015,June,9,15,0,1,1,2,0,0,2,BB,NLD,Groups,Direct,0,0,0,A,A,2,No Deposit,16,22,0,Transient,118.09,0,0,Canceled,2016-06-15
City Hotel,1,40,2016,August,35,8,0,5,5,2,0,0,2,BB,NLD,Online TA,TA/TO,0,0,0,A,A,0,No Deposit,211,22,0,Transient,109.2,0,1,Canceled,2016-06-15
Resort Hotel,0,39,2015,July,9,11,0,4,4,2,0,0,2,HB,PRT,Online TA,TA/TO,0,0,0,A,A,0,No Deposit,465,22,0,Transient-Party,124.0,0,0,Check-Out,2016-06-15
City Hotel,1,51,2016,July,36,10,1,1,2,2,0,0,2,SC,NLD,Online TA,TA/TO,0,0,0,F,D,0,Non Refund,236,0,0,Contract,79.54,0,0,Canceled,2016-06-15
City Hotel,0,122,2015,July,30,9,0,1,1,2,0,0,2,BB,NLD,Online TA,TA/TO,0,0,0,A,A,0,No Deposit,490,22,0,Transient,110.13,1,0,Check-Out,2016-06-15
City Hotel,1,83,2015,March,31,4,0,2,2,2,0,0,2,BB,PRT,Direct,TA/TO,0,0,0,A,A,0,Non Refund,497,22,0,Transient-Party,56.95,0,0,Canceled,2016-06-15
City Hotel,1,259,2016,June,19,14,0,5,5,2,0,0,2,SC,PRT,Offline TA/TO,Corporate,0,0,0,A,A,0,No Deposit,190,22,0,Transient,79.51,0,1,Canceled,2016-06-15
City Hotel,0,2,2017,July,41,4,0,7,7,1,0,0,1,HB,IRL,Online TA,TA/TO,0,0,0,A,A,0,No Deposit,458,0,0,Transient-Party,68.78,0,0,Check-Out,2016-06-15
City Hotel,0,123,2016,September,23,24,0,1,1,1,2,0,3,HB,PRT,Online TA,TA/TO,0,0,0,D,D,0,Refundable,429,0,0,Transient,32.76,0,0,Check-Out,2016-06-15
Resort Hotel,0,40,2016,August,20,15,0,2,2,2,0,0,2,BB,NLD,Online TA,Corporate,0,0,0,A,A,0,No Deposit,62,22,0,Transient,113.98,0,1,Check-Out,2016-06-15
City Hotel,1,19,2017,June,6,21,2,1,3,1,0,0,1,BB,PRT,Online TA,TA/TO,0,0,0,E,D,0,No Deposit,19,0,0,Transient,87.08,0,1,Canceled,2016-06-15
City Hotel,0,71,2016,December,43,10,1,2,3,2,0,0,2,SC,NLD,Online TA,TA/TO,0,0,0,A,A,0,No Deposit,65,0,0,Transient,118.19,0,0,Check-Out,2016-06-15
City Hotel,0,70,2016,February,24,14,1,7,8,2,0,0,2,BB,BRA,Online TA,TA/TO,0,0,0,A,A,0,No Deposit,57,22,0,Transient,87.96,0,1,Check-Out,2016-06-15
City Hotel,0,14,2016,March,47,25,1,7,8,1,0,0,1,BB,FRA,Online TA,TA/TO,1,0,0,A,A,1,No Deposit,428,0,0,Transient,78.49,0,0,Check-Out,2016-06-15
Resort Hotel,0,22,2015,May,22,6,2,2,4,2,0,0,2,SC,PRT,Groups,TA/TO,0,0,0,A,A,0,No Deposit,228,0,0,Transient-Party,83.85,0,0,Check-Out,2016-06-15
City Hotel,0,52,2016,April,6,16,1,1,2,2,0,0,2,BB,PRT,Offline TA/TO,TA/TO,0,0,0,A,A,0,No Deposit,112,0,0,Transient,120.57,0,0,Check-Out,2016-06-15
City Hotel,1,52,2016,August,52,25,0,2,2,2,0,0,2,BB,NLD,Groups,TA/TO,0,0,0,A,A,1,No Deposit,270,22,0,Transient,130.5,0,0,Canceled,2016-06-15
Resort Hotel,0,38,2016,January,24,12,2,2,4,2,0,0,2,BB,GBR,Online TA,TA/TO,0,0,0,A,A,0,No Deposit,325,0,0,Transient,71.83,0,0,Check-Out,2016-06-15
City Hotel,1,16,2015,March,42,28,0,5,5,2,0,0,2,HB,GBR,Online TA,TA/TO,0,0,0,A,A,0,No Deposit,204,0,10,Transient,109.51,0,1,Canceled,2016-06-15
City Hotel,0,0,2016,April,22,4,4,4,8,2,0,0,2,SC,PRT,Offline TA/TO,TA/TO,0,0,0,A,E,0,No Deposit,370,0,30,Transient,150.5,0,0,Check-Out,2016-06-15
City Hotel,0,351,2016,August,18,1,1,2,3,2,0,0,2,BB,PRT,Online TA,TA/TO,0,0,0,A,A,1,No Deposit,151,0,0,Transient-Party,109.14,0,0,Check-Out,2016-06-15
City Hotel,0,287,2015,October,16,4,0,1,1,2,0,0,2,BB,GBR,Online TA,TA/TO,0,1,2,E,E,0,No Deposit,436,0,0,Transient,94.06,1,0,Check-Out,2016-06-15
City Hotel,0,66,2015,September,36,25,2,7,9,1,0,0,1,BB,IRL,Groups,TA/TO,0,0,0,A,A,0,No Deposit,320,22,0,Transient,126.44,0,0,Check-Out,2016-06-15
Resort Hotel,1,530,2017,March,52,13,0,3,3,1,0,0,1,HB,PRT,Direct,TA/TO,0,0,0,A,A,0,No Deposit,164,0,0,Transient,106.5,0,0,Canceled,2016-06-15
City Hotel,1,111,2016,July,13,7,0,2,2,2,2,0,4,BB,PRT,Online TA,TA/TO,0,0,0,G,B,0,No Deposit,328,22,0,Transient,86.21,0,0,Canceled,2016-06-15
Resort Hotel,1,7,2015,January,37,15,1,2,3,2,0,0,2,BB,PRT,Groups,TA/TO,0,0,0,A,A,0,No Deposit,151,0,0,Transient,88.88,0,3,Canceled,2016-06-15
City Hotel,0,12,2016,May,52,6,1,1,2,2,2,0,4,BB,PRT,Online TA,TA/TO,0,0,0,A,A,0,No Deposit,41,0,0,Transient,79.03,0,0,Check-Out,2016-06-15
City Hotel,0,247,2015,September,24,14,0,1,1,1,0,0,1,BB,GBR,Online TA,TA/TO,0,0,0,A,A,3,No Deposit,52,22,0,Transient-Party,81.65,0,0,Check-Out,2016-06-15
Resort Hotel,1,99,2017,June,19,18,1,1,2,2,0,0,2,BB,GBR,Direct,TA/TO,0,1,0,A,A,0,No Deposit,377,22,0,Transient,119.95,0,1,Canceled,2016-06-15
Resort Hotel,1,185,2017,March,50,4,2,3,5,1,0,0,1,BB,PRT,Offline TA/TO,TA/TO,0,0,0,A,A,0,No Deposit,399,0,0,Transient,140.58,0,0,Canceled,2016-06-15
City Hotel,1,228,2016,June,20,1,0,3,3,2,0,0,2,BB,DEU,Groups,TA/TO,0,0,0,A,A,0,No Deposit,186,0,0,Transient,99.45,0,0,Canceled,2016-06-15
Resort Hotel,0,59,2017,March,27,3,1,4,5,2,0,0,2,BB,PRT,Groups,TA/TO,0,0,0,A,A,0,No Deposit,349,22,0,Transient,131.3,0,0,Check-Out,2016-06-15
City Hotel,0,4,2015,May,17,13,3,1,4,2,0,0,2,SC,NLD,Offline TA/TO,TA/TO,0,0,0,A,A,0,No Deposit,213,22,0,Transient,118.6,0,1,Check-Out,2016-06-15
Resort Hotel,1,20,2017,June,16,18,3,1,4,3,1,0,4,BB,NLD,Groups,TA/TO,0,0,0,A,A,0,No Deposit,473,0,0,Transient,92.24,0,2,Canceled,2016-06-15
Resort Hotel,1,6,2015,May,1,4,0,3,3,2,0,0,2,HB,PRT,Groups,TA/TO,0,0,0,A,A,0,No Deposit,421,22,0,Transient,64.29,0,3,Canceled,2016-06-15
City Hotel,0,20,2016,November,21,4,2,2,4,2,0,0,2,BB,GBR,Offline TA/TO,TA/TO,0,0,0,A,A,0,No Deposit,392,0,0,Transient,115.67,0,0,Check-Out,2016-06-15
City Hotel,0,52,2017,July,27,11,2,5,7,2,0,0,2,BB,FRA,Online TA,TA/TO,0,0,0,A,A,0,No Deposit,166,22,0,Contract,126.75,0,1,Check-Out,2016-06-15
City Hotel,0,12,2016,October,1,14,2,2,4,1,0,0,1,BB,NLD,Online TA,TA/TO,0,0,0,D,D,1,No Deposit,88,22,0,Transient,44.59,0,0,Check-Out,2016-06-15
Resort Hotel,0,18,2017,September,30,25,0,2,2,3,0,0,3,BB,PRT,Online TA,TA/TO,0,0,0,A,A,0,No Deposit,351,22,0,Transient,83.52,0,1,Check-Out,2016-06-15
City Hotel,1,59,2015,August,20,7,0,2,2,2,1,0,3,BB,DEU,Offline TA/TO,TA/TO,0,1,0,A,A,0,No Deposit,22,22,0,Transient,102.57,0,0,Canceled,2016-06-15
City Hotel,0,41,2016,June,24,3,0,4,4,2,0,0,2,BB,FRA,Online TA,TA/TO,0,0,0,A,A,2,No Deposit,412,0,0,Transient,127.87,0,1,Check-Out,2016-06-15
City Hotel,0,63,2015,January,46,7,0,1,1,2,0,0,2,BB,NLD,Online TA,TA/TO,0,0,0,A,A,1,No Deposit,111,0,0,Transient,137.68,0,1,Check-Out,2016-06-15
City Hotel,0,56,2016,July,2,8,0,5,5,2,0,0,2,BB,PRT,Online TA,TA/TO,0,0,0,A,A,0,No Deposit,411,22,0,Transient,92.51,0,0,Check-Out,2016-06-15
City Hotel,1,103,2015,May,15,12,2,3,5,2,0,0,2,HB,ITA,Online TA,TA/TO,0,0,0,A,A,0,No Deposit,419,22,0,Transient,53.5,0,1,Canceled,2016-06-15
City Hotel,1,276,2015,February,29,7,0,5,5,2,0,0,2,BB,PRT,Offline TA/TO,TA/TO,0,0,0,A,E,0,No Deposit,443,22,0,Transient,38.16,0,1,Canceled,2016-06-15
Resort Hotel,0,11,2016,June,35,24,2,6,8,2,0,0,2,BB,PRT,Online TA,TA/TO,0,0,0,A,A,0,No Deposit,430,22,0,Contract,181.61,0,0,Check-Out,2016-06-15
City Hotel,1,10,2017,August,13,16,0,1,1,2,0,0,2,HB,PRT,Online TA,Direct,0,0,0,D,D,0,No Deposit,384,22,0,Transient,106.54,0,1,Canceled,2016-06-15
Resort Hotel,0,191,2015,December,19,25,1,3,4,2,2,0,4,BB,FRA,Online TA,TA/TO,0,0,0,A,A,1,No Deposit,486,0,0,Transient,98.73,0,0,Check-Out,2016-06-15
City Hotel,0,70,2017,May,1,17,0,2,2,2,0,0,2,HB,NLD,Corporate,TA/TO,0,0,0,A,A,0,Non Refund,387,22,0,Transient,73.71,0,1,Check-Out,2016-06-15
Resort Hotel,1,145,2015,July,45,26,1,2,3,2,0,0,2,BB,ESP,Online TA,TA/TO,0,0,0,D,D,0,No Deposit,428,0,0,Transient,135.69,0,1,Canceled,2016-06-15
City Hotel,0,24,2015,October,47,22,1,1,2,2,0,0,2,SC,PRT,Offline TA/TO,Corporate,0,0,0,A,A,0,No Deposit,266,22,0,Contract,71.65,0,0,Check-Out,2016-06-15
City Hotel,1,176,2016,May,16,4,1,5,6,2,1,0,3,BB,ESP,Groups,TA/TO,0,0,0,E,E,0,No Deposit,114,0,0,Transient,138.45,0,2,Canceled,2016-06-15
Resort Hotel,0,257,2017,March,43,17,0,6,6,2,0,0,2,BB,PRT,Online TA,TA/TO,0,0,0,A,A,0,No Deposit,168,22,0,Contract,139.4,0,0,Check-Out,2016-06-15
Resort Hotel,0,100,2015,April,3,18,0,3,3,2,0,0,2,BB,NLD,Corporate,TA/TO,0,0,0,D,D,0,No Deposit,469,0,0,Transient,108.61,0,1,Check-Out,2016-06-15
Resort Hotel,1,11,2015,October,40,26,1,2,3,2,0,0,2,BB,GBR,Online TA,TA/TO,0,0,0,A,A,1,No Deposit,183,0,0,Transient-Party,122.71,0,0,Canceled,2016-06-15
City Hotel,1,225,2017,March,6,4,0,4,4,2,0,0,2,BB,FRA,Direct,TA/TO,0,0,0,A,A,0,No Deposit,92,0,0,Transient,71.8,0,0,Canceled,2016-06-15
City Hotel,0,157,2016,May,31,17,0,3,3,1,0,0,1,SC,PRT,Online TA,TA/TO,0,0,0,D,D,0,No Deposit,390,0,0,Transient,102.01,1,2,Check-Out,2016-06-15
Resort Hotel,0,138,2017,June,5,15,0,3,3,1,0,0,1,BB,FRA,Online TA,TA/TO,1,0,0,C,C,0,No Deposit,285,0,0,Transient,53.3,0,1,Check-Out,2016-06-15
City Hotel,0,3,2016,October,26,22,2,1,3,2,0,0,2,BB,NLD,Offline TA/TO,TA/TO,0,0,0,A,A,0,No Deposit,389,0,0,Transient,82.71,0,0,Check-Out,2016-06-15
City Hotel,0,160,2016,November,28,17,1,1,2,2,0,0,2,BB,PRT,Corporate,TA/TO,0,0,0,A,A,2,No Deposit,410,0,0,Transient,40.59,0,0,Check-Out,2016-06-15
City Hotel,0,14,2016,June,15,13,0,3,3,2,0,0,2,BB,IRL,Offline TA/TO,TA/TO,0,0,0,A,A,0,No Deposit,422,22,0,Transient,32.19,0,0,Check-Out,2016-06-15
City Hotel,1,25,2016,November,9,25,0,1,1,3,0,0,3,BB,BRA,Direct,TA/TO,0,0,3,G,G,0,No Deposit,319,0,0,Transient,73.4,0,1,Canceled,2016-06-15
Resort Hotel,0,86,2017,March,22,26,0,3,3,1,0,0,1,BB,PRT,Online TA,TA/TO,0,0,0,A,A,0,No Deposit,283,22,0,Transient,61.73,0,0,Check-Out,2016-06-15
City Hotel,1,30,2017,March,37,3,0,1,1,2,0,0,2,BB,BEL,Direct,TA/TO,0,0,0,A,A,0,No Deposit,209,0,0,Contract,102.28,0,0,Canceled,2016-06-15
Resort Hotel,0,108,2016,November,21,12,2,5,7,2,0,0,2,BB,DEU,Online TA,TA/TO,0,0,0,A,A,0,Non Refund,228,22,0,Transient,114.65,0,0,Check-Out,2016-06-15
Resort Hotel,1,93,2017,July,42,27,2,5,7,2,0,0,2,BB,PRT,Online TA,TA/TO,0,0,0,A,A,0,No Deposit,219,0,0,Transient,116.25,0,0,Canceled,2016-06-15
Resort Hotel,0,11,2016,March,29,17,0,2,2,2,0,0,2,BB,FRA,Online TA,TA/TO,0,0,0,A,A,1,No Deposit,357,22,0,Transient,90.52,0,0,Check-Out,2016-06-15
Resort Hotel,1,106,2016,June,26,22,1,1,2,2,0,0,2,HB,ESP,Direct,Corporate,0,0,0,G,G,0,Non Refund,297,22,0,Transient,144.77,0,3,Canceled,2016-06-15
City Hotel,0,257,2016,September,6,22,1,3,4,3,0,0,3,BB,NLD,Offline TA/TO,TA/TO,0,0,0,A,A,0,No Deposit,347,22,0,Transient,115.32,1,2,Check-Out,2016-06-15
City Hotel,1,17,2016,September,11,7,1,2,3,2,0,0,2,FB,PRT,Online TA,TA/TO,0,0,0,A,A,0,Non Refund,82,22,0,Transient-Party,97.68,0,2,Canceled,2016-06-15
City Hotel,0,90,2015,October,36,7,0,1,1,2,0,0,2,BB,NLD,Online TA,TA/TO,0,0,0,B,F,1,No Deposit,136,22,0,Transient,135.36,0,0,Check-Out,2016-06-15
Resort Hotel,0,41,2016,July,20,26,1,2,3,2,0,0,2,BB,NLD,Online TA,TA/TO,0,0,0,D,D,0,No Deposit,124,22,0,Transient-Party,107.68,0,0,Check-Out,2016-06-15
Resort Hotel,1,61,2016,October,44,11,0,7,7,2,0,0,2,BB,ESP,Online TA,TA/TO,0,0,0,A,A,0,No Deposit,150,0,0,Transient,112.63,0,0,Canceled,2016-06-15
City Hotel,0,33,2017,July,20,16,1,1,2,2,0,0,2,SC,NLD,Online TA,Direct,0,1,0,D,D,0,No Deposit,482,22,0,Transient-Party,43.62,0,1,Check-Out,2016-06-15
City Hotel,0,43,2017,July,27,4,0,2,2,2,0,0,2,Undefined,BEL,Online TA,Direct,0,0,0,A,A,1,No Deposit,173,22,0,Transient,78.47,0,0,Check-Out,2016-06-15
Resort Hotel,0,2,2016,September,6,16,2,2,4,1,0,0,1,BB,FRA,Direct,TA/TO,0,0,0,A,C,0,No Deposit,23,22,0,Transient,111.97,0,0,Check-Out,2016-06-15
City Hotel,0,399,2015,June,33,5,2,4,6,2,0,0,2,BB,PRT,Groups,TA/TO,0,0,0,D,D,0,No Deposit,493,0,0,Transient-Party,96.54,0,0,Check-Out,2016-06-15
City Hotel,1,98,2016,February,30,19,0,1,1,2,0,0,2,HB,NLD,Online TA,TA/TO,0,0,0,A,A,0,Non Refund,419,22,0,Transient,136.64,0,0,Canceled,2016-06-15
City Hotel,1,69,2017,May,50,22,0,3,3,2,0,0,2,SC,NLD,Direct,TA/TO,0,0,0,A,A,0,No Deposit,206,22,0,Transient,122.4,0,0,Canceled,2016-06-15
City Hotel,0,48,2016,August,34,14,1,1,2,2,0,0,2,BB,NLD,Groups,TA/TO,0,0,0,A,A,0,No Deposit,109,22,0,Transient,122.26,0,0,Check-Out,2016-06-15
Resort Hotel,0,77,2016,March,5,7,3,4,7,1,0,0,1,SC,PRT,Offline TA/TO,TA/TO,0,0,0,D,D,0,No Deposit,80,0,0,Transient,66.57,0,0,Check-Out,2016-06-15
Resort Hotel,0,47,2017,March,16,9,2,3,5,2,0,0,2,SC,NLD,Online TA,TA/TO,0,1,0,D,D,0,Non Refund,473,22,0,Transient,155.07,0,0,Check-Out,2016-06-15
City Hotel,0,44,2016,April,12,25,0,2,2,2,0,0,2,BB,NLD,Direct,TA/TO,0,0,0,A,A,1,Non Refund,342,0,0,Transient,148.91,0,0,Check-Out,2016-06-15
City Hotel,0,62,2016,January,12,28,0,4,4,1,2,0,3,BB,FRA,Online TA,TA/TO,0,0,1,A,A,0,No Deposit,33,22,0,Transient,111.29,1,0,Check-Out,2016-06-15
City Hotel,1,32,2016,September,11,13,2,3,5,2,0,0,2,BB,NLD,Online TA,Direct,0,0,0,A,A,0,No Deposit,445,22,0,Transient-Party,72.51,0,1,Canceled,2016-06-15
City Hotel,1,19,2016,April,52,16,1,4,5,3,0,0,3,BB,PRT,Groups,TA/TO,0,0,0,A,A,0,No Deposit,499,22,0,Contract,50.6,0,0,Canceled,2016-06-15
Resort Hotel,1,81,2017,February,51,21,0,2,2,2,2,0,4,BB,PRT,Groups,TA/TO,0,0,0,A,A,1,No Deposit,273,0,0,Transient,80.79,0,0,Canceled,2016-06-15
City Hotel,1,185,2016,August,21,4,2,3,5,3,0,0,3,BB,PRT,Online TA,TA/TO,0,0,0,A,A,0,No Deposit,192,22,0,Transient,82.93,0,0,Canceled,2016-06-15
Resort Hotel,0,16,2016,October,7,7,0,1,1,1,0,0,1,BB,PRT,Direct,TA/TO,0,0,0,A,A,0,No Deposit,15,0,0,Transient,130.26,0,0,Check-Out,2016-06-15
City Hotel,0,3,2016,January,34,3,1,4,5,2,0,0,2,BB,ITA,Online TA,TA/TO,0,0,0,A,A,0,No Deposit,447,0,0,Transient,142.78,0,0,Check-Out,2016-06-15
City Hotel,1,28,2016,April,29,20,1,2,3,2,0,0,2,BB,NLD,Online TA,TA/TO,0,0,0,A,A,0,Non Refund,236,22,0,Transient,63.26,0,0,Canceled,2016-06-15
City Hotel,1,389,2016,November,6,15,2,4,6,1,0,0,1,BB,PRT,Online TA,TA/TO,0,0,0,A,A,0,No Deposit,446,22,0,Transient-Party,84.15,0,0,Canceled,2016-06-15
City Hotel,0,176,2015,May,36,25,0,1,1,2,0,1,3,HB,DEU,Offline TA/TO,TA/TO,0,2,0,A,A,0,No Deposit,355,0,0,Transient,112.95,0,0,Check-Out,2016-06-15
City Hotel,1,90,2016,November,34,21,0,1,1,1,0,0,1,BB,FRA,Corporate,TA/TO,0,2,0,A,A,2,No Deposit,315,22,0,Transient,98.47,0,2,Canceled,2016-06-15
City Hotel,0,264,2016,April,49,26,2,3,5,2,0,0,2,Undefined,PRT,Groups,TA/TO,0,0,0,D,D,1,No Deposit,241,0,0,Transient,139.24,0,1,Check-Out,2016-06-15
City Hotel,1,58,2015,April,8,14,2,1,3,2,0,0,2,BB,NLD,Offline TA/TO,TA/TO,0,0,0,F,F,0,No Deposit,29,0,0,Group,62.23,0,1,Canceled,2016-06-15
Resort Hotel,0,409,2016,April,37,7,0,1,1,2,0,0,2,BB,NLD,Corporate,TA/TO,0,2,0,A,A,1,No Deposit,90,22,0,Transient,139.03,0,1,Check-Out,2016-06-15
Resort Hotel,0,35,2017,February,10,18,0,5,5,2,0,0,2,HB,PRT,Online TA,Corporate,0,0,0,D,D,0,No Deposit,23,22,0,Transient-Party,81.8,0,0,Check-Out,2016-06-15
Resort Hotel,0,27,2016,October,16,25,0,1,1,1,0,0,1,BB,NLD,Online TA,TA/TO,0,0,2,D,B,0,No Deposit,428,0,0,Transient-Party,165.73,0,2,Check-Out,2016-06-15
Resort Hotel,0,101,2017,December,2,5,1,2,3,2,0,0,2,BB,PRT,Groups,Corporate,0,1,0,A,E,0,No Deposit,466,22,0,Transient,131.04,0,0,Check-Out,2016-06-15
City Hotel,0,47,2015,November,19,21,0,6,6,2,0,0,2,BB,FRA,Offline TA/TO,Direct,0,0,0,A,A,0,No Deposit,310,22,0,Transient,130.68,0,2,Check-Out,2016-06-15
City Hotel,0,98,2017,October,7,20,0,1,1,1,0,0,1,BB,GBR,Online TA,TA/TO,0,0,0,A,A,1,No Deposit,96,22,0,Transient,55.48,0,1,Check-Out,2016-06-15
City Hotel,1,36,2015,October,2,8,1,2,3,1,0,0,1,HB,PRT,Online TA,TA/TO,0,0,0,A,A,0,No Deposit,110,22,0,Transient,40.21,0,0,Canceled,2016-06-15
Resort Hotel,0,96,2016,August,45,27,2,4,6,2,0,0,2,SC,ITA,Online TA,TA/TO,0,2,0,A,A,0,Non Refund,107,22,0,Transient,74.06,0,1,Check-Out,2016-06-15
City Hotel,1,32,2016,September,23,20,2,5,7,2,0,0,2,HB,NLD,Offline TA/TO,TA/TO,0,0,0,A,A,0,No Deposit,185,22,0,Transient,73.04,0,1,Canceled,2016-06-15
Resort Hotel,0,5,2016,March,31,18,0,3,3,2,0,0,2,BB,NLD,Offline TA/TO,TA/TO,0,0,0,A,A,0,No Deposit,133,22,0,Transient,90.62,0,2,Check-Out,2016-06-15
City Hotel,0,243,2017,May,4,21,1,5,6,2,0,0,2,BB,BEL,Online TA,TA/TO,0,0,0,A,A,0,No Deposit,51,0,0,Transient,60.09,0,1,Check-Out,2016-06-15
City Hotel,1,214,2016,August,16,19,0,1,1,1,0,0,1,BB,PRT,Corporate,TA/TO,0,0,0,A,A,1,No Deposit,468,0,0,Transient,134.94,0,1,Canceled,2016-06-15
City Hotel,0,353,2016,October,10,20,0,1,1,2,0,0,2,BB,PRT,Groups,TA/TO,0,0,0,A,F,0,No Deposit,243,0,0,Transient,109.54,0,2,Check-Out,2016-06-15
Resort Hotel,0,126,2017,August,49,3,1,3,4,2,0,0,2,HB,FRA,Online TA,TA/TO,0,0,0,A,A,0,No Deposit,208,0,0,Transient-Party,26.59,0,0,Check-Out,2016-06-15
Resort Hotel,0,114,2016,October,21,23,2,4,6,1,0,0,1,Undefined,ESP,Online TA,TA/TO,0,0,0,A,A,0,No Deposit,324,0,0,Transient,84.95,0,2,Check-Out,2016-06-15
City Hotel,0,81,2016,June,28,6,2,3,5,1,0,0,1,SC,BEL,Online TA,TA/TO,0,0,0,A,A,3,No Deposit,165,22,0,Contract,115.43,0,0,Check-Out,2016-06-15
City Hotel,1,13,2015,August,46,18,2,3,5,1,0,0,1,SC,GBR,Groups,TA/TO,0,0,0,A,A,0,No Deposit,382,22,0,Transient,86.3,0,1,Canceled,2016-06-15
City Hotel,0,20,2016,December,12,27,2,5,7,2,0,0,2,BB,PRT,Online TA,Corporate,0,0,0,E,E,0,No Deposit,472,22,0,Transient,61.19,0,1,Check-Out,2016-06-15
Resort Hotel,0,34,2017,March,13,15,0,2,2,2,0,0,2,BB,PRT,Online TA,TA/TO,0,0,0,A,A,0,No Deposit,308,22,0,Transient,64.11,0,0,Check-Out,2016-06-15
City Hotel,0,220,2015,November,52,14,3,6,9,2,0,0,2,HB,NLD,Online TA,TA/TO,0,0,0,A,A,0,No Deposit,142,22,0,Transient,104.1,0,0,Check-Out,2016-06-15
City Hotel,0,18,2015,July,40,24,0,3,3,2,0,0,2,BB,PRT,Direct,TA/TO,0,0,0,D,D,2,No Deposit,328,0,0,Transient,53.02,0,0,Check-Out,2016-06-15
City Hotel,0,256,2015,August,17,21,2,2,4,3,0,0,3,BB,NLD,Direct,TA/TO,0,0,0,A,A,1,No Deposit,196,0,0,Transient,96.46,0,0,Check-Out,2016-06-15
Resort Hotel,0,73,2016,October,18,22,1,2,3,2,0,0,2,HB,PRT,Groups,TA/TO,0,0,0,A,B,0,No Deposit,49,0,0,Transient,79.51,0,0,Check-Out,2016-06-15
Resort Hotel,1,125,2016,June,10,8,1,4,5,2,0,0,2,BB,ESP,Groups,Direct,0,0,0,D,D,0,No Deposit,125,0,0,Transient-Party,116.32,0,1,Canceled,2016-06-15
City Hotel,0,11,2015,June,28,11,0,3,3,2,0,0,2,BB,PRT,Offline TA/TO,TA/TO,0,1,0,A,A,0,No Deposit,419,22,0,Transient,115.92,0,2,Check-Out,2016-06-15
City Hotel,0,31,2016,July,13,11,0,4,4,2,0,0,2,SC,FRA,Groups,Corporate,0,0,0,E,E,0,No Deposit,40,22,0,Transient,168.9,0,0,Check-Out,2016-06-15
Resort Hotel,1,318,2017,January,34,12,1,4,5,2,0,0,2,SC,NLD,Direct,TA/TO,0,0,0,A,A,0,Non Refund,483,22,0,Transient,89.44,0,0,Canceled,2016-06-15
Resort Hotel,1,30,2016,June,49,16,2,2,4,2,0,0,2,BB,NLD,Offline TA/TO,TA/TO,0,0,0,F,F,1,No Deposit,405,22,0,Transient,138.36,0,1,Canceled,2016-06-15
City Hotel,1,35,2016,April,6,7,0,6,6,2,2,0,4,BB,NLD,Direct,TA/TO,0,0,0,D,D,0,No Deposit,264,0,0,Transient,123.13,0,0,Canceled,2016-06-15
City Hotel,1,22,2015,November,12,27,0,3,3,1,0,0,1,BB,NLD,Corporate,TA/TO,0,0,0,A,A,0,No Deposit,370,22,0,Transient,64.44,0,0,Canceled,2016-06-15
City Hotel,1,13,2017,February,29,3,0,1,1,2,0,0,2,BB,NLD,Online TA,TA/TO,0,0,0,A,E,0,No Deposit,77,22,0,Transient,162.26,0,1,Canceled,2016-06-15
City Hotel,0,26,2016,June,13,2,0,3,3,2,0,0,2,BB,PRT,Corporate,TA/TO,0,0,3,A,A,1,Non Refund,381,22,0,Transient,106.64,0,0,Check-Out,2016-06-15
City Hotel,1,102,2017,November,26,3,0,1,1,1,0,0,1,BB,BEL,Online TA,TA/TO,0,0,0,E,E,0,Non Refund,44,22,0,Transient,157.33,0,0,Canceled,2016-06-15
Resort Hotel,0,60,2017,October,4,8,0,3,3,1,0,0,1,BB,ESP,Direct,TA/TO,0,0,0,A,A,0,No Deposit,372,22,0,Transient,62.39,0,0,Check-Out,2016-06-15
City Hotel,1,80,2017,August,15,20,0,4,4,2,0,0,2,BB,PRT,Direct,Corporate,0,0,0,A,A,0,No Deposit,470,0,0,Transient-Party,135.39,0,1,Canceled,2016-06-15
City Hotel,0,13,2015,July,16,8,2,4,6,2,0,0,2,BB,PRT,Direct,TA/TO,0,0,0,A,A,1,No Deposit,344,0,0,Transient,40.94,0,0,Check-Out,2016-06-15
City Hotel,1,162,2016,April,19,4,2,3,5,2,0,0,2,SC,PRT,Online TA,TA/TO,0,0,0,A,A,0,No Deposit,100,0,0,Transient,15.61,0,0,Canceled,2016-06-15
City Hotel,1,153,2015,May,47,23,0,4,4,1,0,0,1,BB,DEU,Online TA,Corporate,0,0,0,G,G,0,Non Refund,147,0,0,Transient,175.61,0,0,Canceled,2016-06-15
Resort Hotel,0,2,2017,February,26,13,4,2,6,2,0,0,2,Undefined,ESP,Online TA,TA/TO,0,0,0,A,A,0,No Deposit,417,22,0,Contract,135.31,1,0,Check-Out,2016-06-15
Resort Hotel,1,48,2017,September,32,22,0,3,3,1,0,0,1,BB,PRT,Online TA,TA/TO,0,0,0,D,D,0,No Deposit,103,0,0,Transient,150.19,0,0,Canceled,2016-06-15
Resort Hotel,0,7,2017,May,6,26,2,5,7,1,0,0,1,HB,ESP,Online TA,TA/TO,0,0,3,F,F,0,No Deposit,394,22,0,Transient,91.48,0,2,Check-Out,2016-06-15
Resort Hotel,0,157,2016,August,52,17,1,2,3,2,0,0,2,BB,GBR,Corporate,TA/TO,1,0,0,A,A,0,No Deposit,396,22,0,Transient,79.44,0,0,Check-Out,2016-06-15
Resort Hotel,1,133,2016,May,6,27,0,2,2,2,0,0,2,BB,PRT,Online TA,TA/TO,0,0,1,A,A,0,No Deposit,431,0,0,Transient,124.7,0,2,Canceled,2016-06-15
City Hotel,1,232,2016,June,5,24,0,4,4,2,0,0,2,BB,NLD,Groups,TA/TO,0,0,0,A,A,0,No Deposit,487,22,0,Transient-Party,63.37,0,1,Canceled,2016-06-15
City Hotel,0,26,2016,July,2,22,3,1,4,2,0,0,2,HB,PRT,Offline TA/TO,TA/TO,0,2,0,A,D,0,Non Refund,376,0,0,Transient,63.26,0,2,Check-Out,2016-06-15
City Hotel,0,60,2016,September,52,18,0,6,6,2,1,0,3,BB,ESP,Online TA,TA/TO,0,0,0,D,D,0,No Deposit,146,22,0,Transient-Party,81.21,0,0,Check-Out,2016-06-15
City Hotel,0,20,2016,April,2,5,0,2,2,1,0,0,1,BB,ESP,Online TA,TA/TO,0,0,0,A,A,1,No Deposit,304,0,0,Transient,134.57,0,1,Check-Out,2016-06-15
City Hotel,0,46,2017,May,37,12,3,3,6,1,0,0,1,BB,FRA,Direct,TA/TO,0,0,0,D,D,0,No Deposit,18,22,0,Transient,64.32,0,0,Check-Out,2016-06-15
City Hotel,0,73,2016,March,3,2,0,3,3,2,0,0,2,BB,PRT,Groups,TA/TO,0,0,0,A,A,1,No Deposit,153,22,0,Transient,136.98,0,1,Check-Out,2016-06-15
City Hotel,1,5,2017,February,6,10,1,1,2,2,0,0,2,BB,GBR,Offline TA/TO,TA/TO,0,0,0,A,A,1,No Deposit,89,0,0,Transient,117.1,0,0,Canceled,2016-06-15
Resort Hotel,0,125,2017,July,31,7,2,4,6,2,0,0,2,BB,PRT,Online TA,TA/TO,0,0,0,A,A,0,No Deposit,27,22,0,Transient,117.83,0,0,Check-Out,2016-06-15
Resort Hotel,0,78,2016,March,43,15,2,3,5,2,0,0,2,BB,GBR,Online TA,TA/TO,0,0,0,A,A,1,No Deposit,198,0,0,Transient,44.29,0,0,Check-Out,2016-06-15
City Hotel,0,176,2016,January,5,27,3,2,5,2,0,0,2,BB,PRT,Groups,TA/TO,0,0,2,D,G,0,No Deposit,341,0,0,Transient,78.56,0,1,Check-Out,2016-06-15
City Hotel,0,31,2016,October,50,26,1,5,6,2,0,0,2,BB,PRT,Groups,Corporate,0,0,0,D,D,0,No Deposit,46,0,0,Transient,94.1,0,0,Check-Out,2016-06-15
City Hotel,0,233,2016,July,46,22,0,3,3,2,0,0,2,BB,PRT,Corporate,TA/TO,0,0,1,E,E,0,No Deposit,113,22,0,Transient,113.4,0,2,Check-Out,2016-06-15
Resort Hotel,0,664,2015,March,10,7,2,4,6,2,0,0,2,SC,ESP,Online TA,TA/TO,0,0,0,A,A,0,No Deposit,160,0,0,Transient,79.37,0,0,Check-Out,2016-06-15
Resort Hotel,0,251,2016,January,27,15,2,7,9,2,0,0,2,HB,DEU,Offline TA/TO,TA/TO,0,0,0,F,F,0,No Deposit,158,0,0,Transient,158.46,0,0,Check-Out,2016-06-15
City Hotel,1,150,2017,February,24,16,1,1,2,2,0,0,2,HB,NLD,Online TA,TA/TO,0,0,0,A,C,0,No Deposit,212,0,0,Transient,92.17,0,0,Canceled,2016-06-15
Resort Hotel,0,167,2015,June,22,22,2,3,5,2,0,0,2,BB,PRT,Online TA,TA/TO,0,0,0,G,G,0,No Deposit,53,0,0,Group,113.95,0,0,Check-Out,2016-06-15
City Hotel,0,85,2016,August,25,26,2,4,6,2,0,0,2,BB,GBR,Online TA,TA/TO,0,0,0,D,D,0,No Deposit,298,22,0,Transient,103.5,0,1,Check-Out,2016-06-15
City Hotel,1,21,2017,August,3,1,1,5,6,2,0,0,2,BB,DEU,Online TA,TA/TO,1,0,0,A,A,0,No Deposit,127,22,0,Transient,126.66,0,0,Canceled,2016-06-15
City Hotel,1,113,2016,March,16,15,0,2,2,1,0,0,1,BB,NLD,Online TA,TA/TO,0,0,0,E,E,0,Refundable,67,0,0,Transient-Party,101.97,0,1,Canceled,2016-06-15
City Hotel,1,124,2016,August,30,3,0,5,5,2,0,0,2,BB,GBR,Online TA,TA/TO,0,1,0,A,A,0,No Deposit,453,0,0,Transient,57.85,0,0,Canceled,2016-06-15
City Hotel,0,422,2017,June,48,10,1,3,4,2,0,0,2,BB,PRT,Offline TA/TO,Corporate,0,0,0,A,A,0,No Deposit,288,22,0,Transient,88.72,0,1,Check-Out,2016-06-15
City Hotel,1,77,2016,June,43,16,0,1,1,2,1,0,3,BB,GBR,Offline TA/TO,TA/TO,0,0,0,A,A,0,No Deposit,15,22,0,Transient,70.06,0,0,Canceled,2016-06-15
City Hotel,1,31,2015,September,4,2,0,1,1,2,0,0,2,BB,PRT,Online TA,Corporate,0,0,0,A,A,0,No Deposit,87,22,0,Transient-Party,27.98,0,1,Canceled,2016-06-15
City Hotel,1,115,2017,May,43,17,1,2,3,2,0,0,2,BB,PRT,Online TA,TA/TO,0,0,0,A,E,1,No Deposit,488,22,0,Transient,142.46,0,1,Canceled,2016-06-15
Resort Hotel,0,388,2016,March,40,1,1,4,5,2,0,0,2,BB,GBR,Offline TA/TO,GDS,0,0,0,D,D,0,No Deposit,217,22,0,Transient,156.18,0,3,Check-Out,2016-06-15
Resort Hotel,0,19,2016,October,16,4,1,2,3,2,2,0,4,BB,ESP,Online TA,TA/TO,0,0,0,A,A,2,No Deposit,146,0,0,Transient-Party,93.39,0,1,Check-Out,2016-06-15
Resort Hotel,1,39,2016,April,40,11,0,5,5,2,0,0,2,BB,PRT,Direct,Corporate,0,0,0,E,E,0,No Deposit,79,22,0,Transient,94.75,0,0,Canceled,2016-06-15
City Hotel,1,78,2015,April,41,17,0,2,2,2,0,0,2,FB,NLD,Corporate,TA/TO,0,0,0,A,A,0,No Deposit,344,22,0,Transient-Party,77.11,0,0,Canceled,2016-06-15
City Hotel,0,18,2017,August,46,2,0,1,1,2,0,0,2,BB,BEL,Online TA,TA/TO,0,0,0,F,F,0,No Deposit,472,0,0,Contract,102.89,0,0,Check-Out,2016-06-15
City Hotel,1,2,2017,August,8,1,1,7,8,2,0,0,2,Undefined,ESP,Groups,TA/TO,0,0,0,A,A,0,No Deposit,45,22,0,Transient,153.58,0,0,Canceled,2016-06-15
Resort Hotel,1,41,2015,September,24,28,1,2,3,2,0,0,2,BB,BEL,Online TA,TA/TO,0,0,0,A,A,0,No Deposit,408,22,0,Transient,154.93,0,0,Canceled,2016-06-15
Resort Hotel,1,200,2017,March,16,28,1,3,4,2,0,0,2,BB,PRT,Online TA,TA/TO,0,0,0,A,A,0,No Deposit,169,0,0,Transient,106.32,0,2,Canceled,2016-06-15
City Hotel,0,4,2017,May,27,6,0,1,1,2,0,0,2,HB,PRT,Online TA,GDS,0,0,0,A,A,0,No Deposit,98,22,0,Transient,42.76,0,0,Check-Out,2016-06-15
Resort Hotel,1,56,2016,February,2,11,0,2,2,1,0,0,1,BB,NLD,Online TA,Direct,0,0,0,D,D,0,No Deposit,289,22,0,Transient,139.24,0,0,Canceled,2016-06-15
City Hotel,0,143,2016,July,20,4,2,2,4,1,1,0,2,BB,NLD,Online TA,Direct,0,0,0,A,A,0,No Deposit,26,0,0,Transient,77.47,0,0,Check-Out,2016-06-15
City Hotel,0,306,2015,April,51,24,0,5,5,1,0,0,1,Undefined,BEL,Online TA,TA/TO,1,0,0,E,E,1,No Deposit,268,0,0,Transient,86.85,0,0,Check-Out,2016-06-15
City Hotel,1,423,2016,August,20,11,1,1,2,2,0,0,2,BB,PRT,Online TA,TA/TO,0,0,0,A,A,0,No Deposit,55,0,0,Transient,117.0,0,2,Canceled,2016-06-15
Resort Hotel,1,54,2015,January,20,5,0,4,4,1,0,0,1,BB,GBR,Groups,TA/TO,0,0,0,A,A,0,No Deposit,220,0,0,Transient,77.48,0,0,Canceled,2016-06-15
Resort Hotel,0,300,2016,January,19,10,0,3,3,2,0,0,2,BB,GBR,Corporate,TA/TO,0,0,0,A,E,0,No Deposit,219,22,0,Transient,116.76,0,1,Check-Out,2016-06-15
Resort Hotel,0,3,2016,June,51,5,0,2,2,2,0,0,2,BB,PRT,Online TA,TA/TO,0,0,0,D,D,0,Refundable,210,0,10,Transient,94.92,0,0,Check-Out,2016-06-15
City Hotel,1,137,2017,November,18,27,2,5,7,2,0,0,2,HB,NLD,Groups,TA/TO,0,0,0,A,A,0,No Deposit,327,22,0,Transient,76.45,0,0,Canceled,2016-06-15
City Hotel,0,102,2017,October,13,27,0,1,1,2,0,0,2,SC,PRT,Offline TA/TO,TA/TO,0,0,0,A,A,1,No Deposit,457,0,0,Transient-Party,113.67,0,0,Check-Out,2016-06-15
Resort Hotel,1,28,2016,December,17,24,2,7,9,2,0,0,2,BB,PRT,Online TA,TA/TO,0,0,0,A,A,1,No Deposit,280,22,0,Transient,80.05,0,1,Canceled,2016-06-15
City Hotel,0,70,2017,June,33,27,2,5,7,2,0,0,2,BB,PRT,Offline TA/TO,TA/TO,0,0,0,F,F,0,No Deposit,351,0,0,Transient,100.81,0,0,Check-Out,2016-06-15
City Hotel,0,13,2016,January,28,26,1,2,3,2,0,0,2,BB,ITA,Direct,TA/TO,0,0,0,A,A,0,No Deposit,267,22,0,Transient,54.81,0,0,Check-Out,2016-06-15
Resort Hotel,0,205,2016,May,5,22,1,2,3,2,1,0,3,HB,NLD,Offline TA/TO,TA/TO,0,0,0,A,A,0,Non Refund,487,22,0,Transient,149.38,0,1,Check-Out,2016-06-15
City Hotel,1,44,2015,August,28,22,2,1,3,2,0,0,2,BB,FRA,Groups,TA/TO,0,0,1,A,A,0,No Deposit,72,22,0,Transient,49.66,0,0,Canceled,2016-06-15
City Hotel,1,98,2017,March,25,3,1,2,3,2,0,0,2,BB,NLD,Online TA,TA/TO,0,0,0,A,A,0,No Deposit,69,22,0,Contract,96.95,0,0,Canceled,2016-06-15
Resort Hotel,0,17,2017,April,20,6,0,2,2,2,0,0,2,HB,NLD,Groups,TA/TO,0,0,0,G,G,2,No Deposit,480,22,0,Contract,127.72,0,0,Check-Out,2016-06-15
Resort Hotel,0,23,2017,January,21,26,1,5,6,2,2,0,4,BB,NLD,Corporate,TA/TO,0,0,0,D,F,0,No Deposit,400,22,0,Transient-Party,140.85,0,2,Check-Out,2016-06-15
City Hotel,1,482,2017,June,13,13,0,2,2,2,0,0,2,BB,PRT,Corporate,Direct,0,0,0,E,E,1,No Deposit,385,0,0,Transient,99.53,0,1,Canceled,2016-06-15
City Hotel,0,139,2016,March,6,16,0,3,3,2,0,0,2,HB,GBR,Online TA,Corporate,0,0,0,A,A,0,No Deposit,411,22,0,Transient,83.98,0,1,Check-Out,2016-06-15
City Hotel,0,326,2017,February,29,7,2,3,5,2,0,0,2,HB,ITA,Direct,TA/TO,0,0,0,A,A,0,No Deposit,80,22,0,Transient-Party,107.12,1,0,Check-Out,2016-06-15
City Hotel,1,35,2016,June,42,18,2,3,5,1,0,0,1,BB,GBR,Offline TA/TO,TA/TO,0,0,0,D,D,0,No Deposit,152,22,0,Transient,49.35,0,1,Canceled,2016-06-15
City Hotel,1,17,2015,May,9,3,1,1,2,2,1,0,3,SC,IRL,Online TA,TA/TO,0,0,0,A,A,0,No Deposit,336,0,0,Transient,21.74,0,2,Canceled,2016-06-15
City Hotel,0,69,2016,July,29,6,1,1,2,2,0,0,2,BB,PRT,Corporate,TA/TO,0,0,0,A,A,0,No Deposit,325,22,0,Transient,102.09,1,1,Check-Out,2016-06-15
City Hotel,1,68,2016,September,38,10,2,1,3,2,0,0,2,BB,GBR,Offline TA/TO,TA/TO,0,0,0,A,A,0,No Deposit,49,22,0,Group,110.41,0,0,Canceled,2016-06-15
City Hotel,0,19,2016,February,1,16,1,1,2,1,1,0,2,HB,BEL,Online TA,Direct,0,0,0,A,A,0,Non Refund,426,0,0,Transient,104.15,0,0,Check-Out,2016-06-15
Resort Hotel,0,132,2015,September,30,25,1,2,3,2,0,0,2,BB,PRT,Offline TA/TO,Direct,0,0,0,A,A,0,No Deposit,459,0,0,Transient,109.78,0,1,Check-Out,2016-06-15
City Hotel,0,44,2015,January,50,13,1,3,4,2,0,0,2,BB,NLD,Groups,TA/TO,0,0,0,E,E,0,No Deposit,457,22,0,Transient-Party,152.02,0,0,Check-Out,2016-06-15
City Hotel,0,20,2016,June,32,25,0,1,1,2,0,0,2,BB,IRL,Online TA,TA/TO,0,0,0,A,A,0,Non Refund,363,22,0,Transient,102.95,0,0,Check-Out,2016-06-15
City Hotel,1,40,2015,July,23,24,0,4,4,1,0,0,1,BB,FRA,Groups,TA/TO,0,0,0,A,A,0,No Deposit,178,22,0,Transient,117.65,0,1,Canceled,2016-06-15
City Hotel,0,82,2015,November,39,24,4,2,6,2,0,0,2,BB,GBR,Corporate,TA/TO,1,0,0,A,A,0,No Deposit,82,22,0,Transient,85.76,0,1,Check-Out,2016-06-15
Resort Hotel,1,129,2016,July,10,9,3,3,6,2,0,0,2,SC,NLD,Online TA,TA/TO,1,0,0,A,A,0,Non Refund,129,0,0,Transient,59.7,0,1,Canceled,2016-06-15
Resort Hotel,1,65,2017,March,44,27,1,3,4,2,0,0,2,BB,IRL,Offline TA/TO,TA/TO,0,0,0,D,D,0,No Deposit,324,0,0,Transient,130.04,1,1,Canceled,2016-06-15
Resort Hotel,1,74,2017,July,21,16,1,1,2,2,2,0,4,HB,DEU,Online TA,TA/TO,0,0,0,A,A,0,No Deposit,414,22,0,Transient,24.23,0,1,Canceled,2016-06-15
City Hotel,0,14,2016,May,26,11,2,2,4,2,0,0,2,HB,NLD,Online TA,TA/TO,0,0,0,A,A,0,No Deposit,230,0,0,Transient,37.69,0,2,Check-Out,2016-06-15
City Hotel,0,246,2017,June,15,9,2,2,4,2,0,0,2,BB,PRT,Groups,TA/TO,1,0,0,A,A,0,No Deposit,398,0,0,Transient-Party,160.86,0,0,Check-Out,2016-06-15
Resort Hotel,0,264,2016,March,17,10,0,3,3,2,0,0,2,BB,PRT,Groups,TA/TO,0,0,0,A,A,1,No Deposit,22,0,0,Transient,121.38,0,0,Check-Out,2016-06-15
City Hotel,0,115,2016,July,35,11,0,4,4,2,0,0,2,BB,PRT,Online TA,TA/TO,0,0,0,A,A,0,No Deposit,322,22,0,Transient,112.27,0,0,Check-Out,2016-06-15
City Hotel,1,1,2016,March,25,25,0,7,7,2,0,0,2,BB,FRA,Online TA,TA/TO,0,0,0,A,A,0,No Deposit,233,0,0,Transient-Party,167.36,0,0,Canceled,2016-06-15
City Hotel,1,77,2016,September,15,21,4,1,5,2,1,0,3,SC,NLD,Online TA,TA/TO,0,0,0,A,A,0,No Deposit,68,22,0,Transient,124.22,0,0,Canceled,2016-06-15
City Hotel,1,99,2016,July,33,22,2,6,8,2,0,0,2,BB,NLD,Online TA,TA/TO,0,0,0,A,A,0,No Deposit,134,0,0,Transient,71.43,0,0,Canceled,2016-06-15
City Hotel,0,523,2016,February,11,15,0,3,3,2,0,0,2,BB,FRA,Online TA,TA/TO,0,0,0,A,A,1,Non Refund,480,22,0,Transient,79.28,0,0,Check-Out,2016-06-15
City Hotel,1,553,2016,October,24,21,2,2,4,1,0,0,1,BB,PRT,Groups,TA/TO,0,0,0,D,D,0,No Deposit,218,0,0,Transient,153.02,0,0,Canceled,2016-06-15
Resort Hotel,0,194,2016,July,6,13,2,2,4,3,0,0,3,BB,NLD,Offline TA/TO,TA/TO,0,0,0,A,A,0,No Deposit,13,22,0,Transient,96.5,0,1,Check-Out,2016-06-15
Resort Hotel,1,6,2017,May,28,17,0,1,1,2,0,0,2,BB,NLD,Online TA,TA/TO,0,0,0,D,D,0,No Deposit,268,0,0,Transient,99.47,0,1,Canceled,2016-06-15
City Hotel,0,306,2016,January,29,4,1,3,4,4,0,0,4,BB,PRT,Online TA,TA/TO,0,0,0,D,D,0,No Deposit,325,0,0,Contract,52.67,0,0,Check-Out,2016-06-15
City Hotel,0,94,2017,August,48,11,1,6,7,2,0,0,2,BB,NLD,Offline TA/TO,TA/TO,0,0,0,D,D,0,No Deposit,355,22,0,Transient,79.77,0,0,Check-Out,2016-06-15
City Hotel,0,161,2016,May,21,1,2,1,3,1,0,0,1,BB,FRA,Online TA,TA/TO,1,0,1,A,A,0,No Deposit,307,22,0,Transient,100.43,0,0,Check-Out,2016-06-15
Resort Hotel,1,52,2017,October,12,28,1,2,3,1,0,0,1,BB,PRT,Online TA,TA/TO,0,0,0,A,A,1,No Deposit,488,0,10,Contract,146.24,0,0,Canceled,2016-06-15
City Hotel,0,38,2016,January,22,1,1,1,2,1,0,0,1,BB,NLD,Offline TA/TO,TA/TO,0,0,0,A,A,0,No Deposit,181,22,0,Transient,157.88,0,2,Check-Out,2016-06-15
City Hotel,0,62,2017,January,27,3,3,1,4,2,2,0,4,BB,PRT,Offline TA/TO,TA/TO,0,0,0,A,A,0,No Deposit,124,0,0,Transient,116.84,0,1,Check-Out,2016-06-15
Resort Hotel,1,15,2017,November,21,23,1,5,6,2,0,0,2,BB,PRT,Offline TA/TO,TA/TO,0,0,0,A,A,0,No Deposit,295,22,0,Transient-Party,124.5,0,2,Canceled,2016-06-15
City Hotel,0,44,2016,December,15,15,0,2,2,1,0,0,1,BB,NLD,Corporate,Direct,0,0,0,A,A,1,No Deposit,385,0,0,Transient,90.05,0,0,Check-Out,2016-06-15
City Hotel,0,194,2016,January,18,1,0,1,1,2,0,0,2,BB,PRT,Groups,TA/TO,0,0,0,A,A,0,No Deposit,28,0,0,Transient,71.08,0,0,Check-Out,2016-06-15
City Hotel,0,3,2015,August,10,23,0,5,5,2,0,0,2,SC,ESP,Corporate,TA/TO,0,0,0,A,A,0,No Deposit,214,0,0,Transient,93.56,0,1,Check-Out,2016-06-15
City Hotel,1,16,2017,April,22,26,1,2,3,2,0,0,2,BB,NLD,Offline TA/TO,TA/TO,0,0,0,A,A,0,No Deposit,333,0,0,Transient,124.04,0,0,Canceled,2016-06-15
City Hotel,0,13,2015,August,44,26,0,1,1,2,0,0,2,SC,NLD,Online TA,TA/TO,0,0,0,B,B,1,No Deposit,320,22,0,Transient-Party,60.77,0,1,Check-Out,2016-06-15
Resort Hotel,0,51,2016,October,20,16,2,3,5,2,0,0,2,BB,PRT,Online TA,TA/TO,0,0,0,G,G,1,Non Refund,365,22,0,Transient-Party,63.82,0,2,Check-Out,2016-06-15
City Hotel,0,580,2016,February,19,17,2,2,4,3,1,0,4,BB,FRA,Groups,TA/TO,0,0,0,A,A,0,No Deposit,199,22,0,Transient,129.88,0,0,Check-Out,2016-06-15
City Hotel,1,19,2016,April,28,9,2,4,6,1,0,0,1,BB,PRT,Online TA,TA/TO,0,0,0,E,E,0,No Deposit,28,0,10,Transient,34.35,0,2,Canceled,2016-06-15
City Hotel,1,15,2016,January,37,5,2,3,5,2,0,0,2,SC,PRT,Online TA,TA/TO,0,0,0,A,A,0,No Deposit,256,22,0,Transient,54.55,0,1,Canceled,2016-06-15
City Hotel,1,246,2017,January,50,6,0,2,2,2,0,0,2,BB,NLD,Groups,TA/TO,0,0,0,E,E,0,No Deposit,79,22,0,Transient,94.69,1,0,Canceled,2016-06-15
City Hotel,0,213,2016,January,51,15,1,1,2,2,0,0,2,BB,GBR,Online TA,TA/TO,0,0,0,A,A,0,No Deposit,282,22,0,Transient-Party,183.15,0,0,Check-Out,2016-06-15
City Hotel,0,3,2017,September,44,28,0,5,5,2,0,0,2,BB,PRT,Direct,TA/TO,0,0,0,B,F,0,No Deposit,204,22,0,Transient,79.84,0,0,Check-Out,2016-06-15
Resort Hotel,0,139,2016,April,1,9,0,1,1,2,1,0,3,BB,DEU,Online TA,Corporate,0,0,0,A,A,0,No Deposit,375,22,0,Transient,111.31,0,0,Check-Out,2016-06-15
City Hotel,0,106,2015,June,34,27,2,7,9,3,0,0,3,BB,PRT,Online TA,TA/TO,0,0,0,D,D,0,No Deposit,109,0,0,Transient,95.36,0,0,Check-Out,2016-06-15
City Hotel,0,145,2015,September,35,3,1,1,2,2,0,0,2,HB,NLD,Corporate,TA/TO,0,0,0,B,B,0,No Deposit,38,0,0,Transient,98.78,0,1,Check-Out,2016-06-15
City Hotel,0,68,2017,June,26,19,0,4,4,2,0,0,2,BB,ITA,Offline TA/TO,TA/TO,0,0,0,F,F,0,No Deposit,152,0,0,Transient-Party,27.06,0,1,Check-Out,2016-06-15
City Hotel,0,475,2015,June,30,21,0,4,4,3,0,0,3,BB,GBR,Online TA,Corporate,0,0,0,A,A,0,No Deposit,196,22,0,Transient,151.86,0,0,Check-Out,2016-06-15
Resort Hotel,0,4,2016,January,12,13,1,2,3,2,0,0,2,BB,GBR,Direct,TA/TO,0,0,0,E,E,0,No Deposit,496,0,0,Transient,71.5,0,0,Check-Out,2016-06-15
City Hotel,0,26,2015,July,14,13,0,2,2,2,1,0,3,BB,NLD,Direct,TA/TO,0,0,0,A,A,0,No Deposit,310,22,0,Transient,55.43,1,0,Check-Out,2016-06-15
City Hotel,1,50,2016,February,39,23,0,3,3,2,0,0,2,BB,NLD,Online TA,Corporate,0,0,0,D,D,0,No Deposit,160,22,0,Transient,185.59,0,0,Canceled,2016-06-15
City Hotel,0,59,2017,September,4,3,2,2,4,2,0,0,2,BB,NLD,Groups,TA/TO,0,0,0,A,F,0,No Deposit,365,22,0,Transient,87.16,1,3,Check-Out,2016-06-15
City Hotel,0,254,2016,April,12,20,2,3,5,2,0,0,2,BB,FRA,Offline TA/TO,TA/TO,1,0,0,A,A,0,No Deposit,390,0,0,Transient,150.37,0,0,Check-Out,2016-06-15
City Hotel,0,82,2015,August,24,14,2,2,4,2,0,0,2,HB,NLD,Groups,TA/TO,0,0,0,A,G,0,No Deposit,448,0,0,Transient,61.31,0,2,Check-Out,2016-06-15
Resort Hotel,1,4,2016,August,40,2,1,3,4,1,0,0,1,BB,FRA,Online TA,TA/TO,0,0,0,A,A,0,Non Refund,130,22,30,Transient,135.62,0,2,Canceled,2016-06-15
City Hotel,0,52,2016,July,31,25,0,1,1,1,0,0,1,HB,DEU,Offline TA/TO,Direct,0,0,0,A,A,0,No Deposit,229,22,0,Transient,132.55,0,2,Check-Out,2016-06-15
Resort Hotel,1,53,2015,April,1,10,2,1,3,2,0,0,2,BB,FRA,Online TA,TA/TO,0,0,0,F,F,0,No Deposit,445,22,0,Transient,94.58,0,0,Canceled,2016-06-15
City Hotel,1,336,2016,April,37,9,2,2,4,2,0,0,2,BB,DEU,Online TA,Direct,0,0,0,A,A,0,No Deposit,160,22,0,Contract,109.05,0,1,Canceled,2016-06-15
Resort Hotel,0,91,2016,October,1,13,1,2,3,2,0,0,2,BB,FRA,Online TA,TA/TO,0,0,0,A,A,0,Non Refund,342,22,0,Transient,72.02,0,2,Check-Out,2016-06-15
Resort Hotel,0,100,2015,January,15,11,2,5,7,2,0,0,2,BB,PRT,Online TA,TA/TO,0,0,1,A,A,1,No Deposit,293,22,0,Transient-Party,137.81,0,1,Check-Out,2016-06-15
City Hotel,1,124,2016,March,13,2,1,2,3,2,0,0,2,BB,PRT,Corporate,TA/TO,0,0,0,A,A,0,No Deposit,368,0,0,Transient-Party,98.47,0,0,Canceled,2016-06-15
City Hotel,1,146,2016,July,29,16,0,2,2,2,0,0,2,BB,NLD,Online TA,TA/TO,0,0,0,A,A,0,No Deposit,367,22,0,Transient,49.79,0,0,Canceled,2016-06-15
City Hotel,1,100,2016,September,45,5,2,3,5,2,0,0,2,HB,FRA,Online TA,TA/TO,0,0,0,D,D,0,No Deposit,199,0,0,Transient,122.56,0,0,Canceled,2016-06-15
City Hotel,1,27,2016,May,4,1,1,1,2,2,0,0,2,HB,NLD,Offline TA/TO,TA/TO,0,0,0,A,A,1,No Deposit,440,22,0,Transient,106.12,0,0,Canceled,2016-06-15
City Hotel,0,207,2016,August,15,8,1,5,6,2,0,0,2,BB,ITA,Online TA,TA/TO,0,0,0,A,A,0,No Deposit,487,22,0,Transient,107.69,0,0,Check-Out,2016-06-15
City Hotel,0,131,2016,July,44,22,0,2,2,2,0,0,2,HB,PRT,Corporate,TA/TO,0,0,2,A,A,0,No Deposit,290,0,0,Transient,44.65,0,1,Check-Out,2016-06-15
City Hotel,0,135,2017,February,40,16,0,6,6,1,0,0,1,BB,PRT,Online TA,TA/TO,0,0,0,A,A,0,No Deposit,456,0,0,Transient,170.11,0,0,Check-Out,2016-06-15
Resort Hotel,0,567,2015,August,48,14,0,2,2,2,0,0,2,SC,NLD,Groups,TA/TO,0,0,2,A,A,0,No Deposit,349,22,0,Transient-Party,99.19,0,1,Check-Out,2016-06-15
City Hotel,0,162,2016,September,12,26,0,2,2,2,0,0,2,HB,PRT,Online TA,TA/TO,0,0,0,A,A,0,No Deposit,486,22,5,Transient,104.12,0,0,Check-Out,2016-06-15
City Hotel,0,176,2016,December,25,26,0,4,4,2,0,0,2,BB,PRT,Online TA,TA/TO,0,0,0,A,A,0,No Deposit,445,22,0,Transient,100.46,0,0,Check-Out,2016-06-15
City Hotel,1,302,2016,January,27,2,0,3,3,2,0,0,2,BB,PRT,Online TA,TA/TO,0,0,0,E,E,1,No Deposit,85,22,0,Transient-Party,137.52,0,0,Canceled,2016-06-15
Resort Hotel,1,16,2017,August,6,18,1,3,4,2,0,0,2,BB,FRA,Online TA,TA/TO,0,0,0,A,A,0,No Deposit,126,0,0,Transient,144.0,0,0,Canceled,2016-06-15
Resort Hotel,1,68,2016,June,23,26,4,2,6,2,0,0,2,BB,PRT,Direct,TA/TO,0,0,0,A,G,0,No Deposit,187,22,0,Transient,114.99,0,1,Canceled,2016-06-15
Resort Hotel,0,86,2016,January,15,21,2,2,4,1,0,0,1,BB,PRT,Online TA,TA/TO,0,0,0,A,E,0,Non Refund,74,22,0,Transient,157.4,0,1,Check-Out,2016-06-15
City Hotel,1,39,2016,July,39,7,0,2,2,2,1,0,3,BB,BRA,Direct,Direct,0,0,0,D,B,0,No Deposit,118,0,0,Transient,116.07,0,0,Canceled,2016-06-15
City Hotel,0,182,2017,February,5,25,2,1,3,2,0,0,2,BB,NLD,Online TA,TA/TO,0,1,0,A,A,0,No Deposit,200,22,0,Transient-Party,92.18,0,0,Check-Out,2016-06-15
Resort Hotel,0,143,2017,May,23,25,1,1,2,2,0,0,2,BB,NLD,Offline TA/TO,TA/TO,0,0,0,C,C,1,No Deposit,446,22,0,Transient,80.38,0,1,Check-Out,2016-06-15
City Hotel,0,127,2016,April,15,12,1,4,5,2,0,0,2,HB,NLD,Groups,TA/TO,0,0,0,A,A,0,No Deposit,47,0,0,Contract,109.82,0,1,Check-Out,2016-06-15
City Hotel,1,586,2017,May,25,15,0,4,4,3,0,0,3,BB,PRT,Online TA,TA/TO,0,0,0,A,A,0,No Deposit,54,22,0,Transient,0.0,0,0,Canceled,2016-06-15
City Hotel,0,30,2015,June,30,27,0,6,6,1,0,0,1,BB,PRT,Online TA,TA/TO,0,0,0,A,A,0,No Deposit,375,0,0,Transient,96.0,0,0,Check-Out,2016-06-15
City Hotel,1,132,2016,May,44,22,2,3,5,2,0,0,2,BB,PRT,Offline TA/TO,TA/TO,0,0,0,F,F,0,No Deposit,251,0,0,Transient,93.06,0,1,Canceled,2016-06-15
Resort Hotel,0,80,2016,July,43,2,1,2,3,2,1,0,3,BB,DEU,Online TA,TA/TO,0,2,0,A,A,0,No Deposit,150,22,0,Transient,75.39,0,1,Check-Out,2016-06-15
City Hotel,0,37,2015,April,4,22,0,1,1,2,0,0,2,HB,NLD,Groups,TA/TO,0,0,0,A,A,0,No Deposit,79,22,0,Transient,100.68,0,0,Check-Out,2016-06-15
City Hotel,1,17,2016,August,13,17,0,5,5,2,0,0,2,BB,ESP,Offline TA/TO,TA/TO,0,0,0,A,A,1,No Deposit,167,22,0,Transient,116.93,0,0,Canceled,2016-06-15
City Hotel,0,226,2017,October,50,27,0,2,2,2,0,0,2,BB,GBR,Offline TA/TO,Corporate,0,0,0,A,A,0,No Deposit,79,0,0,Transient-Party,122.05,0,3,Check-Out,2016-06-15
City Hotel,0,90,2016,April,40,11,1,3,4,2,0,0,2,FB,NLD,Online TA,TA/TO,0,0,0,A,A,0,No Deposit,489,22,0,Transient,105.87,0,0,Check-Out,2016-06-15
Resort Hotel,0,174,2016,July,39,2,2,2,4,2,0,0,2,HB,FRA,Corporate,TA/TO,0,0,0,A,A,0,No Deposit,288,0,0,Transient,103.98,0,2,Check-Out,2016-06-15
City Hotel,0,78,2016,August,23,28,2,2,4,2,0,0,2,BB,PRT,Online TA,Direct,0,1,0,A,A,0,No Deposit,475,22,0,Transient,159.97,0,0,Check-Out,2016-06-15
Resort Hotel,0,24,2016,July,16,19,2,4,6,2,0,0,2,HB,ESP,Online TA,TA/TO,0,0,0,D,D,0,No Deposit,378,22,0,Transient,156.44,0,1,Check-Out,2016-06-15
City Hotel,0,41,2016,May,35,5,2,3,5,3,0,0,3,SC,PRT,Corporate,TA/TO,0,0,0,A,A,0,No Deposit,441,0,0,Transient-Party,85.43,0,1,Check-Out,2016-06-15
City Hotel,0,48,2016,August,16,26,0,7,7,2,0,0,2,BB,PRT,Online TA,TA/TO,0,0,0,A,F,0,No Deposit,415,22,0,Transient,141.69,0,0,Check-Out,2016-06-15
Resort Hotel,0,360,2016,January,48,17,0,2,2,1,0,0,1,HB,DEU,Groups,TA/TO,0,0,0,A,A,0,No Deposit,208,22,0,Transient,73.46,0,2,Check-Out,2016-06-15
City Hotel,1,0,2016,May,7,16,1,2,3,1,0,0,1,BB,BEL,Online TA,TA/TO,0,0,0,A,A,1,No Deposit,320,0,0,Transient-Party,102.77,0,1,Canceled,2016-06-15
Resort Hotel,0,424,2015,July,45,28,0,1,1,2,0,0,2,BB,PRT,Groups,TA/TO,0,0,3,A,A,1,No Deposit,282,0,0,Transient-Party,74.28,0,0,Check-Out,2016-06-15
City Hotel,1,393,2015,January,13,26,2,2,4,2,0,0,2,BB,ESP,Direct,TA/TO,0,0,0,A,A,0,No Deposit,199,0,0,Transient,121.87,0,1,Canceled,2016-06-15
City Hotel,1,555,2016,July,51,13,0,5,5,2,0,0,2,BB,NLD,Online TA,TA/TO,0,0,0,A,A,0,Non Refund,370,0,0,Transient,74.58,0,0,Canceled,2016-06-15
City Hotel,0,64,2016,August,50,13,1,2,3,1,0,0,1,BB,NLD,Online TA,TA/TO,1,0,0,A,C,0,No Deposit,268,22,0,Transient,104.1,0,0,Check-Out,2016-06-15
City Hotel,1,331,2016,September,29,13,0,4,4,2,0,0,2,BB,FRA,Direct,TA/TO,0,0,0,A,A,0,No Deposit,487,0,0,Group,108.7,0,0,Canceled,2016-06-15
City Hotel,1,50,2015,February,39,5,1,7,8,2,0,0,2,HB,PRT,Online TA,TA/TO,0,0,1,A,A,0,No Deposit,7,22,0,Transient,75.07,0,0,Canceled,2016-06-15
City Hotel,0,2,2016,December,20,5,1,1,2,2,0,0,2,BB,PRT,Online TA,TA/TO,0,0,0,A,A,1,No Deposit,62,0,0,Transient,119.71,0,0,Check-Out,2016-06-15
City Hotel,0,25,2017,July,50,20,2,2,4,1,0,0,1,BB,NLD,Offline TA/TO,TA/TO,0,0,0,A,A,1,No Deposit,362,0,0,Transient,153.77,0,0,Check-Out,2016-06-15
City Hotel,1,290,2017,May,29,19,0,2,2,2,0,0,2,BB,PRT,Groups,TA/TO,0,0,0,A,E,1,No Deposit,13,0,0,Contract,111.12,0,0,Canceled,2016-06-15
Resort Hotel,0,1,2017,April,18,7,1,1,2,2,0,0,2,BB,NLD,Online TA,TA/TO,0,0,0,A,A,1,No Deposit,272,22,0,Transient-Party,118.13,1,0,Check-Out,2016-06-15
City Hotel,0,78,2015,July,22,11,0,1,1,2,0,0,2,BB,GBR,Direct,TA/TO,0,0,0,A,A,0,No Deposit,447,22,0,Transient,156.49,0,0,Check-Out,2016-06-15
Resort Hotel,0,7,2016,October,36,23,0,2,2,2,1,0,3,BB,GBR,Direct,TA/TO,0,0,0,A,A,1,No Deposit,451,0,0,Transient-Party,81.31,0,1,Check-Out,2016-06-15
City Hotel,1,33,2016,July,41,1,0,2,2,2,0,0,2,BB,FRA,Groups,TA/TO,0,0,0,D,D,1,No Deposit,143,22,0,Transient,128.49,1,1,Canceled,2016-06-15
Resort Hotel,0,9,2016,August,48,7,1,3,4,1,0,0,1,BB,PRT,Online TA,Direct,0,0,0,A,A,0,No Deposit,3,22,0,Transient,112.84,0,1,Check-Out,2016-06-15
Resort Hotel,0,196,2015,May,36,3,1,4,5,2,0,0,2,SC,BRA,Offline TA/TO,TA/TO,0,0,0,A,A,1,No Deposit,292,22,0,Transient,116.4,0,0,Check-Out,2016-06-15
City Hotel,0,89,2017,May,8,13,0,2,2,2,0,0,2,BB,PRT,Direct,TA/TO,0,0,0,A,A,0,No Deposit,316,22,0,Transient,110.95,0,1,Check-Out,2016-06-15
City Hotel,1,232,2016,April,3,3,0,1,1,2,0,0,2,HB,ESP,Online TA,TA/TO,0,0,0,A,A,0,No Deposit,253,22,0,Transient-Party,93.18,0,0,Canceled,2016-06-15
City Hotel,0,116,2016,August,29,6,0,1,1,2,1,0,3,HB,PRT,Online TA,TA/TO,0,0,0,B,B,0,Non Refund,21,0,0,Transient,91.65,0,1,Check-Out,2016-06-15
Resort Hotel,1,354,2016,May,9,22,1,2,3,2,0,0,2,BB,PRT,Corporate,TA/TO,0,0,0,F,F,1,No Deposit,243,0,0,Transient,125.62,1,2,Canceled,2016-06-15
City Hotel,1,71,2016,March,8,27,1,5,6,2,0,0,2,BB,PRT,Online TA,TA/TO,0,0,0,A,A,0,No Deposit,339,22,0,Transient,150.86,1,0,Canceled,2016-06-15
City Hotel,1,101,2016,May,30,15,2,7,9,2,0,0,2,SC,PRT,Offline TA/TO,TA/TO,0,0,0,A,A,0,No Deposit,76,22,0,Transient,103.66,0,1,Canceled,2016-06-15
City Hotel,0,85,2016,October,12,4,1,1,2,2,0,0,2,BB,PRT,Online TA,TA/TO,0,0,0,A,A,1,No Deposit,154,0,0,Transient-Party,125.46,0,0,Check-Out,2016-06-15
Resort Hotel,0,66,2016,August,46,5,1,1,2,2,0,0,2,HB,PRT,Online TA,TA/TO,0,0,0,A,A,0,No Deposit,322,22,0,Transient,122.56,1,0,Check-Out,2016-06-15
City Hotel,1,187,2017,May,28,3,0,2,2,2,0,0,2,BB,NLD,Direct,TA/TO,0,0,0,A,A,0,No Deposit,312,0,0,Transient,126.7,0,2,Canceled,2016-06-15
Resort Hotel,0,103,2016,October,42,19,0,2,2,2,0,0,2,HB,GBR,Online TA,Corporate,0,0,0,A,A,0,No Deposit,185,22,0,Transient,79.2,0,0,Check-Out,2016-06-15
City Hotel,1,161,2017,February,49,25,2,4,6,2,1,0,3,BB,NLD,Online TA,TA/TO,0,0,0,A,A,1,Non Refund,212,0,0,Transient,100.47,0,1,Canceled,2016-06-15
City Hotel,1,154,2016,January,43,21,1,4,5,2,0,0,2,BB,NLD,Offline TA/TO,TA/TO,0,0,0,C,C,0,Non Refund,157,22,0,Transient,68.56,0,2,Canceled,2016-06-15
City Hotel,0,21,2016,February,10,16,2,5,7,2,0,0,2,Undefined,FRA,Online TA,TA/TO,0,0,0,A,B,0,No Deposit,348,0,0,Transient,99.36,0,1,Check-Out,2016-06-15
City Hotel,1,105,2016,February,13,17,4,5,9,2,0,0,2,BB,ESP,Direct,TA/TO,0,0,0,A,A,0,Non Refund,162,22,0,Transient-Party,78.4,0,0,Canceled,2016-06-15
City Hotel,1,22,2017,February,2,9,2,2,4,1,2,0,3,BB,DEU,Offline TA/TO,TA/TO,0,0,0,A,A,0,No Deposit,58,22,0,Transient,106.12,0,1,Canceled,2016-06-15
City Hotel,1,87,2015,August,1,26,4,1,5,2,0,0,2,BB,DEU,Offline TA/TO,Direct,0,0,0,A,A,1,No Deposit,382,22,0,Transient-Party,44.62,0,0,Canceled,2016-06-15
City Hotel,1,113,2016,July,22,22,1,1,2,2,0,0,2,HB,ESP,Offline TA/TO,Corporate,0,0,0,A,A,1,No Deposit,295,0,0,Transient,78.06,0,1,Canceled,2016-06-15
City Hotel,1,589,2016,August,33,9,0,3,3,1,0,0,1,BB,ESP,Online TA,Direct,0,0,0,A,B,0,No Deposit,131,0,0,Contract,85.77,0,0,Canceled,2016-06-15
City Hotel,0,3,2015,August,16,14,0,2,2,1,0,0,1,BB,FRA,Groups,TA/TO,0,0,0,A,A,0,No Deposit,426,22,0,Transient,113.28,0,1,Check-Out,2016-06-15
City Hotel,0,9,2015,September,42,27,2,1,3,2,0,0,2,BB,NLD,Online TA,TA/TO,0,0,0,B,B,1,No Deposit,420,0,0,Transient,57.65,0,0,Check-Out,2016-06-15
City Hotel,1,8,2017,March,29,23,0,1,1,1,0,0,1,SC,BEL,Offline TA/TO,TA/TO,0,0,0,A,C,1,No Deposit,247,22,0,Transient,107.52,0,0,Canceled,2016-06-15
City Hotel,0,50,2015,August,10,11,0,1,1,2,0,0,2,BB,PRT,Groups,TA/TO,1,0,0,A,A,0,No Deposit,291,22,5,Transient,89.79,0,0,Check-Out,2016-06-15
City Hotel,0,172,2015,July,39,26,1,2,3,2,0,0,2,BB,PRT,Online TA,TA/TO,0,0,0,A,A,0,No Deposit,72,0,0,Transient,105.86,0,1,Check-Out,2016-06-15
City Hotel,1,185,2017,November,7,10,0,5,5,1,0,0,1,BB,FRA,Online TA,TA/TO,0,0,0,A,A,1,No Deposit,344,22,0,Transient,109.39,0,2,Canceled,2016-06-15
Resort Hotel,1,133,2017,April,1,23,1,3,4,2,0,0,2,BB,PRT,Online TA,TA/TO,0,0,0,D,E,0,No Deposit,30,22,0,Transient,126.01,0,2,Canceled,2016-06-15
City Hotel,0,227,2016,January,26,5,1,3,4,2,0,0,2,BB,NLD,Direct,TA/TO,0,0,0,A,E,2,No Deposit,80,22,0,Transient,133.54,0,1,Check-Out,2016-06-15
City Hotel,1,38,2016,August,45,23,1,1,2,2,0,0,2,BB,FRA,Offline TA/TO,TA/TO,0,0,0,A,B,0,No Deposit,427,0,0,Transient-Party,73.63,0,0,Canceled,2016-06-15
Resort Hotel,1,9,2016,September,5,26,1,4,5,2,0,0,2,BB,NLD,Offline TA/TO,TA/TO,0,0,0,A,A,1,No Deposit,494,22,0,Transient,121.79,0,0,Canceled,2016-06-15
Resort Hotel,1,5,2017,April,35,4,0,3,3,2,0,0,2,BB,PRT,Offline TA/TO,Corporate,0,0,0,B,B,0,No Deposit,435,0,0,Transient,59.63,0,1,Canceled,2016-06-15
City Hotel,1,191,2017,July,13,11,0,3,3,2,0,0,2,HB,DEU,Online TA,TA/TO,0,0,0,A,A,0,No Deposit,406,0,0,Transient,111.04,0,0,Canceled,2016-06-15
City Hotel,0,131,2017,January,27,27,2,1,3,2,0,0,2,BB,GBR,Online TA,Corporate,0,0,0,D,D,0,Non Refund,328,0,0,Transient,108.72,0,0,Check-Out,2016-06-15
City Hotel,0,119,2016,December,12,6,0,4,4,1,0,0,1,BB,NLD,Online TA,TA/TO,0,0,0,B,B,1,No Deposit,425,22,0,Transient-Party,106.48,0,0,Check-Out,2016-06-15
Resort Hotel,0,41,2016,February,30,2,1,4,5,2,1,0,3,BB,NLD,Corporate,TA/TO,0,0,0,A,A,0,No Deposit,293,0,0,Transient,71.68,0,0,Check-Out,2016-06-15
City Hotel,0,47,2015,February,50,26,1,5,6,2,0,0,2,BB,DEU,Online TA,TA/TO,0,0,0,G,C,0,No Deposit,79,22,0,Transient,99.79,1,0,Check-Out,2016-06-15
Resort Hotel,1,317,2015,January,32,3,0,2,2,2,0,0,2,BB,PRT,Direct,TA/TO,0,0,0,F,F,0,No Deposit,9,0,0,Transient,81.98,0,1,Canceled,2016-06-15
City Hotel,1,6,2017,June,31,18,0,2,2,2,0,0,2,BB,FRA,Online TA,TA/TO,0,0,0,A,A,0,No Deposit,166,0,0,Contract,91.52,0,0,Canceled,2016-06-15
Resort Hotel,1,148,2015,February,5,26,0,1,1,2,0,0,2,BB,PRT,Groups,Direct,0,0,0,A,A,0,No Deposit,157,22,0,Transient-Party,162.66,0,0,Canceled,2016-06-15
Resort Hotel,1,37,2016,September,37,18,0,1,1,2,0,0,2,BB,FRA,Online TA,TA/TO,0,0,0,A,A,0,No Deposit,296,22,0,Transient,109.27,0,0,Canceled,2016-06-15
Resort Hotel,1,3,2017,October,2,7,0,1,1,2,0,0,2,BB,FRA,Online TA,Direct,0,0,0,G,G,0,No Deposit,398,0,0,Contract,133.83,0,2,Canceled,2016-06-15
City Hotel,0,135,2016,April,38,21,3,1,4,3,0,0,3,BB,GBR,Online TA,TA/TO,0,0,0,B,B,1,Non Refund,174,22,0,Transient-Party,170.38,0,2,Check-Out,2016-06-15
Resort Hotel,1,40,2015,August,7,13,1,1,2,2,0,0,2,BB,PRT,Offline TA/TO,TA/TO,0,0,0,E,E,0,Non Refund,221,22,0,Transient,73.14,0,1,Canceled,2016-06-15
City Hotel,1,128,2017,January,1,13,0,5,5,2,0,0,2,BB,ESP,Corporate,TA/TO,0,0,0,A,A,0,No Deposit,174,0,0,Transient,62.87,1,0,Canceled,2016-06-15
City Hotel,0,122,2017,May,3,6,1,2,3,2,0,0,2,HB,PRT,Online TA,TA/TO,0,0,0,D,D,0,No Deposit,92,22,0,Transient-Party,150.04,0,2,Check-Out,2016-06-15
City Hotel,0,76,2017,April,20,3,0,4,4,1,0,0,1,HB,PRT,Corporate,TA/TO,0,0,0,A,A,0,No Deposit,78,22,0,Transient,58.0,0,2,Check-Out,2016-06-15
City Hotel,1,150,2016,April,2,10,0,2,2,1,0,0,1,BB,NLD,Offline TA/TO,TA/TO,0,0,2,G,G,0,No Deposit,373,22,0,Transient,68.42,0,0,Canceled,2016-06-15
City Hotel,0,86,2016,August,42,21,2,1,3,2,0,0,2,BB,NLD,Groups,TA/TO,0,0,0,A,A,0,No Deposit,68,0,0,Transient,120.32,0,0,Check-Out,2016-06-15
Resort Hotel,0,33,2015,March,43,5,2,2,4,2,0,0,2,BB,ESP,Offline TA/TO,TA/TO,0,0,0,A,A,0,No Deposit,486,0,0,Transient,79.98,0,0,Check-Out,2016-06-15
City Hotel,0,132,2016,October,21,11,1,4,5,1,0,0,1,BB,NLD,Online TA,TA/TO,0,0,0,D,D,0,Non Refund,167,22,0,Transient,111.71,0,0,Check-Out,2016-06-15
Resort Hotel,1,88,2016,August,45,4,2,2,4,2,0,0,2,BB,FRA,Online TA,TA/TO,0,0,0,D,D,0,No Deposit,180,0,0,Transient,119.57,0,0,Canceled,2016-06-15
Resort Hotel,0,1,2017,August,32,10,2,1,3,3,1,0,4,BB,PRT,Offline TA/TO,TA/TO,0,0,0,D,D,0,No Deposit,162,0,0,Transient,36.12,1,0,Check-Out,2016-06-15
City Hotel,0,231,2016,November,48,4,1,1,2,2,0,0,2,BB,PRT,Online TA,Direct,0,0,0,A,A,1,No Deposit,479,22,0,Transient,161.05,0,0,Check-Out,2016-06-15
City Hotel,0,78,2016,November,20,28,2,3,5,2,0,0,2,BB,FRA,Groups,TA/TO,0,0,0,A,G,0,No Deposit,17,22,0,Transient,182.95,0,0,Check-Out,2016-06-15
City Hotel,0,202,2017,July,43,13,1,2,3,1,0,0,1,BB,NLD,Groups,TA/TO,0,0,0,A,A,0,No Deposit,116,0,0,Transient,98.03,0,0,Check-Out,2016-06-15
City Hotel,1,214,2017,June,50,8,0,2,2,1,0,0,1,BB,PRT,Groups,TA/TO,0,0,0,A,D,0,No Deposit,205,22,0,Transient,130.11,0,0,Canceled,2016-06-15
City Hotel,1,58,2016,May,31,6,2,2,4,1,0,0,1,BB,PRT,Direct,TA/TO,0,0,0,D,D,1,No Deposit,190,0,0,Transient,188.14,0,0,Canceled,2016-06-15
Resort Hotel,0,70,2017,August,43,11,0,3,3,2,1,0,3,BB,GBR,Groups,TA/TO,0,0,0,A,A,0,No Deposit,334,22,0,Transient,113.1,0,0,Check-Out,2016-06-15
Resort Hotel,0,53,2017,July,33,2,0,1,1,2,0,0,2,HB,PRT,Groups,TA/TO,0,0,0,A,A,0,Non Refund,212,0,0,Transient,56.11,0,0,Check-Out,2016-06-15
Resort Hotel,0,59,2017,November,24,18,0,3,3,1,0,0,1,BB,ESP,Offline TA/TO,TA/TO,0,0,0,A,A,0,No Deposit,279,0,0,Transient,113.33,0,1,Check-Out,2016-06-15
Resort Hotel,0,225,2017,April,18,18,2,2,4,1,2,0,3,BB,PRT,Online TA,TA/TO,0,0,0,E,E,0,No Deposit,68,0,30,Transient,68.67,0,0,Check-Out,2016-06-15
City Hotel,1,155,2017,May,20,22,0,7,7,1,0,0,1,HB,PRT,Online TA,Direct,0,0,0,A,A,0,No Deposit,379,22,0,Contract,97.2,1,0,Canceled,2016-06-15
City Hotel,0,13,2016,May,32,12,1,3,4,2,0,0,2,BB,NLD,Online TA,TA/TO,0,0,0,D,B,1,Non Refund,312,22,0,Transient,145.41,0,0,Check-Out,2016-06-15
Resort Hotel,0,94,2015,September,5,17,1,3,4,2,2,0,4,BB,ITA,Online TA,Corporate,0,1,0,A,A,0,No Deposit,318,22,0,Transient,147.57,0,1,Check-Out,2016-06-15
City Hotel,0,549,2016,February,2,19,1,1,2,2,0,0,2,HB,PRT,Groups,Direct,0,0,0,A,D,1,No Deposit,273,22,0,Transient,54.31,0,0,Check-Out,2016-06-15
City Hotel,0,90,2015,June,26,17,0,3,3,2,0,0,2,BB,ESP,Direct,TA/TO,0,1,0,C,C,0,No Deposit,155,0,0,Transient,121.87,0,1,Check-Out,2016-06-15
Resort Hotel,1,154,2015,June,25,4,1,4,5,2,0,0,2,BB,PRT,Groups,TA/TO,0,0,0,A,A,0,No Deposit,385,0,0,Transient,92.31,0,0,Canceled,2016-06-15
Resort Hotel,0,146,2016,February,50,17,4,3,7,2,0,0,2,HB,NLD,Corporate,TA/TO,0,0,0,D,D,2,No Deposit,401,22,0,Transient,70.16,0,0,Check-Out,2016-06-15
Resort Hotel,1,43,2015,June,22,16,0,4,4,3,0,0,3,BB,NLD,Online TA,TA/TO,0,0,0,A,A,0,No Deposit,53,0,0,Transient,111.24,0,0,Canceled,2016-06-15
Resort Hotel,0,46,2017,July,39,9,2,2,4,2,0,0,2,BB,FRA,Online TA,Corporate,0,0,0,A,A,0,No Deposit,62,0,0,Transient,121.01,0,0,Check-Out,2016-06-15
Resort Hotel,0,128,2017,February,22,11,0,2,2,2,0,0,2,SC,GBR,Groups,TA/TO,0,0,0,D,D,0,No Deposit,403,22,0,Transient,146.51,0,1,Check-Out,2016-06-15
City Hotel,0,69,2015,July,11,12,1,2,3,2,0,0,2,BB,PRT,Online TA,TA/TO,0,0,0,A,A,0,No Deposit,292,22,0,Transient,120.98,0,0,Check-Out,2016-06-15
Resort Hotel,0,84,2016,November,11,11,2,2,4,1,0,0,1,BB,PRT,Direct,TA/TO,0,0,0,A,A,0,No Deposit,282,0,0,Transient,94.39,0,2,Check-Out,2016-06-15
City Hotel,0,124,2017,December,45,13,2,1,3,2,0,0,2,BB,ESP,Offline TA/TO,TA/TO,0,0,0,A,A,0,No Deposit,274,22,0,Transient,96.08,0,2,Check-Out,2016-06-15
City Hotel,0,150,2017,July,4,22,0,2,2,2,1,0,3,Undefined,FRA,Direct,TA/TO,0,0,0,A,A,0,No Deposit,206,0,0,Transient-Party,151.71,0,0,Check-Out,2016-06-15
City Hotel,0,31,2017,July,33,8,1,1,2,2,0,0,2,BB,PRT,Online TA,TA/TO,0,0,0,A,A,0,No Deposit,69,0,0,Transient,87.75,0,0,Check-Out,2016-06-15
City Hotel,0,15,2017,April,18,14,0,4,4,3,0,0,3,BB,ESP,Offline TA/TO,TA/TO,0,0,0,A,A,1,No Deposit,37,0,0,Transient-Party,89.12,0,1,Check-Out,2016-06-15
Resort Hotel,0,34,2017,December,31,18,1,3,4,2,0,0,2,HB,FRA,Groups,TA/TO,0,1,0,A,A,0,No Deposit,485,0,0,Transient,102.09,0,0,Check-Out,2016-06-15
City Hotel,0,70,2016,April,44,14,2,3,5,1,0,0,1,BB,PRT,Online TA,TA/TO,0,0,0,C,C,1,No Deposit,432,0,0,Transient-Party,101.16,0,0,Check-Out,2016-06-15
City Hotel,0,41,2016,June,28,16,0,3,3,2,0,0,2,Undefined,BRA,Online TA,TA/TO,0,0,0,A,A,0,No Deposit,213,0,0,Transient,89.9,0,1,Check-Out,2016-06-15
Resort Hotel,0,84,2017,January,42,15,2,3,5,1,0,0,1,BB,PRT,Offline TA/TO,TA/TO,0,0,0,A,A,0,No Deposit,427,22,0,Transient,144.77,0,0,Check-Out,2016-06-15
Resort Hotel,1,5,2016,May,22,22,0,3,3,1,0,0,1,SC,FRA,Online TA,Corporate,0,0,0,A,B,0,No Deposit,33,0,0,Transient,113.31,0,0,Canceled,2016-06-15
City Hotel,1,71,2017,February,40,20,1,1,2,2,0,0,2,BB,ESP,Offline TA/TO,Corporate,0,0,0,A,A,1,Non Refund,444,0,0,Transient,160.46,0,1,Canceled,2016-06-15
City Hotel,0,45,2016,September,3,7,1,5,6,2,1,0,3,BB,NLD,Online TA,TA/TO,0,0,0,A,A,1,No Deposit,20,0,0,Transient-Party,158.3,0,0,Check-Out,2016-06-15
City Hotel,0,76,2017,July,7,8,1,3,4,2,0,0,2,BB,GBR,Offline TA/TO,Direct,0,0,0,A,A,0,No Deposit,464,0,0,Transient,122.0,0,2,Check-Out,2016-06-15
City Hotel,0,54,2016,July,20,6,0,3,3,4,0,0,4,BB,PRT,Online TA,TA/TO,0,0,0,A,A,0,No Deposit,198,22,0,Transient,94.72,0,1,Check-Out,2016-06-15
City Hotel,1,33,2016,April,43,13,0,2,2,2,0,0,2,BB,PRT,Corporate,TA/TO,0,0,0,F,F,0,No Deposit,236,0,0,Transient,53.95,0,1,Canceled,2016-06-15
Resort Hotel,0,234,2016,September,7,17,2,1,3,2,0,0,2,SC,PRT,Online TA,GDS,0,0,0,A,A,0,No Deposit,472,22,0,Contract,80.24,0,2,Check-Out,2016-06-15
Resort Hotel,1,20,2017,January,7,8,2,5,7,4,0,0,4,BB,BRA,Online TA,TA/TO,0,0,0,A,D,0,No Deposit,490,0,0,Transient,154.61,1,0,Canceled,2016-06-15
Resort Hotel,0,114,2016,May,29,11,1,7,8,2,0,0,2,BB,NLD,Online TA,Corporate,0,0,0,A,A,0,No Deposit,120,0,0,Transient,89.68,1,0,Check-Out,2016-06-15
Resort Hotel,1,258,2017,August,26,17,1,4,5,2,0,0,2,BB,DEU,Groups,TA/TO,0,0,0,A,A,0,No Deposit,124,0,0,Transient-Party,76.02,0,1,Canceled,2016-06-15
City Hotel,0,77,2017,October,41,9,2,5,7,2,0,0,2,BB,NLD,Online TA,TA/TO,0,0,0,A,A,1,No Deposit,406,0,0,Transient-Party,142.54,1,0,Check-Out,2016-06-15
City Hotel,0,209,2017,April,3,2,1,1,2,2,0,0,2,BB,FRA,Online TA,TA/TO,0,0,0,A,A,1,Non Refund,192,0,0,Transient-Party,106.86,0,0,Check-Out,2016-06-15
City Hotel,0,13,2017,July,43,27,0,1,1,2,0,0,2,BB,FRA,Online TA,TA/TO,0,0,0,D,D,0,No Deposit,304,22,0,Contract,100.83,0,1,Check-Out,2016-06-15
Resort Hotel,0,68,2016,July,17,10,2,5,7,2,0,0,2,BB,NLD,Direct,TA/TO,0,0,3,A,D,0,No Deposit,343,22,0,Transient,129.41,0,0,Check-Out,2016-06-15
City Hotel,1,61,2016,October,40,22,0,1,1,2,0,0,2,SC,PRT,Groups,TA/TO,0,0,0,A,A,1,Non Refund,417,22,0,Transient,60.73,1,0,Canceled,2016-06-15
Resort Hotel,0,0,2015,January,20,24,2,1,3,2,0,0,2,BB,PRT,Online TA,TA/TO,0,0,0,A,A,0,Non Refund,350,22,0,Transient-Party,89.3,0,0,Check-Out,2016-06-15
Resort Hotel,0,58,2017,June,34,21,1,4,5,2,0,0,2,SC,NLD,Online TA,TA/TO,0,0,0,A,D,0,No Deposit,103,22,0,Transient,144.54,1,1,Check-Out,2016-06-15
Resort Hotel,0,46,2017,March,52,14,1,3,4,2,0,0,2,BB,ESP,Online TA,TA/TO,0,0,0,A,A,0,No Deposit,404,22,0,Transient,115.91,0,0,Check-Out,2016-06-15
City Hotel,1,110,2016,January,33,2,1,2,3,2,2,0,4,BB,BRA,Direct,TA/TO,0,0,1,A,B,0,Non Refund,447,0,0,Transient,127.23,0,0,Canceled,2016-06-15
City Hotel,1,278,2016,March,16,5,0,3,3,2,0,0,2,HB,DEU,Direct,TA/TO,0,0,0,A,A,0,No Deposit,417,0,0,Transient-Party,148.12,0,0,Canceled,2016-06-15
City Hotel,0,8,2016,December,23,17,1,5,6,1,0,0,1,BB,ITA,Online TA,TA/TO,0,0,0,A,A,0,No Deposit,488,0,0,Transient,137.81,0,0,Check-Out,2016-06-15
City Hotel,1,39,2015,April,4,24,1,4,5,2,0,0,2,HB,ESP,Online TA,TA/TO,0,0,0,A,A,0,No Deposit,80,0,0,Transient,89.59,1,0,Canceled,2016-06-15
City Hotel,0,58,2016,November,41,8,0,3,3,2,0,0,2,BB,BEL,Online TA,TA/TO,0,0,0,A,A,0,No Deposit,461,0,0,Transient-Party,105.41,0,1,Check-Out,2016-06-15
Resort Hotel,1,60,2016,March,40,18,1,7,8,1,0,0,1,Undefined,PRT,Corporate,TA/TO,0,0,0,E,E,0,No Deposit,219,22,0,Transient,38.05,0,1,Canceled,2016-06-15
Resort Hotel,0,149,2015,November,33,22,0,2,2,2,0,0,2,BB,PRT,Groups,TA/TO,0,0,0,C,D,0,Non Refund,42,0,0,Transient,157.58,0,2,Check-Out,2016-06-15
City Hotel,1,58,2016,August,8,27,1,1,2,2,0,0,2,BB,FRA,Groups,TA/TO,0,0,0,A,A,0,No Deposit,334,22,0,Transient,117.85,0,0,Canceled,2016-06-15
City Hotel,0,2,2016,February,5,24,0,2,2,1,0,0,1,HB,IRL,Online TA,Direct,1,0,0,B,B,0,No Deposit,448,0,0,Transient,68.86,0,0,Check-Out,2016-06-15
City Hotel,0,123,2015,July,33,26,2,1,3,2,0,0,2,BB,PRT,Groups,TA/TO,0,0,0,A,A,1,No Deposit,391,22,0,Transient,46.55,0,1,Check-Out,2016-06-15
Resort Hotel,0,216,2016,May,25,8,0,1,1,2,0,0,2,BB,NLD,Online TA,Corporate,0,0,0,E,E,0,No Deposit,202,22,0,Transient,85.43,0,2,Check-Out,2016-06-15
City Hotel,0,72,2016,May,7,12,1,2,3,1,1,0,2,BB,PRT,Groups,TA/TO,0,0,0,A,A,1,No Deposit,255,0,0,Transient,97.21,0,2,Check-Out,2016-06-15
City Hotel,0,87,2015,June,47,14,2,2,4,2,2,0,4,BB,NLD,Corporate,TA/TO,0,0,0,A,A,0,No Deposit,76,22,0,Transient,104.27,0,0,Check-Out,2016-06-15
Resort Hotel,0,17,2015,June,7,23,2,2,4,2,0,0,2,BB,IRL,Offline TA/TO,TA/TO,0,0,0,A,A,0,No Deposit,360,0,0,Transient-Party,53.32,0,3,Check-Out,2016-06-15
City Hotel,0,24,2015,August,33,3,2,1,3,2,0,0,2,BB,PRT,Offline TA/TO,TA/TO,0,1,0,A,A,0,No Deposit,461,0,0,Transient,72.49,0,0,Check-Out,2016-06-15
City Hotel,0,26,2015,September,41,28,0,2,2,2,1,0,3,BB,PRT,Direct,TA/TO,0,0,0,A,A,0,No Deposit,321,22,0,Transient,112.12,0,0,Check-Out,2016-06-15
City Hotel,0,56,2017,May,33,14,3,2,5,1,0,0,1,BB,NLD,Direct,TA/TO,0,0,0,D,D,1,No Deposit,14,22,0,Transient,190.88,0,1,Check-Out,2016-06-15
Resort Hotel,1,263,2016,November,29,27,0,2,2,2,0,0,2,SC,PRT,Online TA,TA/TO,0,0,0,A,A,0,No Deposit,376,0,0,Transient,114.14,0,0,Canceled,2016-06-15
City Hotel,1,73,2015,November,44,4,1,1,2,2,0,0,2,BB,PRT,Groups,TA/TO,0,0,0,A,A,0,No Deposit,203,0,0,Transient,116.69,0,0,Canceled,2016-06-15
Resort Hotel,0,21,2015,January,39,1,0,2,2,2,0,0,2,BB,NLD,Offline TA/TO,Direct,0,0,0,D,D,1,No Deposit,91,22,0,Transient,56.97,0,1,Check-Out,2016-06-15
City Hotel,0,30,2016,January,41,9,2,3,5,1,0,0,1,BB,GBR,Online TA,TA/TO,0,0,0,A,A,0,No Deposit,266,22,0,Transient-Party,101.92,0,2,Check-Out,2016-06-15
City Hotel,0,48,2017,June,32,14,2,1,3,1,0,0,1,BB,ESP,Online TA,TA/TO,0,0,0,A,A,0,No Deposit,193,22,0,Transient,54.9,0,1,Check-Out,2016-06-15
City Hotel,1,97,2016,July,37,26,2,2,4,1,0,0,1,BB,PRT,Online TA,TA/TO,1,0,0,E,E,1,Non Refund,251,22,0,Transient,97.3,0,0,Canceled,2016-06-15
City Hotel,0,57,2015,April,44,10,0,4,4,2,0,0,2,HB,ESP,Online TA,TA/TO,0,0,0,F,F,0,No Deposit,79,0,0,Transient,165.17,0,0,Check-Out,2016-06-15
City Hotel,0,49,2016,April,29,18,0,1,1,2,0,0,2,BB,IRL,Online TA,TA/TO,0,0,0,A,A,0,No Deposit,106,0,0,Transient,78.5,0,1,Check-Out,2016-06-15
City Hotel,1,83,2016,August,22,10,1,1,2,1,0,0,1,BB,ESP,Direct,Corporate,0,0,1,D,D,1,No Deposit,73,22,0,Transient,108.3,1,2,Canceled,2016-06-15
Resort Hotel,0,27,2015,July,2,7,2,2,4,1,0,0,1,BB,NLD,Direct,TA/TO,0,0,0,A,A,0,Non Refund,109,22,0,Transient,68.57,0,2,Check-Out,2016-06-15
City Hotel,0,8,2016,March,50,8,0,5,5,2,0,0,2,SC,NLD,Online TA,TA/TO,0,0,0,E,E,0,No Deposit,279,0,0,Transient,120.92,0,1,Check-Out,2016-06-15
Resort Hotel,0,2,2016,October,9,14,2,7,9,2,0,0,2,SC,FRA,Online TA,TA/TO,0,0,0,D,D,0,No Deposit,269,0,0,Transient,92.68,0,0,Check-Out,2016-06-15
City Hotel,1,28,2015,August,29,4,1,1,2,2,0,0,2,BB,DEU,Online TA,TA/TO,0,0,0,A,A,3,Non Refund,200,22,0,Transient,44.23,0,0,Canceled,2016-06-15
City Hotel,0,9,2016,May,33,27,2,1,3,2,1,0,3,BB,PRT,Offline TA/TO,TA/TO,0,0,0,D,D,0,No Deposit,138,0,0,Transient,98.95,0,0,Check-Out,2016-06-15
City Hotel,1,40,2017,August,10,11,1,1,2,2,0,0,2,BB,GBR,Online TA,Corporate,0,0,0,A,A,0,No Deposit,398,22,0,Transient,167.44,0,0,Canceled,2016-06-15
City Hotel,0,148,2016,February,28,10,2,2,4,2,0,0,2,HB,DEU,Groups,Direct,0,0,0,A,A,0,No Deposit,421,0,30,Transient-Party,119.49,0,1,Check-Out,2016-06-15
City Hotel,1,125,2016,June,46,17,3,3,6,1,0,0,1,SC,ITA,Online TA,TA/TO,0,0,0,A,A,0,No Deposit,70,0,0,Transient,110.29,0,0,Canceled,2016-06-15
Resort Hotel,0,94,2016,March,46,5,0,7,7,2,0,0,2,BB,PRT,Online TA,TA/TO,0,0,0,A,A,0,Non Refund,388,0,0,Transient,83.57,0,0,Check-Out,2016-06-15
City Hotel,1,191,2016,January,39,10,0,5,5,1,0,0,1,SC,NLD,Offline TA/TO,TA/TO,0,0,0,A,A,0,No Deposit,140,22,0,Transient,87.43,0,0,Canceled,2016-06-15
City Hotel,1,33,2017,May,12,10,2,3,5,2,0,0,2,HB,DEU,Online TA,TA/TO,0,0,0,D,D,0,Non Refund,137,0,0,Transient,155.49,0,0,Canceled,2016-06-15
Resort Hotel,0,216,2016,March,22,22,0,2,2,2,0,0,2,BB,PRT,Online TA,TA/TO,0,0,0,A,A,0,Non Refund,269,0,0,Contract,94.54,0,0,Check-Out,2016-06-15
Resort Hotel,1,50,2015,August,6,7,1,2,3,1,0,0,1,BB,PRT,Direct,Direct,0,0,0,A,A,0,No Deposit,427,22,0,Transient-Party,112.22,1,0,Canceled,2016-06-15
City Hotel,0,51,2016,August,45,17,0,3,3,1,0,0,1,BB,DEU,Online TA,TA/TO,0,0,1,A,E,0,No Deposit,63,22,0,Transient-Party,118.61,0,1,Check-Out,2016-06-15
City Hotel,0,51,2016,March,40,20,1,3,4,1,0,0,1,BB,IRL,Direct,TA/TO,0,0,0,A,A,1,No Deposit,120,22,0,Transient,60.74,0,0,Check-Out,2016-06-15
City Hotel,0,10,2016,January,23,12,0,2,2,2,2,0,4,BB,NLD,Online TA,Corporate,0,0,0,A,A,0,No Deposit,290,0,0,Transient,19.97,1,3,Check-Out,2016-06-15
City Hotel,1,370,2017,September,34,5,0,2,2,1,0,0,1,BB,PRT,Direct,Direct,0,0,0,A,A,1,No Deposit,471,22,0,Transient-Party,61.72,1,2,Canceled,2016-06-15
Resort Hotel,0,14,2017,January,42,5,1,3,4,2,0,0,2,BB,FRA,Direct,TA/TO,0,0,0,A,A,0,No Deposit,155,0,5,Transient,51.0,0,1,Check-Out,2016-06-15
City Hotel,0,41,2015,May,38,23,0,3,3,2,2,0,4,BB,NLD,Offline TA/TO,TA/TO,0,0,0,D,D,0,No Deposit,23,22,0,Transient,149.67,0,1,Check-Out,2016-06-15
City Hotel,1,38,2017,June,16,4,1,2,3,2,0,0,2,BB,NLD,Groups,TA/TO,0,0,0,A,A,0,No Deposit,269,22,10,Transient,67.92,0,0,Canceled,2016-06-15
City Hotel,1,7,2016,September,10,26,0,3,3,2,0,0,2,BB,FRA,Online TA,TA/TO,0,0,0,F,F,0,No Deposit,407,0,0,Transient,80.9,0,1,Canceled,2016-06-15
City Hotel,1,16,2017,October,47,7,2,2,4,2,0,0,2,BB,ESP,Groups,TA/TO,0,1,0,F,F,0,Non Refund,352,22,0,Transient-Party,120.13,0,0,Canceled,2016-06-15
City Hotel,1,4,2017,August,21,24,1,2,3,1,0,0,1,BB,NLD,Online TA,TA/TO,0,0,0,D,D,0,No Deposit,323,0,0,Transient,80.67,0,2,Canceled,2016-06-15
City Hotel,0,34,2016,April,52,2,1,6,7,1,2,0,3,BB,PRT,Direct,TA/TO,0,0,0,A,B,0,No Deposit,114,0,0,Transient,132.98,0,0,Check-Out,2016-06-15
City Hotel,0,201,2016,August,10,1,1,3,4,2,0,0,2,SC,NLD,Groups,TA/TO,0,0,0,A,A,1,No Deposit,161,0,0,Transient,181.45,0,1,Check-Out,2016-06-15
Resort Hotel,0,41,2017,April,11,26,0,2,2,2,0,0,2,SC,NLD,Groups,TA/TO,0,0,0,A,A,1,No Deposit,40,0,0,Transient,145.75,0,1,Check-Out,2016-06-15
City Hotel,0,13,2016,April,21,10,2,2,4,2,0,0,2,BB,NLD,Groups,TA/TO,0,0,2,B,B,0,No Deposit,129,22,0,Transient-Party,130.59,0,0,Check-Out,2016-06-15
City Hotel,1,103,2016,July,25,1,2,2,4,2,0,0,2,BB,NLD,Online TA,TA/TO,1,0,0,E,E,1,No Deposit,290,22,0,Transient,79.5,0,0,Canceled,2016-06-15
City Hotel,1,568,2016,August,34,13,1,1,2,1,0,0,1,BB,PRT,Online TA,Direct,0,0,0,A,A,2,No Deposit,463,22,0,Transient,94.12,0,0,Canceled,2016-06-15
Resort Hotel,0,26,2017,January,31,17,0,2,2,2,0,1,3,BB,PRT,Online TA,Direct,0,0,0,D,D,0,No Deposit,358,22,0,Transient,105.92,0,2,Check-Out,2016-06-15
City Hotel,1,32,2017,February,27,9,2,5,7,1,0,0,1,SC,PRT,Online TA,TA/TO,0,0,0,A,D,1,No Deposit,428,22,0,Transient,145.75,0,3,Canceled,2016-06-15
Resort Hotel,0,357,2016,September,25,4,2,2,4,4,0,0,4,BB,GBR,Online TA,Direct,0,0,0,F,F,2,No Deposit,494,0,0,Transient,103.52,0,1,Check-Out,2016-06-15
City Hotel,0,19,2017,October,42,9,1,3,4,3,0,0,3,BB,GBR,Offline TA/TO,TA/TO,0,0,0,A,A,0,No Deposit,119,22,0,Transient-Party,94.29,0,0,Check-Out,2016-06-15
City Hotel,0,71,2016,July,32,7,3,1,4,1,0,0,1,SC,ITA,Direct,TA/TO,0,0,0,D,D,0,No Deposit,151,22,0,Transient,155.26,0,0,Check-Out,2016-06-15
City Hotel,0,27,2017,June,44,23,1,2,3,2,0,0,2,BB,NLD,Direct,Direct,0,0,3,D,D,0,No Deposit,362,0,0,Transient,138.44,0,0,Check-Out,2016-06-15
Resort Hotel,1,269,2016,October,11,2,0,5,5,2,0,0,2,BB,PRT,Groups,TA/TO,0,0,0,B,B,2,No Deposit,98,0,0,Transient-Party,48.24,0,0,Canceled,2016-06-15
City Hotel,0,399,2015,August,47,18,0,2,2,1,0,0,1,BB,FRA,Direct,TA/TO,0,0,0,A,A,0,No Deposit,45,0,0,Transient-Party,123.83,0,2,Check-Out,2016-06-15
City Hotel,0,168,2015,July,26,28,1,2,3,1,0,0,1,BB,GBR,Online TA,TA/TO,0,0,0,A,A,0,No Deposit,408,0,0,Transient,85.03,0,1,Check-Out,2016-06-15
City Hotel,0,37,2015,May,36,21,1,1,2,2,0,0,2,BB,NLD,Groups,TA/TO,1,0,0,A,F,0,Non Refund,227,22,0,Transient,198.58,0,1,Check-Out,2016-06-15
City Hotel,1,51,2015,March,37,15,0,1,1,1,0,0,1,BB,PRT,Corporate,TA/TO,0,1,0,A,D,0,No Deposit,130,0,0,Transient,96.8,0,0,Canceled,2016-06-15
City Hotel,0,27,2017,June,33,10,0,3,3,2,0,0,2,BB,PRT,Offline TA/TO,Direct,0,0,0,D,D,0,No Deposit,334,22,0,Transient,114.28,1,0,Check-Out,2016-06-15
City Hotel,0,221,2016,April,33,17,2,3,5,2,0,0,2,BB,PRT,Online TA,GDS,0,0,0,A,A,0,No Deposit,354,0,0,Transient-Party,138.91,0,0,Check-Out,2016-06-15
Resort Hotel,0,245,2017,May,42,7,0,3,3,2,0,0,2,BB,GBR,Online TA,TA/TO,0,0,0,A,A,0,No Deposit,385,0,0,Transient,152.91,0,0,Check-Out,2016-06-15
Resort Hotel,0,54,2016,July,36,11,1,2,3,2,0,0,2,BB,NLD,Online TA,TA/TO,0,0,0,A,A,0,No Deposit,11,22,0,Transient-Party,123.51,1,1,Check-Out,2016-06-15
City Hotel,0,106,2016,March,13,7,0,2,2,1,0,0,1,BB,ESP,Online TA,TA/TO,0,0,0,A,A,0,No Deposit,289,0,0,Transient,123.14,0,2,Check-Out,2016-06-15
City Hotel,0,18,2016,September,14,11,0,1,1,2,0,0,2,HB,FRA,Groups,TA/TO,0,0,0,A,A,2,No Deposit,108,22,0,Transient,139.98,0,0,Check-Out,2016-06-15
City Hotel,1,57,2017,March,51,24,1,4,5,2,0,0,2,BB,ESP,Groups,Direct,0,0,0,A,A,0,No Deposit,439,22,0,Transient,104.29,0,2,Canceled,2016-06-15
Resort Hotel,0,99,2016,June,37,23,2,2,4,2,0,0,2,SC,ESP,Groups,Direct,0,0,0,A,A,0,No Deposit,361,22,0,Transient,98.6,0,1,Check-Out,2016-06-15
Resort Hotel,0,48,2017,September,43,24,2,1,3,4,0,0,4,BB,ITA,Online TA,TA/TO,0,2,0,D,D,0,No Deposit,270,22,0,Transient,130.77,0,0,Check-Out,2016-06-15
City Hotel,0,44,2017,June,40,15,0,1,1,2,0,0,2,SC,NLD,Online TA,TA/TO,0,0,0,A,A,0,No Deposit,118,0,0,Transient,127.7,0,0,Check-Out,2016-06-15
Resort Hotel,0,0,2015,May,1,19,1,2,3,2,0,0,2,BB,NLD,Online TA,TA/TO,0,0,0,A,A,2,No Deposit,303,22,0,Contract,107.35,0,0,Check-Out,2016-06-15
City Hotel,0,163,2015,June,5,19,2,1,3,1,0,0,1,SC,FRA,Groups,TA/TO,0,0,0,A,A,1,No Deposit,264,0,0,Transient-Party,122.21,0,0,Check-Out,2016-06-15
Resort Hotel,0,220,2017,October,30,24,0,5,5,1,0,0,1,HB,NLD,Direct,TA/TO,0,0,0,A,A,0,Refundable,380,0,0,Transient,147.55,0,0,Check-Out,2016-06-15
City Hotel,0,348,2017,December,18,25,0,2,2,2,0,0,2,BB,NLD,Online TA,TA/TO,0,0,0,A,A,0,Non Refund,142,0,10,Transient,95.3,0,0,Check-Out,2016-06-15
City Hotel,0,127,2016,August,45,10,4,7,11,2,0,0,2,BB,NLD,Online TA,TA/TO,0,0,0,D,D,0,Non Refund,140,22,0,Transient,45.06,0,0,Check-Out,2016-06-15
Resort Hotel,1,79,2016,September,37,16,2,3,5,2,0,0,2,BB,PRT,Corporate,Direct,0,0,0,E,E,0,No Deposit,211,22,0,Transient,86.93,0,1,Canceled,2016-06-15
City Hotel,0,31,2016,January,39,20,1,4,5,2,0,0,2,HB,ITA,Online TA,TA/TO,0,0,0,A,A,0,No Deposit,492,22,0,Transient,130.12,0,0,Check-Out,2016-06-15
Resort Hotel,0,700,2016,October,12,8,1,2,3,2,0,0,2,BB,PRT,Online TA,Direct,0,0,0,A,D,2,No Deposit,418,0,0,Transient,97.06,0,0,Check-Out,2016-06-15
City Hotel,1,89,2016,November,34,1,1,1,2,1,0,0,1,BB,NLD,Online TA,Direct,1,1,0,C,C,0,No Deposit,114,22,0,Transient-Party,96.93,0,0,Canceled,2016-06-15
City Hotel,1,114,2016,July,45,2,1,3,4,2,0,0,2,BB,PRT,Groups,TA/TO,0,1,0,A,A,0,No Deposit,353,0,0,Transient,81.05,0,1,Canceled,2016-06-15
City Hotel,0,114,2016,September,14,10,1,2,3,2,0,0,2,BB,NLD,Groups,TA/TO,0,0,0,A,A,0,No Deposit,103,22,0,Transient,118.73,0,2,Check-Out,2016-06-15
City Hotel,0,186,2016,July,38,10,0,6,6,1,1,0,2,BB,DEU,Online TA,TA/TO,0,0,3,A,A,1,No Deposit,249,22,0,Transient,127.46,0,0,Check-Out,2016-06-15
City Hotel,1,0,2017,April,16,10,0,1,1,2,0,0,2,BB,DEU,Online TA,TA/TO,0,0,0,A,A,0,No Deposit,3,0,10,Transient,93.41,0,0,Canceled,2016-06-15
Resort Hotel,1,24,2017,October,42,9,3,3,6,2,0,0,2,BB,NLD,Online TA,TA/TO,0,0,0,B,B,0,Non Refund,116,0,0,Transient-Party,123.27,0,0,Canceled,2016-06-15
Resort Hotel,0,109,2017,July,11,18,0,5,5,2,0,0,2,HB,NLD,Offline TA/TO,TA/TO,0,0,0,A,A,0,No Deposit,18,22,0,Transient,153.32,0,1,Check-Out,2016-06-15
City Hotel,0,225,2017,July,33,2,1,2,3,1,0,1,2,BB,PRT,Groups,Corporate,0,0,0,D,D,0,Non Refund,280,0,0,Transient,76.22,0,0,Check-Out,2016-06-15
City Hotel,1,115,2016,August,15,24,3,6,9,2,0,0,2,BB,PRT,Online TA,TA/TO,0,1,0,A,A,0,No Deposit,137,0,0,Transient,95.75,0,0,Canceled,2016-06-15
City Hotel,1,53,2017,October,48,5,0,1,1,2,0,0,2,BB,BEL,Online TA,TA/TO,1,0,0,A,A,0,No Deposit,277,22,0,Transient,105.79,0,0,Canceled,2016-06-15
City Hotel,1,44,2017,August,42,21,0,3,3,1,0,0,1,BB,PRT,Offline TA/TO,TA/TO,0,0,0,A,A,1,No Deposit,174,22,0,Transient-Party,95.17,0,0,Canceled,2016-06-15
City Hotel,0,133,2017,April,10,11,3,4,7,1,0,0,1,BB,ESP,Online TA,TA/TO,0,0,0,A,A,0,No Deposit,35,22,0,Transient-Party,89.12,0,0,Check-Out,2016-06-15
City Hotel,0,135,2016,June,3,6,2,1,3,1,0,0,1,BB,GBR,Online TA,TA/TO,0,0,0,A,A,0,No Deposit,156,0,0,Transient-Party,121.84,0,0,Check-Out,2016-06-15
City Hotel,1,93,2016,December,11,8,1,1,2,2,0,0,2,FB,GBR,Groups,Direct,0,0,0,A,A,0,No Deposit,315,22,0,Transient-Party,98.72,0,1,Canceled,2016-06-15
City Hotel,0,34,2015,July,11,8,1,1,2,2,0,0,2,SC,PRT,Offline TA/TO,TA/TO,0,0,2,E,E,0,No Deposit,224,0,0,Transient,141.43,0,0,Check-Out,2016-06-15
City Hotel,1,259,2015,November,16,25,0,2,2,2,0,0,2,BB,IRL,Online TA,TA/TO,0,0,0,A,E,0,No Deposit,367,0,0,Transient,103.98,0,1,Canceled,2016-06-15
Resort Hotel,0,80,2017,September,38,10,1,1,2,1,0,0,1,BB,ESP,Online TA,TA/TO,0,0,0,A,E,0,No Deposit,60,22,0,Transient,78.03,0,0,Check-Out,2016-06-15
Resort Hotel,0,156,2016,August,30,11,2,1,3,1,0,0,1,BB,NLD,Online TA,GDS,1,0,0,A,A,0,No Deposit,444,0,0,Transient,111.65,0,1,Check-Out,2016-06-15
Resort Hotel,1,24,2017,May,41,19,0,2,2,1,0,0,1,FB,GBR,Offline TA/TO,TA/TO,0,0,0,F,F,0,No Deposit,235,0,0,Transient,163.68,0,0,Canceled,2016-06-15
Resort Hotel,0,42,2016,May,1,25,0,1,1,2,0,0,2,BB,GBR,Groups,TA/TO,0,0,0,D,D,0,Non Refund,241,0,0,Transient-Party,110.52,0,1,Check-Out,2016-06-15
Resort Hotel,0,207,2016,August,38,14,0,7,7,2,0,0,2,SC,PRT,Online TA,Direct,0,0,0,A,B,0,No Deposit,191,0,0,Transient,115.59,0,2,Check-Out,2016-06-15
City Hotel,0,5,2015,June,50,11,0,3,3,1,0,0,1,BB,DEU,Online TA,TA/TO,0,0,0,A,A,0,Non Refund,353,0,0,Transient-Party,150.56,0,2,Check-Out,2016-06-15
City Hotel,0,71,2016,September,45,3,2,1,3,2,0,0,2,HB,PRT,Online TA,Direct,0,2,0,A,A,0,No Deposit,468,22,0,Transient,68.8,0,2,Check-Out,2016-06-15
City Hotel,1,65,2016,September,34,1,1,3,4,1,0,0,1,BB,NLD,Online TA,Corporate,0,0,0,A,A,0,No Deposit,351,22,0,Transient,117.6,0,2,Canceled,2016-06-15
City Hotel,1,139,2016,May,19,28,0,4,4,1,0,0,1,BB,NLD,Online TA,Direct,0,2,0,A,A,0,No Deposit,64,0,30,Transient,93.83,0,2,Canceled,2016-06-15
Resort Hotel,1,33,2015,August,34,27,2,1,3,1,0,0,1,BB,IRL,Online TA,Corporate,0,0,0,B,B,0,Non Refund,370,0,0,Transient,59.8,1,1,Canceled,2016-06-15
Resort Hotel,0,24,2017,June,36,21,0,4,4,2,0,0,2,FB,PRT,Online TA,TA/TO,0,0,0,A,A,0,No Deposit,372,22,0,Transient,101.4,1,0,Check-Out,2016-06-15
Resort Hotel,0,260,2016,May,4,23,4,3,7,1,0,0,1,BB,GBR,Online TA,TA/TO,0,0,0,A,A,2,No Deposit,45,0,0,Contract,109.59,0,0,Check-Out,2016-06-15
City Hotel,0,84,2017,June,10,3,2,4,6,2,0,0,2,BB,PRT,Corporate,TA/TO,0,0,0,A,A,0,No Deposit,297,22,0,Transient,40.29,0,0,Check-Out,2016-06-15
Resort Hotel,0,11,2015,October,17,9,2,3,5,2,0,0,2,BB,PRT,Online TA,TA/TO,1,0,0,A,A,2,No Deposit,211,22,0,Transient,30.02,0,0,Check-Out,2016-06-15
Resort Hotel,0,21,2016,May,16,1,0,3,3,2,0,0,2,BB,GBR,Groups,TA/TO,0,0,0,A,A,0,No Deposit,76,22,0,Transient,78.68,0,2,Check-Out,2016-06-15
City Hotel,0,674,2016,April,21,22,0,1,1,1,0,0,1,HB,FRA,Groups,TA/TO,0,0,0,A,A,0,No Deposit,209,0,0,Transient,118.18,0,2,Check-Out,2016-06-15
City Hotel,0,21,2017,May,28,12,0,2,2,2,0,0,2,FB,FRA,Offline TA/TO,TA/TO,0,0,0,D,D,0,No Deposit,273,22,0,Transient,99.74,1,0,Check-Out,2016-06-15
Resort Hotel,0,94,2016,April,8,12,0,2,2,2,0,0,2,BB,NLD,Online TA,TA/TO,0,0,0,A,A,0,No Deposit,260,0,0,Transient,159.58,0,0,Check-Out,2016-06-15
City Hotel,0,54,2016,July,29,6,2,1,3,2,0,0,2,BB,FRA,Offline TA/TO,TA/TO,0,0,0,A,A,2,No Deposit,473,22,0,Transient,100.12,0,0,Check-Out,2016-06-15
City Hotel,0,216,2017,March,6,8,0,2,2,2,0,0,2,SC,NLD,Offline TA/TO,TA/TO,0,0,1,A,A,0,Non Refund,477,22,0,Contract,98.38,0,0,Check-Out,2016-06-15
City Hotel,1,140,2015,September,30,3,1,2,3,2,0,0,2,HB,PRT,Groups,TA/TO,0,0,0,F,F,0,Non Refund,275,0,0,Contract,107.25,1,0,Canceled,2016-06-15
City Hotel,0,90,2015,April,2,28,1,1,2,1,0,0,1,Undefined,PRT,Corporate,Direct,0,0,0,A,A,1,Non Refund,196,0,0,Transient,131.51,0,0,Check-Out,2016-06-15
Resort Hotel,0,1,2017,July,47,21,0,1,1,2,0,0,2,BB,GBR,Online TA,Corporate,0,0,0,A,A,0,No Deposit,286,22,0,Transient,80.36,0,3,Check-Out,2016-06-15
Resort Hotel,1,211,2016,February,31,11,0,1,1,2,0,0,2,BB,NLD,Online TA,TA/TO,0,0,0,A,A,0,No Deposit,404,0,0,Transient,124.39,0,1,Canceled,2016-06-15
City Hotel,1,58,2016,December,25,26,2,3,5,2,0,0,2,BB,PRT,Groups,TA/TO,0,0,0,A,A,0,No Deposit,47,0,0,Transient-Party,123.75,0,3,Canceled,2016-06-15
City Hotel,1,268,2016,June,23,11,0,2,2,2,0,0,2,BB,GBR,Direct,TA/TO,0,0,0,A,A,0,No Deposit,477,0,0,Transient,82.67,0,0,Canceled,2016-06-15
City Hotel,1,68,2015,September,43,5,0,2,2,2,0,0,2,BB,PRT,Online TA,TA/TO,0,0,0,A,A,0,No Deposit,45,22,0,Transient,139.98,0,0,Canceled,2016-06-15
City Hotel,0,118,2015,September,21,24,2,1,3,2,0,0,2,BB,NLD,Direct,TA/TO,0,0,0,A,A,0,No Deposit,276,0,0,Transient,130.61,0,3,Check-Out,2016-06-15
City Hotel,0,7,2016,August,16,7,1,4,5,2,0,0,2,SC,PRT,Direct,TA/TO,0,0,0,D,D,0,No Deposit,139,0,0,Transient,144.61,0,0,Check-Out,2016-06-15
City Hotel,1,136,2017,September,4,19,2,3,5,2,0,0,2,BB,GBR,Online TA,TA/TO,0,0,0,A,A,0,No Deposit,192,0,0,Transient,128.57,0,0,Canceled,2016-06-15
City Hotel,1,41,2016,February,43,7,2,2,4,1,0,0,1,BB,NLD,Online TA,TA/TO,0,0,0,A,A,0,No Deposit,491,0,0,Transient,152.88,0,1,Canceled,2016-06-15
City Hotel,1,43,2016,August,46,10,2,1,3,2,0,0,2,BB,PRT,Online TA,TA/TO,1,0,0,A,A,0,No Deposit,244,22,0,Transient,126.44,0,1,Canceled,2016-06-15
Resort Hotel,0,12,2017,April,8,8,0,3,3,1,0,0,1,BB,NLD,Online TA,TA/TO,0,0,0,A,A,0,No Deposit,20,0,0,Transient,45.91,0,2,Check-Out,2016-06-15
City Hotel,1,15,2016,September,6,21,1,5,6,2,0,0,2,BB,GBR,Online TA,TA/TO,0,0,0,D,D,0,No Deposit,31,22,0,Transient,35.05,0,1,Canceled,2016-06-15
Resort Hotel,1,20,2017,November,27,27,1,1,2,2,0,0,2,BB,PRT,Groups,Corporate,0,0,0,A,A,0,No Deposit,277,0,0,Transient,112.84,0,3,Canceled,2016-06-15
Resort Hotel,0,39,2017,October,51,21,2,3,5,2,1,0,3,HB,PRT,Offline TA/TO,TA/TO,0,0,0,A,A,0,Non Refund,103,0,0,Transient,147.0,0,1,Check-Out,2016-06-15
City Hotel,0,222,2016,February,36,14,1,2,3,2,0,0,2,BB,FRA,Offline TA/TO,TA/TO,0,0,0,A,A,0,No Deposit,498,22,0,Transient-Party,55.2,0,0,Check-Out,2016-06-15
Resort Hotel,1,45,2016,May,36,27,1,1,2,2,0,0,2,BB,NLD,Online TA,TA/TO,0,0,0,A,A,0,No Deposit,175,0,0,Transient,113.19,0,1,Canceled,2016-06-15
Resort Hotel,1,128,2017,May,24,1,1,3,4,2,0,0,2,SC,FRA,Offline TA/TO,TA/TO,0,0,0,G,C,0,Non Refund,308,22,0,Contract,142.28,0,0,Canceled,2016-06-15
Resort Hotel,1,8,2017,February,6,13,0,1,1,2,0,0,2,BB,FRA,Online TA,TA/TO,0,0,0,A,A,0,No Deposit,459,0,0,Transient,66.1,0,0,Canceled,2016-06-15
City Hotel,1,89,2016,February,43,24,2,3,5,2,0,1,3,HB,PRT,Offline TA/TO,TA/TO,0,0,0,A,A,0,No Deposit,199,22,0,Transient,95.92,0,0,Canceled,2016-06-15
City Hotel,0,65,2015,May,33,6,0,2,2,2,2,0,4,SC,PRT,Online TA,TA/TO,0,0,0,A,A,0,No Deposit,44,22,0,Transient,117.57,0,0,Check-Out,2016-06-15
City Hotel,0,381,2016,December,2,6,2,3,5,1,0,0,1,FB,PRT,Direct,TA/TO,0,0,0,A,A,0,No Deposit,473,22,0,Transient,58.99,0,2,Check-Out,2016-06-15
Resort Hotel,0,187,2016,July,41,21,1,1,2,2,0,0,2,BB,PRT,Groups,Direct,0,0,0,D,D,0,No Deposit,485,0,0,Transient,145.24,0,0,Check-Out,2016-06-15
City Hotel,0,60,2016,August,16,5,1,2,3,4,0,0,4,BB,FRA,Groups,TA/TO,0,0,0,A,A,0,No Deposit,85,22,0,Group,106.85,0,1,Check-Out,2016-06-15
City Hotel,0,149,2016,June,38,3,1,1,2,1,0,0,1,BB,PRT,Offline TA/TO,TA/TO,0,0,0,A,A,0,Non Refund,264,0,0,Transient-Party,98.47,0,2,Check-Out,2016-06-15
Resort Hotel,0,21,2017,August,9,12,0,2,2,2,0,0,2,BB,FRA,Online TA,Corporate,0,0,0,A,A,1,No Deposit,266,22,0,Transient-Party,47.12,0,1,Check-Out,2016-06-15
City Hotel,1,82,2016,November,51,15,2,1,3,1,0,0,1,BB,FRA,Online TA,TA/TO,0,0,0,D,D,2,No Deposit,55,22,0,Transient,109.01,0,1,Canceled,2016-06-15
Resort Hotel,0,7,2017,July,5,3,0,1,1,3,0,0,3,BB,PRT,Online TA,TA/TO,0,0,0,G,E,0,No Deposit,355,0,0,Transient,69.65,1,0,Check-Out,2016-06-15
City Hotel,0,42,2015,February,10,16,0,1,1,2,0,0,2,HB,NLD,Online TA,TA/TO,0,0,0,A,A,0,Non Refund,348,0,0,Transient,139.91,0,0,Check-Out,2016-06-15
City Hotel,0,25,2015,June,30,18,0,4,4,3,0,0,3,BB,NLD,Groups,TA/TO,0,0,0,D,D,0,Non Refund,2,22,0,Transient,113.03,0,1,Check-Out,2016-06-15
City Hotel,0,126,2016,December,7,9,0,3,3,1,0,0,1,BB,PRT,Online TA,TA/TO,0,0,0,A,C,0,No Deposit,294,22,0,Transient,58.98,0,0,Check-Out,2016-06-15
Resort Hotel,0,67,2015,May,29,8,0,1,1,2,0,0,2,BB,PRT,Groups,TA/TO,0,0,0,E,E,0,No Deposit,43,22,0,Transient-Party,65.84,0,0,Check-Out,2016-06-15
City Hotel,0,139,2016,July,2,11,0,2,2,2,0,0,2,BB,GBR,Online TA,TA/TO,0,0,0,D,D,0,No Deposit,478,0,0,Transient,99.47,0,1,Check-Out,2016-06-15
City Hotel,0,72,2017,February,20,3,1,3,4,2,0,0,2,BB,DEU,Groups,TA/TO,0,0,0,A,E,0,No Deposit,469,22,0,Transient-Party,123.18,0,2,Check-Out,2016-06-15
City Hotel,1,9,2016,March,4,5,1,5,6,2,0,0,2,BB,DEU,Offline TA/TO,TA/TO,0,1,0,A,A,0,Non Refund,80,22,0,Transient,129.11,0,1,Canceled,2016-06-15
City Hotel,1,132,2017,October,28,10,2,1,3,2,0,0,2,BB,DEU,Online TA,TA/TO,1,0,0,D,D,0,No Deposit,105,0,0,Transient,47.65,0,2,Canceled,2016-06-15
City Hotel,0,179,2016,May,8,5,0,2,2,2,0,0,2,BB,ESP,Offline TA/TO,TA/TO,0,0,0,A,A,2,No Deposit,108,22,0,Transient,90.4,0,0,Check-Out,2016-06-15
Resort Hotel,0,233,2015,May,35,8,0,3,3,2,0,0,2,BB,GBR,Online TA,TA/TO,0,0,0,D,D,2,No Deposit,296,22,0,Transient,65.98,0,0,Check-Out,2016-06-15
City Hotel,0,84,2016,May,2,6,0,1,1,2,0,0,2,BB,NLD,Online TA,TA/TO,0,0,0,B,B,0,No Deposit,155,22,0,Transient,137.32,0,0,Check-Out,2016-06-15
City Hotel,1,140,2017,December,41,23,2,1,3,2,0,0,2,BB,NLD,Groups,TA/TO,0,0,0,A,A,0,No Deposit,99,22,0,Transient,98.03,0,1,Canceled,2016-06-15
City Hotel,0,139,2016,February,28,21,1,3,4,2,1,0,3,BB,ESP,Online TA,TA/TO,0,0,0,F,F,0,No Deposit,172,22,0,Contract,76.72,0,0,Check-Out,2016-06-15
Resort Hotel,1,16,2016,September,11,16,1,2,3,1,2,0,3,BB,PRT,Online TA,TA/TO,0,0,0,E,E,0,No Deposit,365,22,0,Transient,154.14,0,0,Canceled,2016-06-15
City Hotel,1,17,2017,May,36,12,0,1,1,2,0,0,2,BB,ESP,Online TA,TA/TO,0,0,0,A,C,0,No Deposit,391,22,0,Transient-Party,125.98,0,1,Canceled,2016-06-15
Resort Hotel,0,7,2017,October,9,17,0,3,3,2,0,0,2,SC,BRA,Online TA,Corporate,0,0,0,A,A,0,No Deposit,362,22,0,Transient-Party,99.93,0,0,Check-Out,2016-06-15
City Hotel,0,38,2015,December,38,8,0,2,2,2,0,0,2,BB,NLD,Online TA,TA/TO,0,0,0,A,A,0,No Deposit,284,22,0,Transient,82.16,0,0,Check-Out,2016-06-15
City Hotel,0,64,2017,May,1,4,2,3,5,2,0,0,2,SC,IRL,Online TA,TA/TO,0,0,0,A,F,0,No Deposit,203,22,0,Transient,26.7,0,0,Check-Out,2016-06-15
City Hotel,0,616,2016,February,27,21,0,5,5,3,0,0,3,HB,NLD,Online TA,TA/TO,0,0,0,E,E,0,No Deposit,286,22,0,Transient,89.75,0,1,Check-Out,2016-06-15
Resort Hotel,1,56,2017,March,3,17,2,2,4,2,0,0,2,BB,NLD,Groups,TA/TO,0,0,0,A,A,0,No Deposit,141,22,0,Transient,92.13,0,1,Canceled,2016-06-15
City Hotel,0,129,2016,September,39,3,2,3,5,2,0,0,2,BB,FRA,Online TA,Direct,0,1,0,A,B,0,No Deposit,50,22,0,Transient,141.18,0,1,Check-Out,2016-06-15
Resort Hotel,1,118,2015,March,9,18,1,2,3,2,0,0,2,BB,ESP,Online TA,TA/TO,0,0,0,G,B,3,No Deposit,128,22,0,Transient,57.44,0,0,Canceled,2016-06-15
Resort Hotel,0,22,2016,April,40,16,3,4,7,2,0,0,2,BB,PRT,Online TA,TA/TO,0,1,0,D,D,0,No Deposit,29,22,0,Transient-Party,115.03,0,1,Check-Out,2016-06-15
City Hotel,1,6,2016,March,28,28,0,1,1,2,0,0,2,BB,DEU,Groups,TA/TO,0,0,0,E,E,0,No Deposit,366,0,0,Transient-Party,125.37,0,1,Canceled,2016-06-15
City Hotel,0,78,2016,May,21,2,0,2,2,2,2,0,4,BB,ESP,Online TA,TA/TO,0,0,0,A,A,2,Non Refund,342,0,0,Transient,88.79,0,1,Check-Out,2016-06-15
City Hotel,0,120,2017,February,28,13,0,5,5,2,0,0,2,HB,PRT,Direct,TA/TO,0,1,1,A,A,0,No Deposit,127,0,0,Transient,100.84,0,0,Check-Out,2016-06-15
City Hotel,1,634,2017,October,45,1,0,3,3,1,0,0,1,SC,IRL,Online TA,TA/TO,0,0,0,A,A,0,No Deposit,398,22,0,Contract,117.07,0,0,Canceled,2016-06-15
City Hotel,1,44,2016,October,24,22,0,2,2,2,0,0,2,SC,NLD,Online TA,TA/TO,0,0,0,D,D,0,No Deposit,448,22,0,Transient,96.95,0,3,Canceled,2016-06-15
City Hotel,1,226,2016,June,18,24,1,4,5,2,0,0,2,BB,PRT,Online TA,Direct,0,0,0,A,A,0,No Deposit,497,0,0,Transient,173.81,0,1,Canceled,2016-06-15
Resort Hotel,0,48,2016,July,51,3,0,1,1,1,0,0,1,BB,PRT,Direct,GDS,0,0,0,A,A,0,No Deposit,367,22,0,Transient,143.35,0,1,Check-Out,2016-06-15
City Hotel,0,116,2016,August,9,1,1,3,4,1,2,0,3,BB,DEU,Online TA,TA/TO,0,0,0,A,A,0,No Deposit,489,22,0,Transient,115.33,0,2,Check-Out,2016-06-15
City Hotel,1,91,2017,September,26,26,0,6,6,1,0,0,1,BB,PRT,Online TA,TA/TO,0,0,0,E,E,0,Non Refund,64,22,0,Contract,101.57,0,3,Canceled,2016-06-15
City Hotel,1,5,2016,July,24,2,0,3,3,2,0,0,2,Undefined,NLD,Groups,TA/TO,0,0,0,A,E,1,No Deposit,226,22,0,Transient,129.64,0,0,Canceled,2016-06-15
Resort Hotel,1,8,2016,July,52,19,2,4,6,1,0,0,1,BB,DEU,Online TA,TA/TO,0,0,0,A,A,0,No Deposit,311,0,0,Transient,99.67,0,0,Canceled,2016-06-15
City Hotel,1,2,2016,August,6,22,1,3,4,1,0,0,1,BB,PRT,Online TA,TA/TO,0,0,0,G,G,0,No Deposit,335,0,0,Transient,60.9,0,1,Canceled,2016-06-15
Resort Hotel,0,46,2016,August,12,3,2,5,7,2,0,0,2,BB,NLD,Offline TA/TO,TA/TO,0,0,0,A,A,0,No Deposit,356,0,0,Transient,121.18,1,2,Check-Out,2016-06-15
Resort Hotel,0,136,2016,May,36,25,2,6,8,2,0,0,2,BB,FRA,Online TA,Direct,0,0,2,A,A,0,No Deposit,437,22,0,Transient,88.64,0,1,Check-Out,2016-06-15
Resort Hotel,1,18,2016,May,9,28,1,1,2,2,0,0,2,BB,FRA,Online TA,TA/TO,0,0,0,A,A,0,No Deposit,303,0,0,Transient,112.48,0,0,Canceled,2016-06-15
City Hotel,1,93,2015,April,10,1,2,1,3,1,0,0,1,BB,PRT,Corporate,Direct,0,0,0,A,A,1,No Deposit,387,22,0,Transient,88.64,0,0,Canceled,2016-06-15
City Hotel,1,34,2015,July,3,23,0,3,3,2,0,0,2,HB,PRT,Online TA,TA/TO,0,0,0,C,C,1,No Deposit,242,0,0,Transient,68.38,0,0,Canceled,2016-06-15
Resort Hotel,1,159,2016,May,49,26,1,6,7,2,0,0,2,BB,FRA,Online TA,TA/TO,0,0,0,A,A,0,Non Refund,368,0,0,Transient,177.39,0,0,Canceled,2016-06-15
City Hotel,0,160,2016,July,29,24,1,2,3,1,0,0,1,BB,PRT,Online TA,Direct,0,0,0,E,E,0,No Deposit,363,0,0,Transient,70.99,0,0,Check-Out,2016-06-15
City Hotel,0,149,2015,June,7,9,1,4,5,2,0,0,2,SC,NLD,Online TA,Direct,0,0,0,F,F,0,Non Refund,65,22,0,Transient,117.64,0,0,Check-Out,2016-06-15
City Hotel,0,74,2017,October,26,8,2,4,6,2,0,0,2,BB,NLD,Offline TA/TO,Corporate,0,0,0,A,A,0,No Deposit,471,0,0,Transient,138.94,0,0,Check-Out,2016-06-15
Resort Hotel,0,33,2016,February,8,5,2,2,4,2,0,0,2,BB,BEL,Direct,Direct,0,0,0,A,G,0,No Deposit,204,0,0,Transient,116.57,0,0,Check-Out,2016-06-15
City Hotel,1,165,2017,July,43,1,1,2,3,3,0,0,3,BB,DEU,Groups,TA/TO,0,0,0,E,E,0,No Deposit,16,0,0,Transient-Party,145.83,0,0,Canceled,2016-06-15
City Hotel,0,20,2015,July,13,15,0,2,2,2,0,0,2,BB,PRT,Offline TA/TO,TA/TO,0,0,0,A,A,1,No Deposit,394,22,0,Transient,123.21,0,0,Check-Out,2016-06-15
City Hotel,0,34,2015,May,35,17,0,2,2,2,0,0,2,BB,DEU,Online TA,TA/TO,0,0,0,A,A,0,No Deposit,459,22,0,Transient-Party,19.6,0,1,Check-Out,2016-06-15
Resort Hotel,0,20,2016,June,19,15,1,5,6,2,0,0,2,BB,PRT,Groups,TA/TO,0,0,0,A,A,0,No Deposit,313,0,0,Transient,55.9,0,0,Check-Out,2016-06-15
City Hotel,1,112,2015,September,46,8,1,1,2,2,0,0,2,BB,PRT,Offline TA/TO,TA/TO,0,0,0,A,A,1,Non Refund,202,0,0,Transient,106.75,0,0,Canceled,2016-06-15
City Hotel,0,115,2017,April,22,23,0,5,5,1,0,0,1,BB,PRT,Online TA,TA/TO,0,0,0,B,G,0,No Deposit,59,0,0,Transient,63.96,0,1,Check-Out,2016-06-15
City Hotel,0,105,2015,October,16,21,4,2,6,2,0,0,2,BB,NLD,Corporate,Direct,0,0,0,A,A,0,No Deposit,192,22,0,Transient,118.04,0,1,Check-Out,2016-06-15
Resort Hotel,1,53,2016,October,15,26,3,1,4,2,0,0,2,SC,NLD,Offline TA/TO,TA/TO,0,0,0,F,F,0,No Deposit,44,0,0,Transient-Party,171.14,0,0,Canceled,2016-06-15
Resort Hotel,1,10,2017,August,2,3,2,1,3,2,0,0,2,HB,FRA,Direct,TA/TO,0,0,0,A,A,0,No Deposit,106,0,0,Transient,118.59,0,0,Canceled,2016-06-15
City Hotel,0,242,2016,September,38,9,0,5,5,2,0,0,2,SC,GBR,Offline TA/TO,TA/TO,0,0,0,A,A,1,No Deposit,161,22,0,Contract,108.4,0,0,Check-Out,2016-06-15
City Hotel,1,70,2015,July,21,20,1,1,2,2,0,0,2,BB,NLD,Online TA,TA/TO,0,0,0,D,D,0,No Deposit,346,0,5,Transient,149.03,0,1,Canceled,2016-06-15
Resort Hotel,0,52,2016,July,30,14,1,3,4,2,0,0,2,SC,ITA,Corporate,TA/TO,0,0,0,A,E,0,No Deposit,138,22,0,Transient,153.2,0,2,Check-Out,2016-06-15
City Hotel,0,88,2016,December,7,6,1,1,2,2,0,0,2,BB,IRL,Offline TA/TO,TA/TO,0,0,0,A,A,0,No Deposit,180,22,0,Transient-Party,127.7,0,0,Check-Out,2016-06-15
Resort Hotel,0,21,2015,April,31,27,0,2,2,2,0,0,2,BB,GBR,Online TA,TA/TO,0,0,0,A,A,0,No Deposit,102,0,0,Contract,86.19,0,2,Check-Out,2016-06-15
City Hotel,0,14,2016,March,41,20,1,1,2,2,0,0,2,BB,PRT,Groups,TA/TO,0,0,0,A,G,0,Non Refund,10,22,0,Transient,97.1,0,0,Check-Out,2016-06-15
City Hotel,0,52,2017,April,41,25,2,2,4,2,1,0,3,BB,PRT,Online TA,TA/TO,0,0,0,A,A,0,No Deposit,208,22,0,Contract,78.39,0,0,Check-Out,2016-06-15
City Hotel,0,25,2017,July,49,4,4,1,5,2,0,0,2,BB,PRT,Groups,TA/TO,1,0,0,D,D,0,No Deposit,401,0,0,Transient,89.29,0,3,Check-Out,2016-06-15
City Hotel,0,28,2015,March,35,24,1,3,4,2,0,0,2,BB,NLD,Online TA,TA/TO,0,0,0,A,A,0,No Deposit,218,0,0,Transient,126.18,0,1,Check-Out,2016-06-15
Resort Hotel,1,223,2015,October,4,27,2,2,4,2,0,0,2,BB,NLD,Direct,TA/TO,0,0,0,A,A,0,No Deposit,53,0,0,Transient,122.0,0,0,Canceled,2016-06-15
City Hotel,0,75,2016,June,34,12,4,2,6,2,0,0,2,HB,PRT,Online TA,TA/TO,0,0,0,A,A,1,No Deposit,22,0,0,Transient,104.86,0,0,Check-Out,2016-06-15
Resort Hotel,0,66,2016,October,1,28,1,1,2,2,0,0,2,BB,PRT,Corporate,TA/TO,0,0,0,A,A,0,No Deposit,328,0,10,Transient,115.8,0,0,Check-Out,2016-06-15
City Hotel,0,116,2016,April,10,3,1,1,2,1,2,0,3,BB,GBR,Groups,TA/TO,0,0,0,A,A,0,No Deposit,267,0,0,Transient,126.47,0,0,Check-Out,2016-06-15
City Hotel,1,302,2017,May,30,24,0,3,3,2,0,0,2,BB,NLD,Corporate,TA/TO,0,0,0,A,A,0,No Deposit,323,22,5,Transient-Party,100.5,0,2,Canceled,2016-06-15
City Hotel,1,11,2017,January,32,27,1,2,3,2,0,0,2,BB,PRT,Groups,TA/TO,0,0,0,D,D,0,Non Refund,255,0,0,Transient,109.64,1,0,Canceled,2016-06-15
Resort Hotel,0,179,2015,April,3,3,0,2,2,2,0,0,2,SC,NLD,Groups,TA/TO,0,0,0,G,G,1,No Deposit,13,0,0,Contract,124.94,0,1,Check-Out,2016-06-15
City Hotel,1,87,2016,June,10,27,0,4,4,1,0,0,1,BB,NLD,Online TA,TA/TO,0,0,0,D,D,0,No Deposit,186,22,0,Transient,78.35,0,1,Canceled,2016-06-15
Resort Hotel,0,15,2015,November,9,21,2,2,4,2,0,0,2,BB,NLD,Online TA,TA/TO,0,0,0,A,A,0,No Deposit,45,22,0,Transient,123.17,0,0,Check-Out,2016-06-15
Resort Hotel,0,35,2016,May,17,17,2,1,3,1,0,0,1,BB,FRA,Online TA,TA/TO,0,0,0,B,B,0,No Deposit,429,22,0,Transient-Party,27.43,0,0,Check-Out,2016-06-15
City Hotel,0,65,2015,August,47,6,0,2,2,3,1,1,5,BB,NLD,Online TA,TA/TO,0,0,0,A,A,0,No Deposit,486,22,0,Transient,108.77,0,0,Check-Out,2016-06-15
City Hotel,0,117,2015,June,3,15,1,4,5,2,0,0,2,HB,BRA,Online TA,TA/TO,0,0,0,F,F,0,No Deposit,171,0,0,Transient-Party,83.25,0,3,Check-Out,2016-06-15
City Hotel,0,27,2016,January,27,11,1,3,4,2,0,0,2,SC,NLD,Online TA,TA/TO,0,0,0,A,A,1,No Deposit,448,22,0,Transient,15.26,0,1,Check-Out,2016-06-15
City Hotel,0,76,2016,July,35,18,1,2,3,2,0,0,2,BB,BEL,Online TA,TA/TO,0,0,0,A,A,1,No Deposit,251,0,0,Transient-Party,117.39,0,3,Check-Out,2016-06-15
Resort Hotel,1,115,2015,February,4,28,0,1,1,2,0,0,2,BB,FRA,Groups,TA/TO,0,0,0,A,A,0,No Deposit,295,0,0,Transient,90.75,0,0,Canceled,2016-06-15
City Hotel,1,59,2017,October,4,3,2,1,3,2,0,0,2,BB,NLD,Online TA,Direct,0,0,0,A,A,0,No Deposit,136,0,0,Transient,53.47,0,0,Canceled,2016-06-15
City Hotel,0,198,2016,September,49,27,0,6,6,2,0,0,2,HB,NLD,Corporate,TA/TO,0,0,1,A,A,0,No Deposit,458,0,0,Transient,124.05,0,1,Check-Out,2016-06-15
Resort Hotel,0,203,2015,May,32,17,0,4,4,2,0,0,2,HB,DEU,Online TA,TA/TO,0,0,0,A,A,2,No Deposit,168,22,0,Transient-Party,70.27,0,1,Check-Out,2016-06-15
City Hotel,1,63,2015,August,38,11,1,1,2,2,0,0,2,BB,FRA,Online TA,Corporate,0,0,0,A,A,1,No Deposit,494,0,5,Transient,95.98,0,0,Canceled,2016-06-15
City Hotel,0,360,2016,February,11,6,2,1,3,2,1,0,3,SC,PRT,Offline TA/TO,TA/TO,1,0,0,A,D,0,Non Refund,435,0,0,Transient-Party,146.34,0,0,Check-Out,2016-06-15
City Hotel,0,7,2017,August,44,5,2,1,3,2,0,0,2,BB,NLD,Online TA,TA/TO,0,1,0,A,A,1,Non Refund,477,22,0,Transient,115.53,0,0,Check-Out,2016-06-15
City Hotel,0,0,2016,September,39,10,1,6,7,2,0,0,2,BB,GBR,Offline TA/TO,TA/TO,1,0,0,A,A,0,No Deposit,350,22,0,Transient,66.5,0,0,Check-Out,2016-06-15
City Hotel,0,47,2017,September,45,2,0,3,3,2,0,0,2,Undefined,GBR,Online TA,TA/TO,0,0,0,A,A,1,No Deposit,369,22,0,Transient,117.87,0,2,Check-Out,2016-06-15
City Hotel,0,91,2016,April,6,15,1,4,5,1,2,0,3,HB,PRT,Online TA,Corporate,0,0,0,A,A,0,No Deposit,404,0,0,Transient-Party,146.07,0,0,Check-Out,2016-06-15
City Hotel,1,99,2016,April,35,11,2,2,4,2,0,0,2,BB,ESP,Groups,TA/TO,0,0,0,A,A,0,No Deposit,194,22,0,Contract,108.87,0,0,Canceled,2016-06-15
Resort Hotel,0,64,2016,July,46,24,0,4,4,2,0,0,2,BB,NLD,Groups,TA/TO,0,0,0,A,A,0,No Deposit,314,22,0,Transient,116.38,0,0,Check-Out,2016-06-15
City Hotel,0,13,2016,December,32,25,3,1,4,1,0,0,1,SC,PRT,Offline TA/TO,TA/TO,0,0,0,A,A,0,Non Refund,99,0,0,Transient-Party,123.24,0,0,Check-Out,2016-06-15
City Hotel,1,18,2016,November,46,14,0,2,2,2,0,0,2,BB,NLD,Online TA,TA/TO,0,0,0,D,D,0,No Deposit,487,22,0,Transient,106.0,0,0,Canceled,2016-06-15
City Hotel,1,191,2017,May,23,14,2,2,4,2,0,0,2,BB,GBR,Online TA,TA/TO,0,0,0,A,B,0,No Deposit,65,22,0,Transient,100.66,0,0,Canceled,2016-06-15
City Hotel,0,202,2015,September,42,3,0,7,7,2,0,0,2,BB,NLD,Offline TA/TO,TA/TO,0,0,0,B,B,0,No Deposit,429,22,0,Transient,115.5,0,0,Check-Out,2016-06-15
City Hotel,1,112,2016,November,37,28,2,2,4,3,0,0,3,BB,ITA,Online TA,TA/TO,0,0,0,A,A,0,No Deposit,101,0,10,Transient,114.51,0,0,Canceled,2016-06-15
City Hotel,0,109,2016,April,26,22,0,2,2,2,0,0,2,BB,GBR,Online TA,TA/TO,0,1,0,A,A,2,No Deposit,458,22,0,Transient-Party,117.94,0,1,Check-Out,2016-06-15
Resort Hotel,1,91,2016,October,34,22,0,4,4,1,0,0,1,BB,NLD,Corporate,TA/TO,0,0,0,D,D,0,No Deposit,219,0,0,Transient,126.14,0,0,Canceled,2016-06-15
City Hotel,0,22,2016,April,38,16,2,5,7,2,0,0,2,BB,ESP,Groups,TA/TO,0,0,0,A,A,0,No Deposit,206,22,0,Transient,0.0,0,0,Check-Out,2016-06-15
City Hotel,0,55,2016,May,11,14,1,5,6,1,0,0,1,BB,NLD,Groups,TA/TO,0,0,0,B,B,0,Non Refund,458,22,0,Transient-Party,110.1,0,1,Check-Out,2016-06-15
Resort Hotel,0,119,2016,March,50,10,2,2,4,2,1,0,3,BB,FRA,Online TA,Direct,0,0,0,A,B,0,No Deposit,162,0,0,Transient,98.79,0,0,Check-Out,2016-06-15
City Hotel,0,77,2016,July,21,22,1,6,7,3,0,0,3,BB,PRT,Online TA,TA/TO,0,0,0,A,A,0,No Deposit,12,0,0,Transient-Party,158.11,0,1,Check-Out,2016-06-15
City Hotel,0,1,2017,October,43,8,4,3,7,2,0,0,2,BB,NLD,Online TA,TA/TO,0,0,0,A,A,0,No Deposit,23,0,0,Transient,94.7,0,0,Check-Out,2016-06-15
City Hotel,0,306,2017,July,24,12,0,5,5,3,0,0,3,BB,PRT,Online TA,TA/TO,0,0,0,G,G,0,No Deposit,367,22,0,Transient,112.34,0,0,Check-Out,2016-06-15
Resort Hotel,0,186,2016,February,15,5,1,5,6,1,0,0,1,BB,NLD,Groups,TA/TO,0,0,0,D,D,0,No Deposit,196,0,0,Transient-Party,77.08,0,0,Check-Out,2016-06-15
Resort Hotel,0,30,2017,April,3,26,2,1,3,1,0,0,1,BB,NLD,Offline TA/TO,Direct,0,0,0,D,D,0,No Deposit,78,0,0,Transient-Party,128.36,0,1,Check-Out,2016-06-15
City Hotel,0,95,2017,July,2,26,1,2,3,2,0,0,2,HB,PRT,Online TA,TA/TO,0,0,0,A,G,1,Non Refund,181,22,0,Transient,71.85,1,0,Check-Out,2016-06-15
Resort Hotel,0,256,2016,July,7,13,4,3,7,2,0,0,2,BB,PRT,Groups,TA/TO,0,0,0,D,D,0,No Deposit,347,22,0,Transient,99.61,1,0,Check-Out,2016-06-15
City Hotel,0,10,2015,July,5,24,2,4,6,1,0,0,1,BB,DEU,Offline TA/TO,TA/TO,0,0,0,A,A,0,No Deposit,309,0,0,Transient,219.87,0,0,Check-Out,2016-06-15
City Hotel,0,69,2016,February,45,12,1,2,3,2,0,0,2,BB,PRT,Online TA,TA/TO,0,0,0,A,A,0,No Deposit,296,22,0,Transient,85.51,0,0,Check-Out,2016-06-15
Resort Hotel,0,60,2016,September,40,3,1,1,2,1,0,0,1,BB,GBR,Direct,TA/TO,0,0,0,A,A,0,No Deposit,466,22,0,Transient,82.92,0,2,Check-Out,2016-06-15
Resort Hotel,1,52,2017,October,29,23,2,3,5,2,1,0,3,HB,FRA,Online TA,TA/TO,0,0,0,A,A,0,No Deposit,78,0,0,Transient,67.31,0,0,Canceled,2016-06-15
City Hotel,0,180,2017,July,41,17,3,3,6,2,0,0,2,BB,PRT,Groups,TA/TO,0,0,0,A,A,1,No Deposit,437,22,0,Transient,89.86,0,0,Check-Out,2016-06-15
City Hotel,1,47,2017,August,32,20,1,5,6,2,0,0,2,BB,NLD,Online TA,TA/TO,0,0,0,A,A,1,No Deposit,36,0,0,Transient,52.63,0,0,Canceled,2016-06-15
City Hotel,1,6,2016,November,30,5,0,3,3,3,0,0,3,BB,GBR,Groups,TA/TO,0,0,0,A,A,0,No Deposit,193,22,0,Transient-Party,68.19,0,0,Canceled,2016-06-15
City Hotel,0,6,2016,August,8,23,0,1,1,2,0,0,2,HB,GBR,Online TA,Direct,0,0,0,D,D,0,No Deposit,142,22,0,Transient,114.79,0,1,Check-Out,2016-06-15
City Hotel,0,4,2016,August,32,6,1,6,7,1,0,0,1,HB,PRT,Online TA,TA/TO,0,0,0,D,D,0,No Deposit,241,0,0,Transient,136.11,0,0,Check-Out,2016-06-15
City Hotel,1,52,2015,August,42,13,0,3,3,2,0,0,2,SC,NLD,Corporate,TA/TO,0,0,0,A,A,0,No Deposit,248,22,0,Transient,24.27,0,0,Canceled,2016-06-15
City Hotel,0,126,2016,April,2,6,1,3,4,2,0,0,2,BB,PRT,Groups,TA/TO,0,0,0,A,A,0,No Deposit,112,0,0,Transient,119.49,0,0,Check-Out,2016-06-15
City Hotel,0,22,2015,July,10,13,2,5,7,2,0,0,2,BB,PRT,Groups,TA/TO,0,0,0,A,A,0,No Deposit,290,0,0,Transient,144.78,0,0,Check-Out,2016-06-15
City Hotel,0,103,2016,October,43,15,1,3,4,2,0,0,2,BB,NLD,Online TA,TA/TO,0,0,0,A,C,0,Non Refund,122,22,0,Transient,68.49,0,2,Check-Out,2016-06-15
City Hotel,1,116,2016,April,43,2,1,2,3,2,0,0,2,SC,PRT,Online TA,TA/TO,0,0,0,D,D,0,No Deposit,154,22,0,Transient,163.18,0,0,Canceled,2016-06-15
Resort Hotel,0,29,2017,October,37,11,0,1,1,2,0,0,2,BB,PRT,Online TA,TA/TO,0,0,0,A,A,2,No Deposit,311,22,0,Transient,147.98,0,2,Check-Out,2016-06-15
City Hotel,1,91,2015,August,46,16,2,6,8,2,0,0,2,BB,NLD,Online TA,TA/TO,0,0,0,A,A,0,No Deposit,63,0,0,Transient,76.25,0,2,Canceled,2016-06-15
Resort Hotel,1,115,2017,June,3,18,1,1,2,1,0,0,1,BB,DEU,Corporate,TA/TO,0,0,0,A,A,0,No Deposit,109,0,0,Transient-Party,104.87,0,0,Canceled,2016-06-15
Resort Hotel,0,62,2017,August,52,2,0,1,1,2,0,0,2,BB,DEU,Offline TA/TO,TA/TO,0,0,0,A,A,0,No Deposit,326,22,0,Transient,136.84,0,0,Check-Out,2016-06-15
City Hotel,1,41,2017,June,23,10,1,4,5,1,0,0,1,BB,FRA,Groups,TA/TO,0,0,0,A,A,0,No Deposit,302,22,0,Transient,133.26,0,0,Canceled,2016-06-15
City Hotel,1,96,2017,October,34,13,0,2,2,2,0,0,2,HB,PRT,Groups,TA/TO,0,0,0,A,A,0,No Deposit,37,0,0,Transient,94.03,0,0,Canceled,2016-06-15
City Hotel,0,380,2016,June,18,28,1,1,2,2,0,0,2,BB,GBR,Online TA,TA/TO,0,0,0,A,A,1,No Deposit,279,22,0,Transient-Party,76.41,0,2,Check-Out,2016-06-15
City Hotel,0,55,2016,October,33,8,2,2,4,3,0,0,3,HB,IRL,Online TA,GDS,0,0,0,A,A,0,No Deposit,492,0,0,Transient-Party,140.91,0,0,Check-Out,2016-06-15
City Hotel,0,49,2017,July,33,7,0,7,7,2,2,0,4,BB,FRA,Online TA,TA/TO,0,0,0,E,E,0,No Deposit,365,0,0,Transient,102.7,0,2,Check-Out,2016-06-15
Resort Hotel,0,62,2017,August,17,16,2,3,5,2,1,0,3,BB,BEL,Groups,TA/TO,0,0,0,E,E,1,No Deposit,272,22,0,Transient,66.67,1,1,Check-Out,2016-06-15
City Hotel,0,7,2016,December,6,17,1,2,3,2,0,0,2,BB,PRT,Online TA,Corporate,0,0,0,D,A,0,No Deposit,288,22,0,Transient-Party,0.0,0,0,Check-Out,2016-06-15
City Hotel,0,80,2017,March,13,9,1,5,6,2,0,0,2,BB,DEU,Direct,TA/TO,0,0,1,A,A,0,No Deposit,7,22,0,Transient,80.22,0,1,Check-Out,2016-06-15
City Hotel,0,39,2016,August,21,27,0,2,2,2,1,0,3,BB,ESP,Online TA,TA/TO,0,0,0,D,D,1,Non Refund,428,22,0,Contract,107.6,0,0,Check-Out,2016-06-15
City Hotel,1,12,2015,March,31,27,2,2,4,2,0,0,2,BB,NLD,Online TA,TA/TO,0,0,0,A,A,0,No Deposit,431,0,0,Transient,143.93,0,1,Canceled,2016-06-15
Resort Hotel,0,62,2016,October,21,8,1,1,2,2,0,0,2,BB,NLD,Corporate,TA/TO,0,0,0,A,A,0,Refundable,81,0,0,Contract,54.39,0,0,Check-Out,2016-06-15
City Hotel,0,0,2016,July,33,25,2,3,5,2,0,0,2,BB,DEU,Online TA,TA/TO,0,0,0,A,A,0,No Deposit,133,0,0,Transient,89.41,0,1,Check-Out,2016-06-15
City Hotel,0,51,2016,November,28,20,0,3,3,2,0,0,2,BB,ESP,Direct,TA/TO,0,0,0,A,A,0,No Deposit,191,0,0,Transient,101.86,0,1,Check-Out,2016-06-15
Resort Hotel,0,11,2015,October,6,5,2,1,3,2,0,0,2,Undefined,PRT,Online TA,TA/TO,0,0,0,D,D,0,Refundable,140,0,0,Transient,163.58,0,0,Check-Out,2016-06-15
City Hotel,0,2,2016,February,8,27,2,3,5,2,0,0,2,BB,NLD,Online TA,TA/TO,0,0,0,C,C,0,No Deposit,90,0,0,Group,42.8,0,0,Check-Out,2016-06-15
City Hotel,0,173,2017,March,13,5,0,1,1,2,1,0,3,SC,IRL,Offline TA/TO,TA/TO,0,1,0,B,B,0,No Deposit,72,22,0,Transient-Party,103.28,0,0,Check-Out,2016-06-15
City Hotel,0,247,2016,July,34,27,4,7,11,1,0,0,1,BB,FRA,Offline TA/TO,TA/TO,0,0,0,E,E,1,No Deposit,9,0,5,Transient,86.76,0,1,Check-Out,2016-06-15
City Hotel,1,23,2015,July,40,25,1,2,3,2,0,0,2,SC,NLD,Groups,TA/TO,0,0,0,D,D,0,Non Refund,224,0,0,Transient-Party,72.6,0,0,Canceled,2016-06-15
City Hotel,1,77,2016,March,22,24,0,3,3,1,0,0,1,BB,BEL,Direct,Corporate,0,0,0,A,A,0,No Deposit,300,22,0,Transient-Party,119.1,0,0,Canceled,2016-06-15
Resort Hotel,0,32,2016,February,1,13,0,3,3,1,0,0,1,HB,ESP,Groups,TA/TO,0,0,0,A,A,0,No Deposit,278,0,0,Transient,143.42,0,0,Check-Out,2016-06-15
Resort Hotel,0,68,2016,July,13,16,0,3,3,2,0,0,2,BB,ESP,Online TA,TA/TO,0,0,0,D,D,0,No Deposit,430,0,0,Transient,54.93,1,2,Check-Out,2016-06-15
City Hotel,1,57,2016,January,1,26,0,2,2,1,0,0,1,BB,NLD,Corporate,TA/TO,0,0,0,B,B,0,No Deposit,8,22,0,Transient,67.86,0,1,Canceled,2016-06-15
Resort Hotel,1,31,2017,October,10,22,0,1,1,2,0,0,2,SC,NLD,Direct,TA/TO,0,0,0,A,A,1,No Deposit,56,0,0,Transient,42.81,0,1,Canceled,2016-06-15
Resort Hotel,1,120,2015,September,5,27,0,7,7,2,0,0,2,BB,GBR,Offline TA/TO,TA/TO,0,0,0,D,D,0,No Deposit,284,22,0,Transient,97.08,0,1,Canceled,2016-06-15
City Hotel,1,13,2016,September,20,26,0,1,1,2,0,0,2,BB,DEU,Offline TA/TO,TA/TO,0,0,3,D,D,1,No Deposit,116,22,0,Transient,105.06,0,0,Canceled,2016-06-15
City Hotel,0,5,2017,January,13,11,0,4,4,3,0,0,3,BB,PRT,Offline TA/TO,TA/TO,0,0,0,D,D,0,No Deposit,201,0,0,Transient,126.52,0,2,Check-Out,2016-06-15
City Hotel,0,145,2017,January,37,15,0,1,1,2,0,0,2,BB,NLD,Groups,TA/TO,0,0,0,A,A,0,Non Refund,47,22,0,Transient,100.96,0,1,Check-Out,2016-06-15
Resort Hotel,1,109,2015,July,10,26,2,2,4,2,0,0,2,BB,IRL,Offline TA/TO,TA/TO,0,0,0,A,A,0,No Deposit,419,22,0,Transient,103.01,0,0,Canceled,2016-06-15
Resort Hotel,1,69,2016,December,3,17,2,3,5,3,0,0,3,HB,NLD,Corporate,TA/TO,0,0,0,D,D,0,No Deposit,21,22,0,Transient,155.56,0,2,Canceled,2016-06-15
Resort Hotel,0,63,2015,May,34,15,2,2,4,2,0,0,2,BB,PRT,Groups,TA/TO,0,0,0,E,E,0,No Deposit,33,22,0,Transient,129.93,0,0,Check-Out,2016-06-15
City Hotel,0,68,2016,May,34,23,0,6,6,2,0,0,2,BB,PRT,Online TA,Direct,0,0,0,A,A,0,No Deposit,454,22,0,Group,30.04,0,0,Check-Out,2016-06-15
City Hotel,1,57,2015,March,30,25,0,4,4,2,0,0,2,BB,NLD,Offline TA/TO,TA/TO,0,1,0,A,A,0,No Deposit,304,0,0,Transient,128.08,0,0,Canceled,2016-06-15
City Hotel,1,49,2017,August,37,12,0,5,5,2,0,0,2,BB,PRT,Offline TA/TO,TA/TO,0,0,0,A,A,0,No Deposit,74,0,0,Transient-Party,83.15,0,1,Canceled,2016-06-15
Resort Hotel,0,69,2015,August,4,4,0,3,3,2,0,0,2,HB,GBR,Online TA,TA/TO,0,0,0,A,A,0,Non Refund,249,0,0,Transient,92.07,0,0,Check-Out,2016-06-15
City Hotel,1,75,2016,February,34,4,4,1,5,2,0,0,2,BB,NLD,Offline TA/TO,TA/TO,0,0,2,D,D,0,No Deposit,438,0,0,Transient,98.46,0,0,Canceled,2016-06-15
City Hotel,0,117,2016,June,32,21,2,2,4,2,0,0,2,SC,FRA,Direct,TA/TO,0,0,0,A,A,0,No Deposit,206,22,0,Transient,73.45,0,1,Check-Out,2016-06-15
City Hotel,0,124,2017,August,21,16,0,4,4,2,2,0,4,BB,PRT,Online TA,TA/TO,0,0,0,A,A,0,Non Refund,360,22,0,Transient,124.28,0,0,Check-Out,2016-06-15
City Hotel,1,47,2016,June,41,15,1,1,2,2,0,0,2,BB,GBR,Direct,TA/TO,0,0,0,A,A,0,Non Refund,386,22,0,Transient-Party,42.9,0,0,Canceled,2016-06-15
City Hotel,0,53,2016,August,24,8,2,5,7,2,0,0,2,HB,IRL,Groups,TA/TO,0,0,0,B,B,0,No Deposit,417,22,0,Transient-Party,135.55,0,0,Check-Out,2016-06-15
Resort Hotel,0,46,2016,September,9,27,2,3,5,2,1,0,3,Undefined,PRT,Groups,TA/TO,0,0,0,D,D,0,No Deposit,231,22,0,Transient,147.36,0,0,Check-Out,2016-06-15
Resort Hotel,1,76,2015,August,41,21,0,3,3,2,1,0,3,BB,NLD,Direct,Direct,0,0,0,A,A,1,No Deposit,272,22,0,Transient,113.79,0,1,Canceled,2016-06-15
City Hotel,1,60,2017,July,24,20,0,3,3,2,0,0,2,BB,FRA,Direct,TA/TO,0,0,0,A,A,0,No Deposit,306,22,0,Transient,121.35,0,0,Canceled,2016-06-15
Resort Hotel,0,220,2016,October,25,8,1,4,5,1,0,0,1,BB,NLD,Online TA,TA/TO,0,0,0,A,E,0,No Deposit,20,0,0,Transient-Party,44.66,0,0,Check-Out,2016-06-15
Resort Hotel,0,119,2016,October,36,11,0,1,1,2,0,0,2,BB,IRL,Direct,TA/TO,0,0,0,A,A,0,No Deposit,323,22,0,Transient,58.47,0,0,Check-Out,2016-06-15
Resort Hotel,0,228,2015,May,8,21,2,2,4,2,1,0,3,BB,ITA,Online TA,Direct,0,0,0,A,A,0,No Deposit,246,0,0,Transient,104.67,0,0,Check-Out,2016-06-15
Resort Hotel,0,123,2017,March,50,24,0,2,2,1,1,0,2,BB,GBR,Online TA,TA/TO,0,0,0,A,A,0,Non Refund,45,0,0,Transient,77.56,1,0,Check-Out,2016-06-15
City Hotel,0,354,2016,September,41,17,0,2,2,2,0,0,2,HB,PRT,Offline TA/TO,Corporate,0,0,0,A,A,0,No Deposit,291,0,0,Transient,60.82,0,0,Check-Out,2016-06-15
City Hotel,1,100,2017,April,29,3,0,6,6,2,1,0,3,BB,BRA,Direct,TA/TO,0,0,0,A,A,0,No Deposit,225,22,0,Transient,142.12,0,0,Canceled,2016-06-15
City Hotel,0,331,2016,November,25,7,0,1,1,2,0,0,2,BB,NLD,Online TA,TA/TO,0,0,0,D,D,0,No Deposit,120,0,0,Transient,87.77,1,1,Check-Out,2016-06-15
City Hotel,0,17,2016,January,35,12,1,5,6,3,0,0,3,HB,FRA,Offline TA/TO,Direct,0,0,0,A,A,0,No Deposit,285,0,0,Transient,137.01,0,1,Check-Out,2016-06-15
City Hotel,0,5,2016,November,38,1,0,3,3,1,0,0,1,BB,NLD,Groups,TA/TO,0,1,0,D,D,1,No Deposit,45,0,0,Transient-Party,53.48,0,0,Check-Out,2016-06-15
City Hotel,1,86,2015,July,28,11,0,3,3,2,0,0,2,BB,ESP,Groups,TA/TO,0,0,0,F,F,0,No Deposit,252,22,0,Transient-Party,64.05,0,0,Canceled,2016-06-15
City Hotel,0,410,2017,September,19,5,2,2,4,1,0,0,1,BB,PRT,Offline TA/TO,TA/TO,0,0,0,A,A,0,No Deposit,143,22,0,Transient-Party,126.85,0,0,Check-Out,2016-06-15
City Hotel,0,54,2017,May,32,6,0,3,3,1,1,0,2,BB,PRT,Offline TA/TO,TA/TO,0,0,0,A,A,0,No Deposit,259,22,0,Transient,100.89,0,0,Check-Out,2016-06-15
Resort Hotel,0,23,2016,December,37,14,0,3,3,2,0,0,2,BB,NLD,Online TA,TA/TO,0,0,0,D,D,0,Non Refund,93,22,0,Transient,138.45,0,1,Check-Out,2016-06-15
City Hotel,1,73,2015,April,49,28,0,1,1,2,0,0,2,SC,DEU,Groups,TA/TO,0,0,0,D,E,0,No Deposit,325,0,0,Transient,109.27,0,1,Canceled,2016-06-15
City Hotel,0,104,2015,April,51,17,0,3,3,2,0,0,2,BB,GBR,Online TA,TA/TO,0,0,0,A,D,0,No Deposit,109,22,0,Transient,160.04,0,0,Check-Out,2016-06-15
City Hotel,0,37,2017,January,28,23,1,2,3,1,0,0,1,BB,NLD,Online TA,TA/TO,0,0,1,D,D,0,Non Refund,98,22,0,Contract,142.04,0,2,Check-Out,2016-06-15
City Hotel,1,125,2016,November,35,25,0,3,3,2,0,0,2,BB,DEU,Online TA,TA/TO,0,0,0,A,A,1,No Deposit,34,22,0,Transient,119.63,0,3,Canceled,2016-06-15
City Hotel,0,369,2016,June,8,25,1,3,4,1,0,0,1,BB,NLD,Offline TA/TO,TA/TO,0,0,0,A,A,0,No Deposit,362,0,0,Transient,65.59,0,1,Check-Out,2016-06-15
City Hotel,1,227,2016,August,41,3,1,3,4,2,0,0,2,BB,NLD,Direct,TA/TO,0,0,0,A,A,0,No Deposit,84,22,0,Contract,66.85,0,1,Canceled,2016-06-15
Resort Hotel,0,34,2016,August,23,4,1,1,2,3,0,0,3,BB,DEU,Online TA,TA/TO,0,0,0,D,D,0,No Deposit,199,0,0,Transient,41.63,0,0,Check-Out,2016-06-15
City Hotel,1,39,2017,October,40,1,4,1,5,2,0,0,2,BB,NLD,Online TA,TA/TO,0,0,0,A,A,2,No Deposit,260,0,0,Transient,126.79,0,0,Canceled,2016-06-15
City Hotel,0,46,2017,August,46,4,0,4,4,2,0,0,2,BB,FRA,Groups,TA/TO,0,0,0,A,A,0,No Deposit,75,22,0,Transient,92.84,0,2,Check-Out,2016-06-15
City Hotel,1,50,2015,July,23,14,1,2,3,3,0,0,3,HB,NLD,Online TA,TA/TO,0,0,0,E,E,0,Non Refund,226,0,0,Transient,38.22,0,0,Canceled,2016-06-15
Resort Hotel,1,10,2016,August,32,21,2,4,6,2,0,0,2,BB,NLD,Groups,TA/TO,0,0,0,A,A,0,No Deposit,403,22,0,Transient,94.06,0,2,Canceled,2016-06-15
City Hotel,1,143,2016,September,10,7,3,1,4,1,0,0,1,BB,PRT,Online TA,TA/TO,0,0,0,D,D,0,Non Refund,405,0,0,Transient,98.92,0,0,Canceled,2016-06-15
City Hotel,0,45,2017,March,17,21,1,4,5,2,0,0,2,BB,NLD,Direct,TA/TO,0,0,0,D,D,0,No Deposit,15,0,0,Transient,94.84,0,0,Check-Out,2016-06-15
Resort Hotel,1,211,2016,February,35,24,0,1,1,3,0,0,3,HB,GBR,Groups,TA/TO,0,0,0,A,A,0,No Deposit,273,0,0,Transient,97.8,0,0,Canceled,2016-06-15
City Hotel,0,261,2015,February,35,7,0,2,2,1,0,0,1,BB,GBR,Groups,TA/TO,0,0,0,D,D,1,No Deposit,54,0,0,Transient-Party,157.09,0,1,Check-Out,2016-06-15
Resort Hotel,0,2,2016,May,3,1,0,6,6,2,0,0,2,BB,NLD,Online TA,TA/TO,0,0,0,A,A,0,No Deposit,37,22,0,Transient,97.6,0,1,Check-Out,2016-06-15
City Hotel,0,446,2015,June,36,28,2,1,3,2,1,0,3,BB,PRT,Online TA,TA/TO,0,0,0,D,F,1,No Deposit,54,22,0,Transient,49.61,0,0,Check-Out,2016-06-15
City Hotel,1,123,2015,July,29,2,1,2,3,1,0,0,1,SC,PRT,Online TA,TA/TO,0,0,0,A,A,0,No Deposit,278,22,0,Contract,92.52,0,0,Canceled,2016-06-15
City Hotel,0,73,2016,November,49,23,1,2,3,2,0,0,2,HB,PRT,Groups,TA/TO,0,0,0,A,A,0,No Deposit,8,22,0,Transient,120.22,0,0,Check-Out,2016-06-15
Resort Hotel,0,49,2017,May,46,3,1,5,6,2,0,0,2,BB,DEU,Online TA,TA/TO,0,0,0,A,A,0,No Deposit,11,22,0,Transient-Party,74.45,0,0,Check-Out,2016-06-15
Resort Hotel,0,73,2016,September,27,18,0,2,2,2,0,0,2,BB,NLD,Offline TA/TO,Direct,1,0,0,D,D,0,No Deposit,73,0,0,Transient,115.8,0,0,Check-Out,2016-06-15
Resort Hotel,0,39,2016,July,31,11,0,4,4,2,0,0,2,BB,GBR,Direct,TA/TO,0,0,1,G,G,0,No Deposit,326,0,0,Transient,102.72,0,1,Check-Out,2016-06-15
Resort Hotel,1,97,2016,April,34,12,3,3,6,2,0,0,2,BB,NLD,Online TA,TA/TO,0,0,0,A,A,0,No Deposit,108,0,0,Transient,139.64,0,0,Canceled,2016-06-15
Resort Hotel,1,9,2016,July,12,14,2,2,4,2,0,0,2,BB,PRT,Online TA,TA/TO,0,0,0,A,A,0,No Deposit,9,0,0,Transient-Party,127.98,0,0,Canceled,2016-06-15
Resort Hotel,1,97,2016,December,37,9,1,2,3,4,0,0,4,HB,NLD,Online TA,Direct,0,0,0,A,A,3,No Deposit,238,22,0,Transient,85.89,0,0,Canceled,2016-06-15
City Hotel,1,32,2016,February,25,28,0,1,1,2,0,0,2,HB,NLD,Corporate,TA/TO,0,0,0,E,E,1,No Deposit,463,22,0,Transient-Party,88.37,0,1,Canceled,2016-06-15
Resort Hotel,0,1,2015,July,2,10,1,3,4,2,0,0,2,BB,FRA,Corporate,TA/TO,0,0,0,A,A,0,No Deposit,245,0,0,Transient,69.08,0,0,Check-Out,2016-06-15
City Hotel,0,80,2016,January,30,13,0,3,3,2,0,0,2,BB,NLD,Online TA,TA/TO,0,0,0,A,A,0,No Deposit,251,22,0,Transient,105.5,0,1,Check-Out,2016-06-15
City Hotel,1,86,2016,May,44,24,0,1,1,2,0,0,2,HB,PRT,Online TA,TA/TO,0,0,0,A,A,0,Non Refund,335,0,0,Transient,98.56,0,0,Canceled,2016-06-15
City Hotel,0,55,2016,August,9,24,0,3,3,2,0,0,2,SC,NLD,Online TA,TA/TO,0,0,0,C,C,0,Non Refund,258,0,0,Contract,40.33,0,1,Check-Out,2016-06-15
City Hotel,0,7,2017,October,23,3,1,2,3,2,0,0,2,BB,PRT,Offline TA/TO,TA/TO,0,0,0,G,G,0,No Deposit,288,0,0,Transient-Party,83.31,0,1,Check-Out,2016-06-15
City Hotel,0,223,2016,August,9,27,0,1,1,2,0,0,2,BB,NLD,Groups,TA/TO,0,0,0,A,A,0,No Deposit,51,0,0,Transient-Party,109.21,1,0,Check-Out,2016-06-15
Resort Hotel,1,94,2015,June,20,26,0,6,6,2,0,0,2,BB,PRT,Offline TA/TO,TA/TO,0,0,0,C,C,0,No Deposit,165,0,0,Transient,72.67,0,1,Canceled,2016-06-15
Resort Hotel,0,12,2016,October,1,9,2,4,6,2,0,0,2,BB,PRT,Online TA,TA/TO,0,0,0,A,A,2,No Deposit,6,0,0,Transient-Party,145.0,0,1,Check-Out,2016-06-15
City Hotel,0,71,2016,May,39,24,2,1,3,2,0,0,2,BB,PRT,Online TA,Direct,0,0,0,A,A,0,No Deposit,217,22,0,Transient,108.96,0,1,Check-Out,2016-06-15
Resort Hotel,0,68,2017,September,23,28,0,6,6,1,0,0,1,BB,PRT,Online TA,TA/TO,0,0,0,A,A,1,Non Refund,268,22,0,Transient,70.23,0,0,Check-Out,2016-06-15
Resort Hotel,0,6,2016,June,18,2,0,5,5,2,0,0,2,HB,DEU,Offline TA/TO,TA/TO,0,0,0,A,A,0,No Deposit,54,22,0,Contract,102.2,0,0,Check-Out,2016-06-15
Resort Hotel,0,93,2017,October,42,23,2,1,3,2,0,0,2,HB,FRA,Online TA,TA/TO,0,0,0,A,A,0,No Deposit,302,22,0,Transient,103.42,0,2,Check-Out,2016-06-15
Resort Hotel,1,165,2016,September,32,8,2,1,3,2,0,0,2,SC,PRT,Online TA,TA/TO,0,0,0,A,A,0,Refundable,417,0,0,Transient,117.66,0,0,Canceled,2016-06-15
Resort Hotel,0,138,2017,October,47,28,1,3,4,2,0,0,2,HB,NLD,Online TA,TA/TO,0,0,1,D,D,0,No Deposit,254,22,0,Transient,84.66,0,0,Check-Out,2016-06-15
City Hotel,1,22,2017,April,9,7,1,6,7,2,0,0,2,HB,GBR,Online TA,TA/TO,0,0,0,A,A,0,No Deposit,146,22,0,Transient,107.04,1,1,Canceled,2016-06-15
Resort Hotel,0,198,2016,August,11,9,0,4,4,2,0,0,2,BB,PRT,Offline TA/TO,TA/TO,0,0,0,A,A,0,No Deposit,422,0,0,Transient,66.12,0,2,Check-Out,2016-06-15
City Hotel,1,41,2017,August,1,13,2,2,4,2,0,0,2,BB,IRL,Online TA,TA/TO,0,0,0,A,A,0,No Deposit,59,0,0,Transient,66.53,0,3,Canceled,2016-06-15
Resort Hotel,1,292,2016,September,11,7,2,1,3,1,0,0,1,BB,GBR,Corporate,TA/TO,0,0,0,A,A,1,No Deposit,135,22,0,Transient,109.39,0,0,Canceled,2016-06-15
Resort Hotel,1,7,2017,July,33,28,1,2,3,2,0,0,2,BB,PRT,Online TA,Direct,0,0,0,D,D,0,No Deposit,489,0,0,Transient-Party,52.32,0,2,Canceled,2016-06-15
City Hotel,0,66,2017,January,30,7,2,1,3,3,0,0,3,BB,ESP,Offline TA/TO,TA/TO,0,0,0,A,A,0,No Deposit,211,22,0,Transient,90.57,0,0,Check-Out,2016-06-15
Resort Hotel,0,90,2017,April,5,1,0,1,1,2,0,0,2,HB,PRT,Offline TA/TO,TA/TO,0,0,0,A,G,0,No Deposit,88,0,0,Transient,186.49,0,0,Check-Out,2016-06-15
City Hotel,0,28,2016,May,50,2,0,3,3,1,0,0,1,BB,DEU,Direct,TA/TO,0,0,0,A,A,0,No Deposit,94,0,0,Transient,131.9,0,0,Check-Out,2016-06-15
City Hotel,1,147,2017,October,1,21,0,2,2,2,0,0,2,BB,NLD,Direct,TA/TO,0,0,0,G,G,0,No Deposit,239,22,0,Transient,132.18,0,2,Canceled,2016-06-15
Resort Hotel,0,98,2016,October,10,27,0,2,2,1,1,0,2,BB,PRT,Online TA,TA/TO,0,0,0,A,A,2,No Deposit,143,0,0,Transient,166.81,0,0,Check-Out,2016-06-15
City Hotel,1,1,2016,February,13,17,2,5,7,2,0,0,2,HB,NLD,Online TA,TA/TO,0,0,0,A,A,0,No Deposit,125,22,0,Transient,77.57,0,1,Canceled,2016-06-15
Resort Hotel,0,93,2016,November,27,28,2,1,3,2,0,0,2,HB,PRT,Online TA,TA/TO,0,0,0,A,A,0,No Deposit,470,22,0,Transient,111.7,0,0,Check-Out,2016-06-15
City Hotel,0,67,2017,March,8,10,2,2,4,4,0,0,4,BB,PRT,Online TA,TA/TO,0,0,0,A,A,2,No Deposit,385,0,0,Transient,138.45,1,0,Check-Out,2016-06-15
Resort Hotel,0,21,2015,June,28,15,0,3,3,2,0,0,2,BB,IRL,Groups,TA/TO,0,0,0,A,A,1,No Deposit,46,22,0,Transient,41.94,0,3,Check-Out,2016-06-15
City Hotel,1,546,2016,April,45,16,2,2,4,2,0,0,2,BB,PRT,Online TA,TA/TO,1,0,0,A,F,1,No Deposit,160,22,0,Transient,105.13,0,2,Canceled,2016-06-15
Resort Hotel,0,227,2016,October,52,23,0,3,3,1,1,0,2,BB,PRT,Direct,Direct,0,0,0,A,G,0,No Deposit,177,22,0,Transient,82.25,0,0,Check-Out,2016-06-15
City Hotel,1,34,2016,September,2,21,0,5,5,2,1,0,3,BB,FRA,Offline TA/TO,TA/TO,0,0,0,A,A,1,No Deposit,94,0,0,Transient,119.14,0,0,Canceled,2016-06-15
City Hotel,1,77,2017,May,12,13,1,2,3,2,0,0,2,BB,PRT,Online TA,TA/TO,0,0,0,A,A,0,No Deposit,351,0,0,Transient,91.08,0,2,Canceled,2016-06-15
City Hotel,1,38,2017,August,27,21,0,4,4,1,0,0,1,BB,FRA,Groups,TA/TO,0,0,0,F,F,1,No Deposit,10,0,0,Transient,154.1,0,0,Canceled,2016-06-15
City Hotel,1,149,2016,March,13,8,2,1,3,2,1,0,3,BB,DEU,Offline TA/TO,Direct,0,0,0,A,A,0,No Deposit,145,0,0,Transient,76.73,0,0,Canceled,2016-06-15
City Hotel,0,266,2016,May,22,9,0,1,1,1,0,0,1,SC,PRT,Direct,TA/TO,0,0,0,A,A,2,No Deposit,148,22,0,Transient-Party,136.46,0,3,Check-Out,2016-06-15
City Hotel,0,44,2016,May,40,26,1,2,3,2,0,0,2,BB,NLD,Online TA,TA/TO,0,0,0,C,C,0,No Deposit,307,0,0,Transient,145.05,0,0,Check-Out,2016-06-15
Resort Hotel,0,163,2016,April,15,1,2,5,7,2,0,0,2,BB,PRT,Online TA,TA/TO,0,0,0,A,A,0,No Deposit,245,22,0,Transient,95.99,0,0,Check-Out,2016-06-15
Resort Hotel,0,68,2016,October,31,26,1,2,3,2,0,0,2,BB,PRT,Online TA,TA/TO,0,0,0,D,A,0,No Deposit,406,0,0,Transient,66.87,0,1,Check-Out,2016-06-15
Resort Hotel,0,50,2015,August,7,4,1,2,3,2,0,0,2,BB,NLD,Direct,TA/TO,0,0,0,A,A,3,No Deposit,20,0,0,Transient,41.51,0,0,Check-Out,2016-06-15
City Hotel,1,278,2016,April,39,27,0,3,3,2,1,0,3,BB,ITA,Groups,TA/TO,0,0,0,A,A,0,No Deposit,449,22,0,Transient,167.73,0,0,Canceled,2016-06-15
City Hotel,0,71,2016,April,49,18,0,1,1,2,0,0,2,BB,FRA,Direct,TA/TO,0,0,0,D,D,0,No Deposit,4,0,0,Transient,136.78,0,0,Check-Out,2016-06-15
City Hotel,0,63,2016,January,51,25,1,3,4,2,0,0,2,BB,PRT,Direct,TA/TO,0,0,0,B,B,0,Refundable,119,22,0,Transient,117.05,0,2,Check-Out,2016-06-15
Resort Hotel,0,111,2016,May,35,25,2,1,3,2,0,0,2,HB,NLD,Online TA,Corporate,1,0,0,A,A,0,No Deposit,221,0,0,Transient,59.47,0,0,Check-Out,2016-06-15
City Hotel,0,30,2016,July,7,1,2,3,5,2,0,0,2,HB,ESP,Offline TA/TO,TA/TO,0,0,1,E,E,0,No Deposit,182,0,0,Group,153.19,0,1,Check-Out,2016-06-15
Resort Hotel,0,39,2015,April,12,3,1,3,4,2,0,0,2,BB,GBR,Groups,Corporate,0,0,0,G,G,2,No Deposit,492,22,0,Transient,98.59,0,1,Check-Out,2016-06-15
Resort Hotel,0,268,2017,August,14,10,1,2,3,1,0,0,1,BB,NLD,Groups,TA/TO,0,0,0,A,A,1,No Deposit,92,22,0,Transient,101.53,0,0,Check-Out,2016-06-15
City Hotel,1,113,2016,June,34,24,2,5,7,1,0,0,1,BB,NLD,Online TA,TA/TO,0,0,0,A,A,0,No Deposit,321,22,0,Transient-Party,178.14,0,0,Canceled,2016-06-15
City Hotel,0,175,2015,May,39,2,1,1,2,2,0,0,2,BB,NLD,Offline TA/TO,Direct,0,0,0,A,A,0,No Deposit,435,0,0,Transient,111.99,0,2,Check-Out,2016-06-15
City Hotel,1,31,2016,November,48,18,2,1,3,2,0,0,2,HB,NLD,Online TA,TA/TO,0,0,0,A,A,1,No Deposit,11,22,0,Transient-Party,138.28,0,0,Canceled,2016-06-15
City Hotel,0,78,2017,April,9,2,2,2,4,2,1,0,3,BB,PRT,Groups,TA/TO,0,0,0,A,A,0,No Deposit,106,0,0,Transient-Party,53.1,0,0,Check-Out,2016-06-15
Resort Hotel,0,355,2017,May,33,13,3,6,9,2,0,0,2,BB,PRT,Groups,TA/TO,0,0,0,A,A,1,Refundable,27,22,0,Transient,96.84,0,0,Check-Out,2016-06-15
City Hotel,0,38,2017,May,12,21,2,2,4,2,0,0,2,SC,PRT,Offline TA/TO,TA/TO,0,0,0,A,F,0,No Deposit,232,0,0,Transient,85.96,0,2,Check-Out,2016-06-15
Resort Hotel,0,17,2015,April,34,9,2,5,7,2,0,0,2,BB,PRT,Offline TA/TO,TA/TO,0,0,0,A,A,0,No Deposit,252,0,0,Transient-Party,88.56,0,0,Check-Out,2016-06-15
City Hotel,1,71,2016,April,27,23,0,3,3,1,0,0,1,BB,NLD,Direct,TA/TO,0,0,0,A,A,0,No Deposit,410,22,0,Transient,104.7,0,0,Canceled,2016-06-15
City Hotel,0,49,2017,May,22,23,0,4,4,2,0,0,2,HB,NLD,Groups,TA/TO,0,0,0,A,A,3,No Deposit,128,0,0,Transient-Party,116.65,0,1,Check-Out,2016-06-15
Resort Hotel,0,17,2016,October,18,2,2,6,8,1,0,0,1,BB,NLD,Online TA,TA/TO,0,0,0,A,A,0,No Deposit,338,0,0,Transient,105.23,0,0,Check-Out,2016-06-15
Resort Hotel,0,219,2017,September,46,2,0,3,3,2,0,0,2,SC,IRL,Offline TA/TO,Direct,0,0,0,A,A,0,No Deposit,273,22,0,Transient,97.61,0,0,Check-Out,2016-06-15
City Hotel,1,468,2016,August,44,5,0,3,3,2,0,0,2,BB,ESP,Online TA,TA/TO,0,0,0,A,B,0,Non Refund,426,22,0,Transient,90.76,0,0,Canceled,2016-06-15
City Hotel,1,84,2016,June,18,28,2,3,5,2,0,0,2,BB,DEU,Online TA,TA/TO,0,0,0,A,A,0,No Deposit,432,0,0,Transient,133.35,0,1,Canceled,2016-06-15
City Hotel,0,149,2017,July,37,14,1,4,5,1,0,0,1,BB,NLD,Online TA,TA/TO,0,1,0,A,A,0,No Deposit,289,22,0,Transient,137.14,0,0,Check-Out,2016-06-15
Resort Hotel,0,195,2016,April,7,23,0,2,2,2,0,0,2,BB,PRT,Offline TA/TO,Direct,0,0,0,D,D,0,No Deposit,487,22,0,Transient,87.89,0,0,Check-Out,2016-06-15
Resort Hotel,1,120,2015,February,4,23,1,4,5,2,0,0,2,BB,GBR,Online TA,Direct,0,0,0,A,A,0,No Deposit,375,22,0,Transient,182.19,0,2,Canceled,2016-06-15
City Hotel,0,4,2016,May,45,25,0,3,3,2,0,0,2,BB,FRA,Offline TA/TO,TA/TO,0,0,0,A,A,0,No Deposit,61,0,0,Transient,4.18,0,2,Check-Out,2016-06-15
City Hotel,1,17,2017,June,16,3,2,3,5,3,0,0,3,BB,NLD,Online TA,TA/TO,0,0,0,A,A,0,No Deposit,106,0,0,Transient,119.53,0,2,Canceled,2016-06-15
Resort Hotel,1,7,2015,January,22,14,2,1,3,2,0,0,2,BB,PRT,Offline TA/TO,TA/TO,0,0,0,A,A,0,No Deposit,497,0,0,Transient,42.2,0,1,Canceled,2016-06-15
City Hotel,1,0,2015,February,48,1,2,4,6,2,0,0,2,BB,BRA,Groups,TA/TO,0,0,0,A,A,1,No Deposit,29,22,0,Transient,137.33,0,0,Canceled,2016-06-15
Resort Hotel,0,36,2016,April,51,9,0,1,1,1,2,0,3,BB,NLD,Online TA,Corporate,0,0,0,A,D,3,No Deposit,63,0,0,Transient,165.09,0,0,Check-Out,2016-06-15
City Hotel,1,49,2017,May,36,16,0,6,6,3,0,0,3,BB,NLD,Online TA,TA/TO,0,0,0,A,D,0,No Deposit,37,0,0,Transient,123.13,0,2,Canceled,2016-06-15
City Hotel,1,27,2017,May,20,17,0,1,1,1,0,0,1,HB,PRT,Online TA,TA/TO,0,0,0,B,B,0,No Deposit,440,0,0,Transient,167.67,0,1,Canceled,2016-06-15
City Hotel,0,6,2016,February,31,8,0,3,3,2,0,0,2,BB,DEU,Offline TA/TO,TA/TO,0,0,0,A,A,0,No Deposit,489,0,0,Transient,110.75,0,0,Check-Out,2016-06-15
City Hotel,0,75,2016,April,52,15,2,2,4,2,0,0,2,BB,PRT,Direct,TA/TO,0,0,0,A,A,0,No Deposit,16,22,10,Transient,160.33,0,0,Check-Out,2016-06-15
City Hotel,1,31,2016,April,33,21,1,3,4,2,0,0,2,BB,DEU,Online TA,TA/TO,0,0,0,D,D,1,No Deposit,312,22,0,Transient-Party,81.42,0,0,Canceled,2016-06-15
Resort Hotel,1,158,2016,February,13,8,0,2,2,2,0,0,2,HB,ESP,Groups,TA/TO,0,0,0,A,A,0,No Deposit,170,0,0,Transient-Party,81.69,0,1,Canceled,2016-06-15
Resort Hotel,0,0,2017,May,52,7,0,3,3,2,0,0,2,BB,NLD,Online TA,TA/TO,0,0,0,A,A,0,Non Refund,280,22,0,Transient,106.13,0,0,Check-Out,2016-06-15
City Hotel,0,184,2015,February,20,9,0,1,1,1,2,0,3,BB,PRT,Offline TA/TO,TA/TO,0,0,0,A,A,0,Refundable,453,22,0,Transient-Party,178.36,0,1,Check-Out,2016-06-15
City Hotel,0,309,2016,August,41,2,2,6,8,2,0,0,2,SC,PRT,Groups,Direct,0,0,3,B,B,0,No Deposit,287,0,0,Contract,134.21,0,0,Check-Out,2016-06-15
City Hotel,0,125,2016,May,42,25,0,1,1,2,0,1,3,BB,DEU,Groups,TA/TO,0,0,0,F,F,0,No Deposit,99,0,0,Transient-Party,33.76,0,1,Check-Out,2016-06-15
City Hotel,1,132,2015,May,38,10,0,6,6,2,0,0,2,BB,GBR,Groups,Corporate,0,0,0,F,F,0,No Deposit,395,0,0,Transient,139.37,0,0,Canceled,2016-06-15
City Hotel,0,271,2016,February,22,5,0,3,3,2,0,0,2,BB,BRA,Online TA,TA/TO,0,0,0,A,A,2,No Deposit,130,0,0,Transient,144.85,0,0,Check-Out,2016-06-15
Resort Hotel,0,23,2016,April,39,16,1,2,3,2,0,0,2,BB,NLD,Groups,Direct,0,0,0,A,A,0,No Deposit,341,0,0,Transient,68.31,0,1,Check-Out,2016-06-15
Resort Hotel,0,521,2017,April,23,21,0,3,3,2,0,0,2,BB,GBR,Offline TA/TO,TA/TO,0,0,0,F,F,0,No Deposit,455,22,0,Transient,123.3,0,0,Check-Out,2016-06-15
Resort Hotel,1,148,2016,December,48,1,2,3,5,2,0,0,2,BB,PRT,Online TA,TA/TO,0,0,0,E,C,0,No Deposit,462,22,0,Transient,113.54,0,1,Canceled,2016-06-15
City Hotel,0,129,2016,October,49,6,2,3,5,2,0,0,2,SC,ESP,Online TA,TA/TO,0,0,0,A,A,0,No Deposit,337,0,0,Transient,86.41,0,3,Check-Out,2016-06-15
City Hotel,0,44,2016,January,33,10,0,1,1,2,0,0,2,BB,GBR,Online TA,TA/TO,0,0,1,A,A,0,No Deposit,482,0,0,Transient,90.21,0,2,Check-Out,2016-06-15
Resort Hotel,0,78,2017,July,41,10,0,7,7,2,0,1,3,BB,NLD,Groups,TA/TO,0,0,0,A,A,2,No Deposit,35,22,0,Transient,36.64,0,1,Check-Out,2016-06-15
City Hotel,1,106,2016,April,30,26,2,3,5,2,1,0,3,SC,ESP,Online TA,TA/TO,0,0,0,F,F,1,No Deposit,190,22,0,Transient,86.12,0,0,Canceled,2016-06-15
City Hotel,0,96,2017,February,14,26,2,2,4,4,0,0,4,BB,NLD,Offline TA/TO,TA/TO,0,0,0,A,A,0,No Deposit,182,22,0,Transient,92.89,0,0,Check-Out,2016-06-15
City Hotel,0,122,2017,August,47,19,0,3,3,2,0,0,2,BB,NLD,Offline TA/TO,Corporate,1,0,0,A,A,0,No Deposit,197,0,0,Transient,92.38,0,2,Check-Out,2016-06-15
Resort Hotel,0,8,2017,March,36,13,0,1,1,2,0,0,2,BB,NLD,Online TA,TA/TO,0,0,0,D,D,0,No Deposit,51,22,0,Transient,96.22,0,0,Check-Out,2016-06-15
Resort Hotel,0,43,2015,June,8,26,0,1,1,2,0,0,2,BB,PRT,Offline TA/TO,TA/TO,0,0,0,A,A,0,No Deposit,124,0,0,Contract,169.64,0,0,Check-Out,2016-06-15
Resort Hotel,1,56,2016,August,47,19,1,1,2,2,0,0,2,SC,NLD,Groups,Direct,0,0,0,A,A,0,No Deposit,124,22,0,Transient-Party,115.05,0,1,Canceled,2016-06-15
Resort Hotel,1,30,2015,July,22,3,2,5,7,1,0,0,1,BB,NLD,Online TA,TA/TO,0,0,0,A,A,0,No Deposit,208,0,30,Transient,134.2,0,0,Canceled,2016-06-15
City Hotel,0,18,2016,December,4,13,1,2,3,2,0,0,2,BB,DEU,Online TA,TA/TO,0,0,0,A,A,0,No Deposit,209,0,0,Contract,125.62,0,2,Check-Out,2016-06-15
City Hotel,0,14,2017,September,51,4,0,3,3,2,0,0,2,BB,NLD,Online TA,TA/TO,0,0,0,A,A,0,Non Refund,113,22,0,Transient,103.67,0,0,Check-Out,2016-06-15
City Hotel,0,45,2015,September,35,25,1,2,3,2,0,0,2,BB,PRT,Direct,Corporate,0,0,0,A,A,1,No Deposit,393,22,0,Transient,160.72,0,0,Check-Out,2016-06-15
City Hotel,1,68,2016,May,8,8,2,1,3,2,1,0,3,BB,NLD,Online TA,TA/TO,0,0,0,D,D,0,No Deposit,270,0,0,Transient,159.48,0,1,Canceled,2016-06-15
City Hotel,0,6,2015,January,34,12,0,1,1,2,0,0,2,BB,PRT,Offline TA/TO,TA/TO,0,0,0,A,A,1,Non Refund,479,0,0,Transient-Party,134.74,0,1,Check-Out,2016-06-15
Resort Hotel,1,292,2017,August,22,22,2,5,7,2,0,0,2,BB,GBR,Offline TA/TO,Corporate,0,0,0,D,D,0,No Deposit,56,22,0,Transient-Party,111.01,1,1,Canceled,2016-06-15
City Hotel,0,144,2015,December,25,24,1,1,2,2,0,0,2,BB,BEL,Online TA,TA/TO,0,0,0,A,C,0,Non Refund,117,0,0,Transient,101.77,0,0,Check-Out,2016-06-15
City Hotel,0,131,2015,June,25,24,0,1,1,2,0,0,2,BB,PRT,Online TA,TA/TO,0,0,0,A,A,0,No Deposit,489,22,0,Transient,120.48,1,1,Check-Out,2016-06-15
Resort Hotel,0,18,2016,December,40,17,0,1,1,2,0,0,2,Undefined,PRT,Corporate,TA/TO,0,0,1,A,A,0,No Deposit,123,0,0,Transient,44.13,0,0,Check-Out,2016-06-15
Resort Hotel,0,92,2017,March,40,25,0,2,2,1,0,0,1,BB,PRT,Groups,TA/TO,0,0,0,A,C,0,No Deposit,162,0,0,Transient,105.45,0,0,Check-Out,2016-06-15
City Hotel,1,75,2015,April,17,1,1,6,7,2,0,0,2,BB,FRA,Groups,Direct,0,0,0,A,A,3,Refundable,340,22,0,Transient,141.21,0,0,Canceled,2016-06-15
City Hotel,1,404,2016,March,16,27,1,5,6,2,0,0,2,BB,PRT,Offline TA/TO,TA/TO,0,0,0,D,G,0,No Deposit,385,0,0,Transient,53.74,0,0,Canceled,2016-06-15
City Hotel,1,137,2015,June,48,2,1,1,2,2,1,0,3,HB,NLD,Online TA,TA/TO,0,0,0,D,D,0,No Deposit,166,0,0,Transient,50.64,0,1,Canceled,2016-06-15
Resort Hotel,1,85,2017,September,48,9,0,1,1,2,0,0,2,BB,BEL,Offline TA/TO,TA/TO,0,0,0,D,D,2,No Deposit,17,0,0,Transient,80.49,0,0,Canceled,2016-06-15
City Hotel,0,190,2016,May,39,23,2,4,6,2,0,0,2,FB,FRA,Online TA,TA/TO,0,0,0,A,A,0,No Deposit,376,0,10,Transient-Party,74.4,0,1,Check-Out,2016-06-15
Resort Hotel,0,16,2017,October,15,26,0,2,2,2,0,0,2,HB,PRT,Online TA,TA/TO,0,0,0,A,A,1,No Deposit,400,22,0,Transient,127.37,0,0,Check-Out,2016-06-15
Resort Hotel,0,1,2016,July,17,1,0,4,4,2,0,0,2,SC,PRT,Online TA,TA/TO,0,1,0,A,A,0,No Deposit,354,22,0,Transient-Party,116.6,0,0,Check-Out,2016-06-15
City Hotel,1,117,2015,June,35,19,0,1,1,2,0,0,2,BB,PRT,Groups,TA/TO,0,0,0,D,D,0,No Deposit,48,22,0,Transient,154.53,0,0,Canceled,2016-06-15
Resort Hotel,1,10,2016,September,33,17,0,2,2,3,0,0,3,BB,PRT,Groups,TA/TO,0,0,0,A,A,0,No Deposit,306,22,0,Transient,62.01,0,1,Canceled,2016-06-15
City Hotel,1,12,2015,February,40,5,2,1,3,2,0,0,2,HB,ITA,Online TA,Direct,0,0,0,A,A,0,No Deposit,369,0,0,Contract,106.06,0,0,Canceled,2016-06-15
Resort Hotel,0,136,2016,September,39,15,0,5,5,2,0,0,2,BB,FRA,Online TA,TA/TO,0,0,0,D,D,0,No Deposit,71,0,0,Transient,162.93,0,1,Check-Out,2016-06-15
Resort Hotel,0,31,2016,April,18,20,0,1,1,2,0,0,2,BB,GBR,Online TA,GDS,0,0,0,A,A,0,Non Refund,169,0,0,Transient,157.52,0,1,Check-Out,2016-06-15
Resort Hotel,0,99,2016,April,30,24,1,2,3,1,0,0,1,BB,GBR,Online TA,TA/TO,0,0,0,A,A,0,No Deposit,382,22,0,Transient,47.01,0,0,Check-Out,2016-06-15
Resort Hotel,0,249,2015,July,23,25,1,2,3,2,0,0,2,BB,FRA,Direct,TA/TO,0,0,0,A,A,0,No Deposit,300,0,0,Transient,37.01,0,0,Check-Out,2016-06-15
City Hotel,0,38,2015,October,37,12,0,2,2,2,0,0,2,HB,FRA,Online TA,TA/TO,0,2,0,A,A,0,No Deposit,347,22,0,Transient,124.76,0,1,Check-Out,2016-06-15
Resort Hotel,0,24,2017,July,47,4,0,1,1,2,2,0,4,BB,PRT,Groups,TA/TO,0,0,0,A,A,0,No Deposit,399,0,0,Transient,63.96,0,0,Check-Out,2016-06-15
City Hotel,0,11,2017,August,7,15,0,1,1,2,0,0,2,BB,ESP,Online TA,Corporate,0,0,0,A,A,0,No Deposit,104,22,0,Transient,81.28,1,1,Check-Out,2016-06-15
Resort Hotel,0,13,2015,September,10,3,2,6,8,2,0,0,2,BB,PRT,Groups,TA/TO,0,0,0,A,A,0,No Deposit,317,22,30,Transient-Party,125.91,1,0,Check-Out,2016-06-15
Resort Hotel,0,6,2015,April,16,14,1,2,3,1,0,0,1,BB,NLD,Online TA,TA/TO,0,0,0,A,A,0,No Deposit,178,0,0,Transient,105.57,0,1,Check-Out,2016-06-15
City Hotel,1,9,2017,September,28,4,3,2,5,2,0,0,2,BB,IRL,Online TA,TA/TO,0,0,0,A,F,0,No Deposit,214,0,0,Transient,146.48,0,0,Canceled,2016-06-15
Resort Hotel,1,56,2017,June,23,19,0,5,5,1,1,0,2,BB,PRT,Groups,Corporate,0,0,1,D,D,0,No Deposit,436,22,0,Transient-Party,60.35,0,2,Canceled,2016-06-15
City Hotel,1,38,2017,March,34,6,1,4,5,2,0,0,2,BB,PRT,Online TA,TA/TO,0,0,0,A,A,1,Non Refund,350,22,0,Transient,108.49,0,0,Canceled,2016-06-15
Resort Hotel,0,122,2016,May,18,17,2,3,5,2,1,0,3,BB,NLD,Online TA,TA/TO,0,0,0,A,A,0,No Deposit,436,0,0,Transient,88.66,0,1,Check-Out,2016-06-15
City Hotel,0,204,2016,April,47,18,0,3,3,2,0,0,2,BB,PRT,Offline TA/TO,TA/TO,0,0,0,A,A,0,Non Refund,378,0,0,Transient,122.57,0,1,Check-Out,2016-06-15
City Hotel,0,153,2016,April,23,8,1,4,5,1,0,0,1,BB,PRT,Online TA,TA/TO,0,0,0,A,A,0,No Deposit,164,0,0,Transient,114.4,1,1,Check-Out,2016-06-15
City Hotel,0,75,2016,April,51,19,1,1,2,2,0,0,2,BB,FRA,Groups,TA/TO,0,0,0,A,F,2,No Deposit,289,0,0,Transient,116.7,0,2,Check-Out,2016-06-15
City Hotel,1,10,2015,March,20,20,1,3,4,2,0,0,2,BB,GBR,Direct,TA/TO,0,0,0,A,A,0,No Deposit,45,22,0,Transient,149.06,0,0,Canceled,2016-06-15
City Hotel,0,123,2015,August,31,12,1,1,2,2,0,0,2,SC,NLD,Online TA,TA/TO,0,0,0,A,A,0,No Deposit,73,0,0,Transient-Party,132.01,0,0,Check-Out,2016-06-15
Resort Hotel,0,45,2015,July,14,17,1,1,2,2,0,0,2,BB,ESP,Groups,TA/TO,0,0,0,F,F,1,No Deposit,2,0,0,Transient,155.53,0,0,Check-Out,2016-06-15
Resort Hotel,0,8,2016,August,23,19,2,1,3,2,0,0,2,BB,NLD,Online TA,TA/TO,0,0,0,A,G,0,No Deposit,1,0,0,Transient,97.96,0,0,Check-Out,2016-06-15
City Hotel,1,184,2016,May,2,1,2,3,5,2,0,0,2,HB,GBR,Offline TA/TO,TA/TO,0,0,0,A,A,0,No Deposit,378,0,0,Transient,133.69,0,0,Canceled,2016-06-15
Resort Hotel,1,41,2016,September,29,11,1,5,6,2,0,0,2,BB,PRT,Corporate,TA/TO,0,0,0,A,A,0,No Deposit,326,22,0,Contract,85.51,1,0,Canceled,2016-06-15
City Hotel,0,24,2017,February,50,10,0,3,3,2,0,0,2,BB,PRT,Offline TA/TO,TA/TO,1,0,0,D,D,0,No Deposit,342,0,0,Transient,85.27,0,0,Check-Out,2016-06-15
City Hotel,0,205,2017,July,9,16,2,2,4,2,0,0,2,BB,DEU,Online TA,TA/TO,0,0,0,G,G,0,No Deposit,127,0,0,Transient,65.8,0,2,Check-Out,2016-06-15
City Hotel,0,232,2016,April,33,5,0,2,2,2,0,0,2,BB,DEU,Online TA,TA/TO,0,0,0,A,A,0,No Deposit,431,0,0,Transient,185.74,0,0,Check-Out,2016-06-15
City Hotel,0,41,2017,July,48,17,0,3,3,2,0,0,2,BB,ESP,Online TA,TA/TO,0,0,0,E,E,0,Refundable,320,0,0,Transient,72.17,0,0,Check-Out,2016-06-15
City Hotel,1,43,2016,May,44,28,1,3,4,2,0,0,2,BB,PRT,Online TA,TA/TO,0,0,0,F,F,0,No Deposit,402,0,0,Transient,141.08,0,2,Canceled,2016-06-15
City Hotel,1,86,2015,September,12,9,1,2,3,2,0,0,2,BB,PRT,Online TA,TA/TO,0,0,0,A,A,0,No Deposit,364,0,0,Transient,125.65,0,0,Canceled,2016-06-15
City Hotel,1,132,2017,October,19,23,2,1,3,2,0,0,2,BB,PRT,Online TA,TA/TO,0,0,0,A,A,0,No Deposit,354,22,0,Transient,117.11,0,0,Canceled,2016-06-15
Resort Hotel,0,6,2015,September,42,27,3,3,6,2,0,0,2,BB,NLD,Online TA,TA/TO,0,0,0,A,A,0,No Deposit,310,0,0,Transient,113.55,1,1,Check-Out,2016-06-15
Resort Hotel,0,89,2016,March,20,8,2,1,3,2,0,0,2,BB,NLD,Offline TA/TO,Direct,0,0,0,A,A,1,No Deposit,291,22,0,Transient,104.72,0,3,Check-Out,2016-06-15
City Hotel,0,305,2016,April,37,25,4,3,7,2,0,0,2,SC,PRT,Online TA,Direct,0,0,0,A,A,0,No Deposit,315,22,0,Transient,86.72,0,1,Check-Out,2016-06-15
Resort Hotel,0,30,2016,November,31,10,1,4,5,2,2,0,4,BB,PRT,Online TA,TA/TO,0,0,0,A,A,0,No Deposit,292,22,0,Transient-Party,159.47,0,1,Check-Out,2016-06-15
City Hotel,1,239,2016,June,35,8,0,1,1,2,0,0,2,BB,PRT,Direct,TA/TO,0,0,3,A,A,0,No Deposit,410,0,0,Transient,70.33,0,0,Canceled,2016-06-15
City Hotel,1,299,2016,November,41,3,1,1,2,3,1,0,4,BB,PRT,Groups,GDS,0,0,0,A,A,0,No Deposit,45,22,0,Transient-Party,112.2,0,0,Canceled,2016-06-15
City Hotel,1,31,2016,May,21,23,1,7,8,2,0,0,2,BB,NLD,Online TA,TA/TO,0,0,0,A,A,0,No Deposit,453,22,0,Transient-Party,110.48,0,1,Canceled,2016-06-15
City Hotel,0,140,2017,November,47,23,1,4,5,2,2,0,4,BB,NLD,Online TA,TA/TO,0,1,0,A,E,0,No Deposit,414,22,0,Transient,125.51,0,1,Check-Out,2016-06-15
City Hotel,0,27,2016,November,46,23,1,2,3,2,0,0,2,BB,PRT,Direct,Direct,0,0,0,A,A,0,No Deposit,77,22,0,Transient-Party,139.95,0,0,Check-Out,2016-06-15
City Hotel,0,133,2016,August,43,12,2,1,3,2,0,0,2,BB,PRT,Online TA,TA/TO,0,0,0,B,E,1,No Deposit,33,22,0,Transient,92.18,0,0,Check-Out,2016-06-15
City Hotel,0,159,2016,January,13,24,0,2,2,2,2,0,4,HB,ITA,Offline TA/TO,TA/TO,0,0,0,A,A,0,No Deposit,279,0,0,Transient,103.64,0,2,Check-Out,2016-06-15
City Hotel,0,28,2017,June,39,4,0,2,2,2,0,0,2,BB,PRT,Online TA,TA/TO,0,0,0,D,D,0,No Deposit,149,0,0,Transient,76.86,0,0,Check-Out,2016-06-15
City Hotel,0,125,2017,November,27,27,1,4,5,2,1,0,3,SC,PRT,Groups,TA/TO,0,0,0,A,A,1,No Deposit,338,22,0,Transient-Party,132.2,0,1,Check-Out,2016-06-15
City Hotel,1,167,2017,October,25,22,4,1,5,1,0,0,1,BB,FRA,Groups,TA/TO,0,1,0,G,G,2,No Deposit,63,22,0,Transient,137.96,0,0,Canceled,2016-06-15
City Hotel,1,44,2015,March,2,18,0,3,3,1,0,0,1,BB,PRT,Online TA,TA/TO,0,0,0,A,A,0,No Deposit,454,0,5,Transient,87.12,0,0,Canceled,2016-06-15
City Hotel,1,18,2015,May,35,23,4,5,9,2,0,0,2,BB,GBR,Direct,TA/TO,0,0,0,A,A,2,No Deposit,452,0,0,Transient,123.87,0,0,Canceled,2016-06-15
City Hotel,1,9,2015,October,52,9,3,2,5,2,0,0,2,BB,PRT,Online TA,TA/TO,0,0,0,A,A,0,No Deposit,36,0,0,Transient,112.58,0,0,Canceled,2016-06-15
City Hotel,0,85,2015,July,8,21,0,1,1,2,0,0,2,BB,PRT,Online TA,Corporate,0,0,0,A,A,0,No Deposit,165,22,0,Transient,101.37,0,1,Check-Out,2016-06-15
City Hotel,0,382,2016,October,33,4,2,4,6,2,0,0,2,SC,PRT,Online TA,TA/TO,0,0,0,A,A,0,No Deposit,384,22,0,Transient,145.11,0,0,Check-Out,2016-06-15
City Hotel,1,173,2017,September,25,2,0,3,3,2,0,0,2,FB,PRT,Groups,TA/TO,0,0,0,A,A,0,No Deposit,257,0,0,Transient-Party,175.5,0,1,Canceled,2016-06-15
City Hotel,0,57,2016,October,21,7,1,1,2,3,0,0,3,BB,PRT,Online TA,TA/TO,0,0,0,A,A,0,No Deposit,282,0,0,Transient,58.0,0,0,Check-Out,2016-06-15
City Hotel,0,76,2017,February,36,18,1,3,4,2,0,1,3,BB,ESP,Groups,Corporate,0,0,0,A,A,0,No Deposit,170,0,0,Transient,112.58,0,0,Check-Out,2016-06-15
City Hotel,0,32,2015,March,13,2,2,4,6,2,0,0,2,BB,ESP,Groups,TA/TO,0,0,0,E,E,0,No Deposit,424,22,0,Transient,60.32,0,0,Check-Out,2016-06-15
City Hotel,0,17,2017,February,46,25,1,1,2,2,0,0,2,BB,DEU,Groups,TA/TO,0,0,0,A,A,0,No Deposit,437,0,0,Transient-Party,63.55,0,2,Check-Out,2016-06-15
City Hotel,0,65,2015,November,9,2,1,1,2,2,0,0,2,BB,PRT,Online TA,TA/TO,0,0,0,A,A,0,No Deposit,369,22,0,Transient,94.15,0,0,Check-Out,2016-06-15
City Hotel,0,62,2017,June,35,10,1,1,2,2,0,0,2,BB,NLD,Direct,TA/TO,0,0,0,A,A,0,No Deposit,497,22,0,Transient,81.95,0,0,Check-Out,2016-06-15
City Hotel,0,73,2015,February,46,3,0,7,7,2,0,0,2,HB,PRT,Groups,TA/TO,0,0,0,F,F,0,No Deposit,232,22,0,Transient,44.52,0,0,Check-Out,2016-06-15
Resort Hotel,0,305,2017,May,36,19,1,1,2,2,0,0,2,BB,NLD,Groups,TA/TO,0,0,0,A,A,0,No Deposit,78,0,0,Transient,149.69,0,1,Check-Out,2016-06-15
City Hotel,0,92,2016,May,49,2,3,2,5,1,0,0,1,BB,PRT,Offline TA/TO,TA/TO,0,0,0,A,A,0,No Deposit,250,0,0,Transient,103.52,0,0,Check-Out,2016-06-15
City Hotel,0,93,2016,September,47,26,0,1,1,4,0,0,4,BB,GBR,Offline TA/TO,TA/TO,0,0,0,D,D,0,Refundable,377,22,0,Transient-Party,95.39,0,2,Check-Out,2016-06-15
City Hotel,0,13,2016,August,44,3,1,7,8,2,0,0,2,BB,PRT,Offline TA/TO,TA/TO,0,0,0,A,A,0,No Deposit,190,22,0,Transient-Party,100.8,0,1,Check-Out,2016-06-15
City Hotel,0,565,2016,August,46,9,0,1,1,2,0,0,2,SC,PRT,Online TA,TA/TO,0,0,0,A,A,0,No Deposit,469,22,0,Transient,134.91,0,2,Check-Out,2016-06-15
City Hotel,1,148,2016,January,51,11,2,3,5,2,2,0,4,SC,FRA,Online TA,TA/TO,0,0,0,A,A,0,No Deposit,252,22,0,Transient,80.13,0,1,Canceled,2016-06-15
City Hotel,1,209,2017,November,10,11,0,1,1,2,0,0,2,HB,PRT,Groups,TA/TO,0,0,0,A,A,0,Non Refund,496,22,0,Transient,95.19,0,1,Canceled,2016-06-15
Resort Hotel,0,53,2016,April,5,27,0,4,4,1,0,0,1,BB,ESP,Offline TA/TO,TA/TO,0,0,1,A,A,0,No Deposit,300,0,0,Transient,31.45,0,0,Check-Out,2016-06-15
City Hotel,0,69,2017,August,31,3,2,4,6,2,0,0,2,BB,PRT,Offline TA/TO,TA/TO,0,0,0,A,A,3,No Deposit,457,22,0,Transient-Party,98.87,0,0,Check-Out,2016-06-15
City Hotel,1,73,2015,February,24,5,1,1,2,2,0,0,2,BB,NLD,Online TA,TA/TO,0,0,0,A,A,0,No Deposit,164,0,0,Transient,39.86,0,0,Canceled,2016-06-15
Resort Hotel,1,21,2016,February,32,12,1,1,2,2,0,0,2,BB,PRT,Online TA,TA/TO,0,0,0,A,D,0,No Deposit,260,0,0,Transient,124.1,0,0,Canceled,2016-06-15
Resort Hotel,1,116,2016,January,49,15,2,2,4,2,2,0,4,BB,NLD,Offline TA/TO,Direct,0,0,0,A,A,0,No Deposit,149,0,0,Transient,78.23,0,0,Canceled,2016-06-15
City Hotel,0,233,2017,July,49,23,0,2,2,2,0,0,2,HB,FRA,Online TA,Direct,0,0,0,A,A,0,No Deposit,114,0,0,Transient,95.38,0,0,Check-Out,2016-06-15
City Hotel,0,17,2016,August,3,17,0,4,4,2,0,0,2,BB,PRT,Online TA,TA/TO,0,0,0,A,A,0,No Deposit,17,0,0,Transient,62.64,0,0,Check-Out,2016-06-15
Resort Hotel,1,9,2016,January,16,16,0,1,1,2,1,0,3,BB,PRT,Groups,TA/TO,0,0,0,A,A,0,Non Refund,272,22,0,Transient,95.48,0,1,Canceled,2016-06-15
City Hotel,1,134,2016,April,41,17,1,3,4,2,0,0,2,BB,NLD,Online TA,TA/TO,0,0,3,A,A,0,No Deposit,41,22,0,Transient,152.9,0,0,Canceled,2016-06-15
City Hotel,0,31,2016,October,49,15,0,1,1,2,0,0,2,HB,NLD,Direct,TA/TO,1,2,0,A,A,1,No Deposit,368,0,0,Transient,88.95,0,1,Check-Out,2016-06-15
City Hotel,1,97,2016,February,20,26,1,2,3,2,1,0,3,HB,PRT,Offline TA/TO,TA/TO,1,0,0,F,F,0,No Deposit,311,22,0,Transient,75.39,0,0,Canceled,2016-06-15
City Hotel,0,118,2016,April,44,13,0,1,1,2,0,0,2,BB,PRT,Offline TA/TO,TA/TO,0,0,0,D,D,0,No Deposit,348,22,0,Transient-Party,76.0,0,2,Check-Out,2016-06-15
City Hotel,0,38,2016,June,24,2,0,2,2,2,0,0,2,BB,PRT,Online TA,TA/TO,0,0,0,A,A,0,No Deposit,313,22,0,Transient,112.98,0,1,Check-Out,2016-06-15
City Hotel,1,168,2015,October,34,17,0,1,1,2,0,0,2,BB,ESP,Online TA,TA/TO,0,0,0,G,G,0,No Deposit,194,22,0,Transient,165.31,0,0,Canceled,2016-06-15
City Hotel,1,79,2017,April,52,1,1,2,3,2,0,0,2,BB,DEU,Online TA,TA/TO,0,1,0,A,D,1,No Deposit,38,22,0,Transient,81.43,0,1,Canceled,2016-06-15
City Hotel,0,203,2015,December,48,10,0,1,1,2,0,0,2,HB,GBR,Groups,Direct,0,0,0,G,G,0,No Deposit,440,0,0,Transient-Party,98.22,0,0,Check-Out,2016-06-15
Resort Hotel,0,144,2017,May,23,4,0,4,4,2,0,0,2,BB,PRT,Online TA,TA/TO,0,0,0,A,A,0,No Deposit,82,0,0,Transient-Party,16.38,0,0,Check-Out,2016-06-15
City Hotel,0,202,2015,May,38,10,2,5,7,2,0,0,2,BB,PRT,Online TA,Direct,0,0,0,A,A,1,No Deposit,165,22,0,Transient,74.06,0,1,Check-Out,2016-06-15
Resort Hotel,0,2,2015,February,2,12,0,4,4,2,0,0,2,BB,GBR,Direct,TA/TO,0,0,0,A,A,0,No Deposit,50,22,0,Transient,100.57,0,1,Check-Out,2016-06-15
Resort Hotel,0,27,2016,August,41,28,2,7,9,2,0,0,2,BB,PRT,Offline TA/TO,TA/TO,0,0,0,D,D,0,No Deposit,485,22,0,Transient,119.28,0,2,Check-Out,2016-06-15
Resort Hotel,0,9,2016,April,5,3,1,5,6,1,0,0,1,BB,PRT,Direct,TA/TO,0,0,0,A,A,0,No Deposit,439,0,0,Contract,51.86,0,1,Check-Out,2016-06-15
Resort Hotel,1,58,2016,August,18,1,0,2,2,1,0,0,1,SC,NLD,Online TA,TA/TO,0,1,0,A,A,0,No Deposit,219,0,0,Transient,155.14,0,2,Canceled,2016-06-15
City Hotel,0,220,2016,April,50,19,2,2,4,2,0,0,2,SC,ESP,Direct,TA/TO,0,0,0,A,A,0,No Deposit,129,0,0,Transient-Party,77.76,0,0,Check-Out,2016-06-15
Resort Hotel,0,63,2016,May,29,1,1,2,3,2,0,0,2,SC,NLD,Direct,TA/TO,0,0,0,C,D,2,No Deposit,252,0,0,Transient,137.76,1,0,Check-Out,2016-06-15
City Hotel,0,189,2016,October,10,19,1,2,3,2,0,0,2,BB,PRT,Direct,Direct,0,0,0,D,D,1,No Deposit,193,0,0,Transient,23.58,0,0,Check-Out,2016-06-15
City Hotel,1,39,2016,August,42,4,0,6,6,2,0,0,2,BB,NLD,Online TA,TA/TO,0,0,0,A,A,0,No Deposit,65,22,0,Transient,53.44,0,2,Canceled,2016-06-15
City Hotel,1,41,2016,March,42,27,0,2,2,1,0,0,1,BB,NLD,Online TA,TA/TO,0,0,0,D,D,1,No Deposit,44,22,0,Contract,171.27,1,1,Canceled,2016-06-15
Resort Hotel,0,225,2017,July,50,13,2,3,5,3,0,0,3,BB,ESP,Direct,GDS,0,0,0,A,A,0,No Deposit,140,22,0,Transient,65.99,0,0,Check-Out,2016-06-15
City Hotel,0,55,2017,August,16,27,0,3,3,2,0,0,2,SC,PRT,Online TA,TA/TO,0,0,0,A,A,0,No Deposit,101,0,0,Transient,84.59,0,0,Check-Out,2016-06-15
City Hotel,0,155,2016,February,23,14,1,6,7,1,0,0,1,SC,PRT,Offline TA/TO,TA/TO,0,0,0,A,A,1,No Deposit,332,22,0,Contract,147.52,0,1,Check-Out,2016-06-15
City Hotel,0,27,2017,June,30,14,1,3,4,2,0,0,2,BB,PRT,Online TA,TA/TO,0,0,0,D,A,0,No Deposit,309,22,0,Transient,80.98,0,3,Check-Out,2016-06-15
City Hotel,1,297,2017,April,6,24,0,2,2,2,1,0,3,SC,PRT,Corporate,TA/TO,0,0,0,E,E,0,No Deposit,189,0,0,Transient,107.98,0,0,Canceled,2016-06-15
City Hotel,0,85,2016,June,44,3,2,1,3,2,0,0,2,BB,NLD,Online TA,TA/TO,0,0,0,A,A,0,No Deposit,13,22,0,Transient,79.72,1,2,Check-Out,2016-06-15
City Hotel,0,142,2016,September,36,19,0,5,5,2,0,0,2,BB,NLD,Online TA,TA/TO,0,0,0,A,A,0,No Deposit,298,22,0,Transient,83.16,0,0,Check-Out,2016-06-15
City Hotel,0,9,2017,March,20,25,0,5,5,2,0,0,2,BB,PRT,Offline TA/TO,TA/TO,0,0,0,A,A,0,No Deposit,174,0,0,Transient,41.13,0,1,Check-Out,2016-06-15
City Hotel,1,67,2015,February,16,11,3,4,7,2,0,0,2,BB,NLD,Offline TA/TO,TA/TO,0,0,0,A,A,0,No Deposit,209,22,5,Transient,96.23,0,1,Canceled,2016-06-15
Resort Hotel,1,231,2015,April,28,9,0,3,3,2,0,0,2,BB,NLD,Online TA,TA/TO,0,0,0,D,D,0,No Deposit,298,22,0,Transient,138.4,0,2,Canceled,2016-06-15
City Hotel,1,209,2016,November,26,6,2,2,4,2,0,0,2,BB,GBR,Offline TA/TO,TA/TO,1,0,0,A,A,3,Non Refund,144,0,0,Transient,126.34,1,0,Canceled,2016-06-15
Resort Hotel,0,4,2017,September,22,26,1,2,3,1,1,0,2,BB,PRT,Online TA,TA/TO,0,0,0,A,F,0,No Deposit,360,22,0,Transient,134.52,0,1,Check-Out,2016-06-15
Resort Hotel,0,36,2017,January,11,4,1,5,6,2,0,0,2,BB,PRT,Direct,TA/TO,0,0,0,A,A,0,No Deposit,254,22,0,Transient,93.64,1,0,Check-Out,2016-06-15
City Hotel,0,58,2016,June,1,26,1,1,2,3,0,0,3,HB,PRT,Online TA,TA/TO,0,0,0,D,D,1,No Deposit,172,22,0,Transient,136.55,0,1,Check-Out,2016-06-15
City Hotel,0,18,2017,April,5,5,0,2,2,2,0,0,2,BB,PRT,Offline TA/TO,TA/TO,0,0,0,D,D,0,No Deposit,109,0,0,Transient,109.7,0,0,Check-Out,2016-06-15
